Player,Nation,Pos,Squad,Age,Born,90s,Goals,Shots,SoT,SoT%,Shots/90,SoT/90,Goals/Shots,Goals/SoT,AvgDist,FK,PK,PKatt,xG,npxG,npxG/Sh,G-xG,np:G-xG
Tammy Abraham,ENG,FW,Milan,27-037,1997,1.2,0,0,0,,0.00,0.00,,,,0,0,0,0.0,0.0,,0.0,0.0
Francesco Acerbi,ITA,DF,Inter,36-272,1988,1.3,0,1,0,0.0,0.77,0.00,0.00,,9.8,0,0,0,0.0,0.0,0.02,0.0,0.0
Arijan Ademi,MKD,MF,Dinamo Zagreb,33-163,1991,1.8,0,4,0,0.0,2.25,0.00,0.00,,11.1,0,0,0,0.3,0.3,0.08,-0.3,-0.3
Karim Adeyemi,GER,FW,Dortmund,22-295,2002,1.5,3,7,5,71.4,4.74,3.38,0.43,0.60,19.1,0,0,0,0.4,0.4,0.05,+2.6,+2.6
Amine Adli,MAR,MF,Leverkusen,24-182,2000,1.3,0,2,2,100.0,1.53,1.53,0.00,0.00,16.3,0,0,0,0.2,0.2,0.09,-0.2,-0.2
Vasilije Adžić,MNE,FW,Juventus,18-180,2006,0.3,0,0,0,,0.00,0.00,,,,0,0,0,0.0,0.0,,0.0,0.0
Michel Aebischer,SUI,MF,Bologna,27-307,1997,0.3,0,0,0,,0.00,0.00,,,,0,0,0,0.0,0.0,,0.0,0.0
Emanuel Aiwum,AUT,DF,Sturm Graz,23-319,2000,4.0,0,1,0,0.0,0.25,0.00,0.00,,15.5,0,0,0,0.0,0.0,0.01,0.0,0.0
Ludovic Ajorque,FRA,FW,Brest,30-257,1994,3.7,0,8,3,37.5,2.14,0.80,0.00,0.00,15.8,0,0,0,0.5,0.5,0.07,-0.5,-0.5
Manuel Akanji,SUI,DF,Manchester City,29-112,1995,3.7,0,2,0,0.0,0.55,0.00,0.00,,10.5,0,0,0,0.1,0.1,0.06,-0.1,-0.1
Nathan Aké,NED,DF,Manchester City,29-264,1995,0.8,0,1,1,100.0,1.23,1.23,0.00,0.00,4.6,0,0,0,0.3,0.3,0.27,-0.3,-0.3
Maghnes Akliouche,FRA,"FW,MF",Monaco,22-257,2002,4.0,2,10,4,40.0,2.50,1.00,0.20,0.50,17.4,0,0,0,0.8,0.8,0.08,+1.2,+1.2
Kerem Aktürkoğlu,TUR,FW,Benfica,26-018,1998,3.4,3,8,5,62.5,2.36,1.48,0.38,0.60,15.0,0,0,0,2.6,2.6,0.32,+0.4,+0.4
Trent Alexander-Arnold,ENG,DF,Liverpool,26-032,1998,3.5,0,6,0,0.0,1.71,0.00,0.00,,26.5,2,0,0,0.3,0.3,0.05,-0.3,-0.3
Alisson,BRA,GK,Liverpool,32-037,1992,2.0,0,0,0,,0.00,0.00,,,,0,0,0,0.0,0.0,,0.0,0.0
Julián Álvarez,ARG,"FW,MF",Atlético Madrid,24-282,2000,3.1,1,4,2,50.0,1.30,0.65,0.25,0.50,10.1,0,0,0,0.6,0.6,0.15,+0.4,+0.4
Mohamed Aly Camara,GUI,DF,Young Boys,27-072,1997,2.0,0,0,0,,0.00,0.00,,,,0,0,0,0.0,0.0,,0.0,0.0
Jordan Amavi,FRA,DF,Brest,30-244,1994,0.9,0,0,0,,0.00,0.00,,,,0,0,0,0.0,0.0,,0.0,0.0
Zeki Amdouni,SUI,FW,Benfica,23-340,2000,1.2,0,6,1,16.7,5.14,0.86,0.00,0.00,16.5,0,0,0,0.4,0.4,0.06,-0.4,-0.4
Benjamin André,FRA,MF,Lille,34-097,1990,4.0,0,2,1,50.0,0.50,0.25,0.00,0.00,15.7,0,0,0,0.1,0.1,0.06,-0.1,-0.1
Robert Andrich,GER,MF,Leverkusen,30-047,1994,1.4,0,1,1,100.0,0.73,0.73,0.00,0.00,21.2,0,0,0,0.1,0.1,0.07,-0.1,-0.1
Waldemar Anton,GER,DF,Dortmund,28-111,1996,1.8,0,0,0,,0.00,0.00,,,,0,0,0,0.0,0.0,,0.0,0.0
Maximiliano Araújo,URU,"DF,MF",Sporting CP,24-267,2000,1.9,1,1,1,100.0,0.52,0.52,1.00,1.00,12.0,0,0,0,0.4,0.4,0.37,+0.6,+0.6
Tomás Araújo,POR,DF,Benfica,22-176,2002,3.0,0,0,0,,0.00,0.00,,,,0,0,0,0.0,0.0,,0.0,0.0
Marko Arnautović,AUT,FW,Inter,35-203,1989,1.4,1,2,2,100.0,1.46,1.46,0.50,0.50,16.8,0,0,1,1.3,0.6,0.28,-0.3,+0.4
Marco Asensio,ESP,FW,Paris S-G,28-292,1996,1.4,0,4,0,0.0,2.83,0.00,0.00,,15.7,1,0,0,0.2,0.2,0.04,-0.2,-0.2
Kristjan Asllani,ALB,MF,Inter,22-244,2002,0.5,0,1,0,0.0,2.20,0.00,0.00,,34.7,0,0,0,0.0,0.0,0.02,0.0,0.0
Yaser Asprilla,COL,"FW,MF",Girona,20-355,2003,0.5,0,1,0,0.0,2.20,0.00,0.00,,23.6,0,0,0,0.0,0.0,0.01,0.0,0.0
Zachary Athekame,SUI,DF,Young Boys,19-331,2004,2.4,0,2,0,0.0,0.83,0.00,0.00,,20.7,0,0,0,0.1,0.1,0.06,-0.1,-0.1
Carlos Augusto,BRA,DF,Inter,25-306,1999,2.6,0,2,2,100.0,0.77,0.77,0.00,0.00,9.0,0,0,0,0.5,0.5,0.24,-0.5,-0.5
Yann Aurel Bisseck,GER,DF,Inter,23-345,2000,3.0,0,2,1,50.0,0.66,0.33,0.00,0.00,11.5,0,0,0,0.6,0.6,0.28,-0.6,-0.6
Fredrik Aursnes,NOR,MF,Benfica,28-334,1995,3.4,0,2,1,50.0,0.59,0.30,0.00,0.00,28.3,0,0,0,0.0,0.0,0.01,0.0,0.0
Ayman Azhil,MAR,MF,Dortmund,23-212,2001,0.0,0,0,0,,0.00,0.00,,,,0,0,0,0.0,0.0,,0.0,0.0
Isaac Babadi,NED,"FW,MF",PSV Eindhoven,19-216,2005,0.2,0,0,0,,0.00,0.00,,,,0,0,0,0.0,0.0,,0.0,0.0
Alexander Bah,DEN,DF,Benfica,26-335,1997,2.3,1,3,1,33.3,1.30,0.43,0.33,1.00,12.6,0,0,0,0.7,0.7,0.24,+0.3,+0.3
Samson Baidoo,AUT,DF,RB Salzburg,20-222,2004,2.8,0,1,0,0.0,0.35,0.00,0.00,,9.0,0,0,0,0.1,0.1,0.09,-0.1,-0.1
Leon Bailey,JAM,FW,Aston Villa,27-091,1997,2.1,0,1,0,0.0,0.48,0.00,0.00,,10.8,0,0,0,0.1,0.1,0.07,-0.1,-0.1
Stefan Bajcetic,ESP,MF,RB Salzburg,20-017,2004,1.4,0,1,0,0.0,0.70,0.00,0.00,,28.9,0,0,0,0.0,0.0,0.02,0.0,0.0
Kenan Bajrić,SVN,DF,Slovan Bratislava,29-324,1994,4.0,0,0,0,,0.00,0.00,,,,0,0,0,0.0,0.0,,0.0,0.0
Johan Bakayoko,BEL,FW,PSV Eindhoven,21-202,2003,3.9,1,13,5,38.5,3.33,1.28,0.08,0.20,19.2,0,0,0,1.0,1.0,0.07,0.0,0.0
Mitchel Bakker,NED,"DF,FW",Lille,24-141,2000,2.0,0,0,0,,0.00,0.00,,,,0,0,0,0.0,0.0,,0.0,0.0
Alejandro Balde,ESP,DF,Barcelona,21-021,2003,3.0,0,2,0,0.0,0.67,0.00,0.00,,15.5,0,0,0,0.2,0.2,0.09,-0.2,-0.2
David von Ballmoos,SUI,GK,Young Boys,29-314,1994,2.0,0,0,0,,0.00,0.00,,,,0,0,0,0.0,0.0,,0.0,0.0
Folarin Balogun,USA,FW,Monaco,23-128,2001,0.7,0,3,2,66.7,4.09,2.73,0.00,0.00,15.4,0,0,0,0.2,0.2,0.05,-0.2,-0.2
Bradley Barcola,FRA,FW,Paris S-G,22-067,2002,3.6,0,6,4,66.7,1.68,1.12,0.00,0.00,14.1,0,0,0,0.6,0.6,0.10,-0.6,-0.6
Nicolò Barella,ITA,MF,Inter,27-275,1997,2.3,0,2,0,0.0,0.86,0.00,0.00,,21.9,0,0,0,0.0,0.0,0.02,0.0,0.0
Ross Barkley,ENG,MF,Aston Villa,30-339,1993,0.9,0,0,0,,0.00,0.00,,,,0,0,0,0.0,0.0,,0.0,0.0
Leandro Barreiro Martins,LUX,MF,Benfica,24-310,2000,0.1,0,0,0,,0.00,0.00,,,,0,0,0,0.0,0.0,,0.0,0.0
Pablo Barrios,ESP,MF,Atlético Madrid,21-146,2003,1.0,0,0,0,,0.00,0.00,,,,0,0,0,0.0,0.0,,0.0,0.0
Tigran Barseghyan,ARM,"FW,MF",Slovan Bratislava,31-047,1993,3.7,0,6,1,16.7,1.61,0.27,0.00,0.00,28.4,0,0,0,0.1,0.1,0.02,-0.1,-0.1
Alessandro Bastoni,ITA,DF,Inter,25-209,1999,2.0,0,1,0,0.0,0.51,0.00,0.00,,30.5,0,0,0,0.0,0.0,0.03,0.0,0.0
Martin Baturina,CRO,"MF,FW",Dinamo Zagreb,21-266,2003,3.3,1,3,1,33.3,0.90,0.30,0.33,1.00,25.2,2,0,0,0.2,0.2,0.07,+0.8,+0.8
Christoph Baumgartner,AUT,"MF,FW",RB Leipzig,25-099,1999,2.0,1,4,2,50.0,1.98,0.99,0.25,0.50,15.9,0,0,0,0.7,0.7,0.17,+0.3,+0.3
Donny van de Beek,NED,"MF,FW",Girona,27-204,1997,3.1,1,3,1,33.3,0.97,0.32,0.33,1.00,10.1,0,0,0,0.6,0.6,0.20,+0.4,+0.4
Thomas Beelen,NED,DF,Feyenoord,23-150,2001,2.6,0,0,0,,0.00,0.00,,,,0,0,0,0.0,0.0,,0.0,0.0
Maximilian Beier,GER,"FW,MF",Dortmund,22-022,2002,1.5,0,3,2,66.7,2.03,1.35,0.00,0.00,9.3,0,0,0,0.5,0.5,0.18,-0.5,-0.5
Raoul Bellanova,ITA,DF,Atalanta,24-175,2000,2.6,1,1,1,100.0,0.38,0.38,1.00,1.00,4.0,0,0,0,0.4,0.4,0.36,+0.6,+0.6
Jude Bellingham,ENG,MF,Real Madrid,21-132,2003,3.7,0,7,2,28.6,1.90,0.54,0.00,0.00,11.5,0,0,0,1.5,1.5,0.21,-1.5,-1.5
Jeanuël Belocian,FRA,DF,Leverkusen,19-265,2005,0.1,0,0,0,,0.00,0.00,,,,0,0,0,0.0,0.0,,0.0,0.0
Eliesse Ben Seghir,MAR,"FW,MF",Monaco,19-266,2005,2.3,0,4,1,25.0,1.77,0.44,0.00,0.00,19.6,0,0,0,0.3,0.3,0.06,-0.3,-0.3
Walter Benítez,ARG,GK,PSV Eindhoven,31-294,1993,3.0,0,0,0,,0.00,0.00,,,,0,0,0,0.0,0.0,,0.0,0.0
Loris Benito,SUI,DF,Young Boys,32-306,1992,1.4,0,0,0,,0.00,0.00,,,,0,0,0,0.0,0.0,,0.0,0.0
Ramy Bensebaini,ALG,DF,Dortmund,29-206,1995,3.0,0,2,0,0.0,0.67,0.00,0.00,,10.2,0,0,0,0.1,0.1,0.06,-0.1,-0.1
Lucas Beraldo,BRA,DF,Paris S-G,20-350,2003,0.0,0,0,0,,0.00,0.00,,,,0,0,0,0.0,0.0,,0.0,0.0
Paulo Bernardo,POR,MF,Celtic,22-289,2002,1.2,0,0,0,,0.00,0.00,,,,0,0,0,0.0,0.0,,0.0,0.0
Maxime Bernauer,FRA,DF,Dinamo Zagreb,26-130,1998,2.2,0,0,0,,0.00,0.00,,,,0,0,0,0.0,0.0,,0.0,0.0
Jan-Niklas Beste,GER,"FW,DF",Benfica,25-309,1999,1.0,0,2,2,100.0,1.91,1.91,0.00,0.00,18.3,0,0,0,0.1,0.1,0.05,-0.1,-0.1
Sam Beukema,NED,DF,Bologna,25-357,1998,3.7,0,2,1,50.0,0.54,0.27,0.00,0.00,6.3,0,0,0,0.1,0.1,0.07,-0.1,-0.1
Mads Bidstrup,DEN,MF,RB Salzburg,23-257,2001,1.3,0,2,2,100.0,1.55,1.55,0.00,0.00,11.5,0,0,0,0.6,0.6,0.29,-0.6,-0.6
Mika Biereth,DEN,FW,Sturm Graz,21-274,2003,3.4,0,4,0,0.0,1.18,0.00,0.00,,10.2,0,0,0,0.6,0.6,0.16,-0.6,-0.6
El Bilal Touré,MLI,"FW,MF",Stuttgart,23-036,2001,1.5,1,4,1,25.0,2.59,0.65,0.25,1.00,16.0,0,0,0,0.8,0.8,0.20,+0.2,+0.2
Veljko Birmančević,SRB,FW,Sparta Prague,26-248,1998,2.8,0,8,3,37.5,2.85,1.07,0.00,0.00,12.3,0,0,0,1.0,1.0,0.12,-1.0,-1.0
Marco Bizot,NED,GK,Brest,33-243,1991,4.0,0,0,0,,0.00,0.00,,,,0,0,0,0.0,0.0,,0.0,0.0
César Blackman,PAN,DF,Slovan Bratislava,26-220,1998,4.0,0,1,0,0.0,0.25,0.00,0.00,,11.9,0,0,0,0.0,0.0,0.04,0.0,0.0
Hendry Blank,GER,DF,RB Salzburg,20-079,2004,1.2,0,0,0,,0.00,0.00,,,,0,0,0,0.0,0.0,,0.0,0.0
Janis Blaswich,GER,GK,RB Salzburg,33-190,1991,3.2,0,0,0,,0.00,0.00,,,,0,0,0,0.0,0.0,,0.0,0.0
Daley Blind,NED,DF,Girona,34-244,1990,1.0,0,0,0,,0.00,0.00,,,,0,0,0,0.0,0.0,,0.0,0.0
Lewin Blum,SUI,DF,Young Boys,23-119,2001,2.6,0,1,0,0.0,0.39,0.00,0.00,,21.1,0,0,0,0.0,0.0,0.03,0.0,0.0
Lamare Bogarde,NED,DF,Aston Villa,20-308,2004,0.5,0,0,0,,0.00,0.00,,,,0,0,0,0.0,0.0,,0.0,0.0
Valerii Bondar,UKR,DF,Shakhtar,25-255,1999,4.0,0,0,0,,0.00,0.00,,,,0,0,0,0.0,0.0,,0.0,0.0
Artem Bondarenko,UKR,MF,Shakhtar,24-079,2000,3.1,0,4,0,0.0,1.28,0.00,0.00,,21.1,0,0,0,0.2,0.2,0.06,-0.2,-0.2
Victor Boniface,NGA,FW,Leverkusen,23-321,2000,2.4,1,9,4,44.4,3.77,1.67,0.11,0.25,21.4,0,0,0,1.5,1.5,0.17,-0.5,-0.5
Olivier Boscagli,FRA,DF,PSV Eindhoven,26-356,1997,4.0,0,2,0,0.0,0.50,0.00,0.00,,23.8,0,0,0,0.1,0.1,0.03,-0.1,-0.1
Ayyoub Bouaddi,FRA,MF,Lille,17-037,2007,2.3,0,0,0,,0.00,0.00,,,,0,0,0,0.0,0.0,,0.0,0.0
Conor Bradley,NIR,DF,Liverpool,21-122,2003,0.2,0,0,0,,0.00,0.00,,,,0,0,0,0.0,0.0,,0.0,0.0
Daniel Bragança,POR,MF,Sporting CP,25-165,1999,1.9,1,5,2,40.0,2.66,1.07,0.20,0.50,12.4,0,0,0,1.1,1.1,0.22,-0.1,-0.1
Julian Brandt,GER,MF,Dortmund,28-190,1996,3.7,0,6,1,16.7,1.64,0.27,0.00,0.00,20.3,0,0,0,0.3,0.3,0.05,-0.3,-0.3
Gleison Bremer,BRA,DF,Juventus,27-235,1997,1.1,0,0,0,,0.00,0.00,,,,0,0,0,0.0,0.0,,0.0,0.0
Marco Brescianini,ITA,MF,Atalanta,24-293,2000,0.1,0,0,0,,0.00,0.00,,,,0,0,0,0.0,0.0,,0.0,0.0
Emi Buendía,ARG,MF,Aston Villa,27-319,1996,0.2,0,0,0,,0.00,0.00,,,,0,0,0,0.0,0.0,,0.0,0.0
Hugo Bueno,ESP,"DF,MF",Feyenoord,22-051,2002,2.7,0,0,0,,0.00,0.00,,,,0,0,0,0.0,0.0,,0.0,0.0
Rémy Cabella,FRA,MF,Lille,34-245,1990,1.2,0,3,1,33.3,2.55,0.85,0.00,0.00,18.6,0,0,0,0.4,0.4,0.13,-0.4,-0.4
Arthur Cabral,BRA,"FW,MF",Benfica,26-197,1998,0.3,0,0,0,,0.00,0.00,,,,0,0,0,0.0,0.0,,0.0,0.0
Davide Calabria,ITA,DF,Milan,27-338,1996,0.8,0,0,0,,0.00,0.00,,,,0,0,0,0.0,0.0,,0.0,0.0
Riccardo Calafiori,ITA,DF,Arsenal,22-173,2002,2.0,0,2,1,50.0,1.01,0.50,0.00,0.00,16.4,0,0,0,0.1,0.1,0.05,-0.1,-0.1
Hakan Çalhanoğlu,TUR,MF,Inter,30-274,1994,2.4,2,4,1,25.0,1.64,0.41,0.25,1.00,31.7,1,1,1,0.9,0.2,0.04,+1.1,+0.8
Amady Camara,MLI,FW,Sturm Graz,19-164,2005,0.8,0,2,1,50.0,2.57,1.29,0.00,0.00,25.7,0,0,0,0.1,0.1,0.04,-0.1,-0.1
Lamine Camara,SEN,MF,Monaco,20-312,2004,3.0,0,4,0,0.0,1.34,0.00,0.00,,29.0,1,0,0,0.2,0.2,0.04,-0.2,-0.2
Mahdi Camara,FRA,MF,Brest,26-131,1998,3.4,1,7,2,28.6,2.06,0.59,0.14,0.50,18.3,0,0,0,0.9,0.9,0.13,+0.1,+0.1
Francesco Camarda,ITA,FW,Milan,16-243,2008,0.2,0,0,0,,0.00,0.00,,,,0,0,0,0.0,0.0,,0.0,0.0
Eduardo Camavinga,FRA,MF,Real Madrid,21-364,2002,1.5,0,0,0,,0.00,0.00,,,,0,0,0,0.0,0.0,,0.0,0.0
Andrea Cambiaso,ITA,DF,Juventus,24-262,2000,3.4,0,1,0,0.0,0.29,0.00,0.00,,28.4,0,0,0,0.0,0.0,0.02,0.0,0.0
Cole Campbell,ISL,FW,Dortmund,18-262,2006,0.2,0,0,0,,0.00,0.00,,,,0,0,0,0.0,0.0,,0.0,0.0
Emre Can,GER,"MF,DF",Dortmund,30-301,1994,3.2,1,0,0,,0.00,0.00,,,,0,1,1,0.8,0.0,,+0.2,0.0
Nicolás Capaldo,ARG,"MF,DF",RB Salzburg,27-055,1997,2.7,0,2,0,0.0,0.74,0.00,0.00,,19.8,0,0,0,0.0,0.0,0.02,0.0,0.0
Diego Carlos,BRA,DF,Aston Villa,31-238,1993,3.4,0,0,0,,0.00,0.00,,,,0,0,0,0.0,0.0,,0.0,0.0
Marco Carnesecchi,ITA,GK,Atalanta,24-130,2000,4.0,0,0,0,,0.00,0.00,,,,0,0,0,0.0,0.0,,0.0,0.0
Julián Carranza,ARG,FW,Feyenoord,24-170,2000,0.4,0,0,0,,0.00,0.00,,,,0,0,0,0.0,0.0,,0.0,0.0
Álvaro Carreras,ESP,DF,Benfica,21-230,2003,4.0,0,1,1,100.0,0.25,0.25,0.00,0.00,22.9,0,0,0,0.0,0.0,0.02,0.0,0.0
Cameron Carter-Vickers,USA,DF,Celtic,26-313,1997,1.7,0,0,0,,0.00,0.00,,,,0,0,0,0.0,0.0,,0.0,0.0
Dani Carvajal,ESP,DF,Real Madrid,32-302,1992,2.0,0,1,0,0.0,0.50,0.00,0.00,,10.8,0,0,0,0.0,0.0,0.04,0.0,0.0
Marc Casado,ESP,MF,Barcelona,21-055,2003,4.0,0,0,0,,0.00,0.00,,,,0,0,0,0.0,0.0,,0.0,0.0
Nicolò Casale,ITA,DF,Bologna,26-268,1998,0.3,0,0,0,,0.00,0.00,,,,0,0,0,0.0,0.0,,0.0,0.0
Santiago Castro,ARG,FW,Bologna,20-040,2004,1.9,0,4,1,25.0,2.14,0.54,0.00,0.00,19.2,0,0,0,0.2,0.2,0.05,-0.2,-0.2
Geny Catamo,MOZ,"DF,MF",Sporting CP,23-287,2001,2.7,0,2,0,0.0,0.73,0.00,0.00,,16.5,0,0,0,0.2,0.2,0.10,-0.2,-0.2
Dani Ceballos,ESP,MF,Real Madrid,28-093,1996,0.3,0,0,0,,0.00,0.00,,,,0,0,0,0.0,0.0,,0.0,0.0
Julian Chabot,GER,DF,Stuttgart,26-270,1998,3.2,0,3,0,0.0,0.94,0.00,0.00,,16.1,0,0,0,0.2,0.2,0.05,-0.2,-0.2
El Chadaille Bitshiabu,FRA,DF,RB Leipzig,19-176,2005,1.2,0,0,0,,0.00,0.00,,,,0,0,0,0.0,0.0,,0.0,0.0
Brendan Chardonnet,FRA,DF,Brest,29-322,1994,3.0,0,1,0,0.0,0.33,0.00,0.00,,12.1,0,0,0,0.0,0.0,0.03,0.0,0.0
Anrie Chase,JPN,DF,Stuttgart,20-229,2004,1.5,0,1,0,0.0,0.65,0.00,0.00,,8.9,0,0,0,0.1,0.1,0.07,-0.1,-0.1
Lucas Chevalier,FRA,GK,Lille,23-002,2001,4.0,0,0,0,,0.00,0.00,,,,0,0,0,0.0,0.0,,0.0,0.0
Federico Chiesa,ITA,FW,Liverpool,27-014,1997,0.0,0,0,0,,0.00,0.00,,,,0,0,0,0.0,0.0,,0.0,0.0
Tochi Chukwuani,DEN,MF,Sturm Graz,21-229,2003,2.9,0,1,0,0.0,0.34,0.00,0.00,,8.3,0,0,0,0.1,0.1,0.10,-0.1,-0.1
Samuel Chukwueze,NGA,FW,Milan,25-170,1999,0.5,0,3,0,0.0,6.28,0.00,0.00,,24.2,0,0,0,0.1,0.1,0.03,-0.1,-0.1
Bobby Clark,ENG,MF,RB Salzburg,19-275,2005,2.4,0,2,1,50.0,0.84,0.42,0.00,0.00,15.1,1,0,0,0.3,0.3,0.14,-0.3,-0.3
Silvi Clúa,ESP,MF,Girona,19-284,2005,0.9,0,0,0,,0.00,0.00,,,,0,0,0,0.0,0.0,,0.0,0.0
Elias Cobbaut,BEL,DF,Sparta Prague,26-350,1997,1.0,0,0,0,,0.00,0.00,,,,0,0,0,0.0,0.0,,0.0,0.0
Ebrima Colley,GAM,"MF,FW",Young Boys,24-281,2000,2.5,0,4,1,25.0,1.59,0.40,0.00,0.00,18.7,0,0,0,0.2,0.2,0.04,-0.2,-0.2
Kingsley Coman,FRA,FW,Bayern Munich,28-148,1996,1.1,0,3,1,33.3,2.84,0.95,0.00,0.00,22.1,0,0,0,0.2,0.2,0.05,-0.2,-0.2
Francisco Conceição,POR,FW,Juventus,21-330,2002,2.5,1,4,1,25.0,1.61,0.40,0.25,1.00,22.2,0,0,0,0.2,0.2,0.04,+0.8,+0.8
Abdu Conté,POR,DF,Young Boys,26-229,1998,0.3,0,0,0,,0.00,0.00,,,,0,0,0,0.0,0.0,,0.0,0.0
Ángel Correa,ARG,"MF,FW",Atlético Madrid,29-244,1995,2.3,1,8,1,12.5,3.51,0.44,0.13,1.00,22.2,0,0,0,0.5,0.5,0.06,+0.5,+0.5
Soumaïla Coulibaly,FRA,DF,Brest,21-025,2003,4.0,0,0,0,,0.00,0.00,,,,0,0,0,0.0,0.0,,0.0,0.0
Thibaut Courtois,BEL,GK,Real Madrid,32-181,1992,2.0,0,0,0,,0.00,0.00,,,,0,0,0,0.0,0.0,,0.0,0.0
Yan Couto,BRA,"DF,MF",Dortmund,22-158,2002,0.7,0,0,0,,0.00,0.00,,,,0,0,0,0.0,0.0,,0.0,0.0
Juan Cuadrado,COL,"DF,MF",Atalanta,36-166,1988,0.8,0,2,0,0.0,2.61,0.00,0.00,,25.5,0,0,0,0.1,0.1,0.03,-0.1,-0.1
Pau Cubarsí,ESP,DF,Barcelona,17-291,2007,3.3,0,1,0,0.0,0.30,0.00,0.00,,11.3,0,0,0,0.0,0.0,0.02,0.0,0.0
Andres Cuenca,ESP,DF,Barcelona,17-150,2007,0.1,0,0,0,,0.00,0.00,,,,0,0,0,0.0,0.0,,0.0,0.0
Adam Daghim,DEN,FW,RB Salzburg,19-041,2005,2.0,0,1,0,0.0,0.49,0.00,0.00,,10.4,0,0,0,0.1,0.1,0.13,-0.1,-0.1
Dálcio,GNB,MF,Red Star,28-170,1996,1.9,0,3,0,0.0,1.60,0.00,0.00,,28.7,0,0,0,0.1,0.1,0.02,-0.1,-0.1
Thijs Dallinga,NED,FW,Bologna,24-097,2000,2.1,0,3,2,66.7,1.41,0.94,0.00,0.00,15.3,0,0,0,0.5,0.5,0.16,-0.5,-0.5
Matteo Dams,BEL,DF,PSV Eindhoven,20-244,2004,3.6,0,0,0,,0.00,0.00,,,,0,0,0,0.0,0.0,,0.0,0.0
Kryštof Daněk,CZE,FW,Sparta Prague,21-308,2003,0.5,0,0,0,,0.00,0.00,,,,0,0,0,0.0,0.0,,0.0,0.0
Danilo,BRA,DF,Juventus,33-116,1991,1.3,0,0,0,,0.00,0.00,,,,0,0,0,0.0,0.0,,0.0,0.0
Arnaut Danjuma,NED,FW,Girona,27-282,1997,2.1,0,5,1,20.0,2.43,0.49,0.00,0.00,21.4,0,0,0,0.3,0.3,0.07,-0.3,-0.3
Matteo Darmian,ITA,DF,Inter,34-342,1989,1.8,0,1,0,0.0,0.55,0.00,0.00,,27.7,0,0,0,0.1,0.1,0.09,-0.1,-0.1
Juan David Cabal,COL,DF,Juventus,23-305,2001,1.7,0,0,0,,0.00,0.00,,,,0,0,0,0.0,0.0,,0.0,0.0
Jonathan David,CAN,FW,Lille,24-299,2000,3.0,4,6,4,66.7,2.01,1.34,0.33,0.50,16.1,0,2,2,2.6,1.1,0.18,+1.4,+0.9
Alphonso Davies,CAN,DF,Bayern Munich,24-006,2000,4.0,0,3,1,33.3,0.75,0.25,0.00,0.00,17.2,0,0,0,0.2,0.2,0.05,-0.2,-0.2
Kevin De Bruyne,BEL,MF,Manchester City,33-133,1991,0.6,0,3,0,0.0,5.19,0.00,0.00,,14.6,0,0,0,0.1,0.1,0.05,-0.1,-0.1
Maxim De Cuyper,BEL,DF,Club Brugge,23-322,2000,4.0,0,4,1,25.0,1.00,0.25,0.00,0.00,23.1,0,0,0,0.2,0.2,0.06,-0.2,-0.2
Charles De Ketelaere,BEL,"MF,FW",Atalanta,23-243,2001,2.2,0,5,3,60.0,2.30,1.38,0.00,0.00,13.5,0,0,0,0.7,0.7,0.13,-0.7,-0.7
Rodrigo De Paul,ARG,MF,Atlético Madrid,30-168,1994,2.8,0,0,0,,0.00,0.00,,,,0,0,0,0.0,0.0,,0.0,0.0
Zeno Debast,BEL,DF,Sporting CP,21-015,2003,3.8,1,1,1,100.0,0.27,0.27,1.00,1.00,29.6,0,0,0,0.0,0.0,0.02,+1.0,+1.0
Amar Dedić,BIH,DF,RB Salzburg,22-082,2002,3.0,0,9,3,33.3,3.00,1.00,0.00,0.00,21.9,0,0,0,0.4,0.4,0.05,-0.4,-0.4
Romain Del Castillo,FRA,FW,Brest,28-224,1996,1.8,0,1,0,0.0,0.55,0.00,0.00,,31.8,1,0,0,0.0,0.0,0.03,0.0,0.0
Ousmane Dembélé,FRA,FW,Paris S-G,27-177,1997,2.9,0,16,3,18.8,5.58,1.05,0.00,0.00,17.3,0,0,0,1.6,1.6,0.10,-1.6,-1.6
Ermedin Demirović,BIH,"FW,MF",Stuttgart,26-228,1998,1.9,0,7,3,42.9,3.62,1.55,0.00,0.00,13.9,0,0,0,0.6,0.6,0.09,-0.6,-0.6
Michele Di Gregorio,ITA,GK,Juventus,27-104,1997,2.6,0,0,0,,0.00,0.00,,,,0,0,0,0.0,0.0,,0.0,0.0
Ángel Di María,ARG,FW,Benfica,36-268,1988,2.8,1,6,2,33.3,2.11,0.70,0.00,0.00,23.6,1,1,1,1.2,0.4,0.07,-0.2,-0.4
Bafodé Diakité,FRA,DF,Lille,23-307,2001,3.5,0,0,0,,0.00,0.00,,,,0,0,0,0.0,0.0,,0.0,0.0
Mamady Diambou,MLI,"MF,DF",RB Salzburg,21-363,2002,2.3,0,0,0,,0.00,0.00,,,,0,0,0,0.0,0.0,,0.0,0.0
Rúben Dias,POR,DF,Manchester City,27-178,1997,1.5,0,0,0,,0.00,0.00,,,,0,0,0,0.0,0.0,,0.0,0.0
Krépin Diatta,SEN,DF,Monaco,25-257,1999,0.4,0,0,0,,0.00,0.00,,,,0,0,0,0.0,0.0,,0.0,0.0
Brahim Díaz,MAR,MF,Real Madrid,25-097,1999,0.5,0,3,1,33.3,6.00,2.00,0.00,0.00,19.8,0,0,0,0.4,0.4,0.14,-0.4,-0.4
Luis Díaz,COL,FW,Liverpool,27-300,1997,2.4,3,5,4,80.0,2.12,1.70,0.60,0.75,12.4,0,0,0,1.7,1.7,0.34,+1.3,+1.3
Eric Dier,ENG,DF,Bayern Munich,30-298,1994,0.2,0,1,0,0.0,4.09,0.00,0.00,,15.3,0,0,0,0.0,0.0,0.01,0.0,0.0
Lucas Digne,FRA,DF,Aston Villa,31-111,1993,2.0,0,0,0,,0.00,0.00,,,,0,0,0,0.0,0.0,,0.0,0.0
Federico Dimarco,ITA,"DF,MF",Inter,26-364,1997,0.5,0,2,0,0.0,3.67,0.00,0.00,,12.8,0,0,0,0.1,0.1,0.07,-0.1,-0.1
Ousmane Diomande,CIV,DF,Sporting CP,20-340,2003,2.3,0,1,0,0.0,0.43,0.00,0.00,,12.8,0,0,0,0.1,0.1,0.06,-0.1,-0.1
Nasser Djiga,BFA,DF,Red Star,21-359,2002,4.0,0,1,0,0.0,0.25,0.00,0.00,,13.9,0,0,0,0.0,0.0,0.04,0.0,0.0
Berat Djimsiti,ALB,DF,Atalanta,31-263,1993,3.5,1,2,2,100.0,0.57,0.57,0.50,0.50,6.4,0,0,0,1.1,1.1,0.54,-0.1,-0.1
Jeremy Doku,BEL,"FW,MF",Manchester City,22-165,2002,1.3,0,3,1,33.3,2.35,0.78,0.00,0.00,15.4,0,0,0,0.2,0.2,0.05,-0.2,-0.2
Sergi Dominguez,ESP,"DF,FW",Barcelona,19-221,2005,0.4,0,0,0,,0.00,0.00,,,,0,0,0,0.0,0.0,,0.0,0.0
Gianluigi Donnarumma,ITA,GK,Paris S-G,25-257,1999,3.0,0,0,0,,0.00,0.00,,,,0,0,0,0.0,0.0,,0.0,0.0
Nene Dorgeles,MLI,FW,RB Salzburg,21-321,2002,2.2,0,3,0,0.0,1.35,0.00,0.00,,19.3,0,0,0,0.1,0.1,0.02,-0.1,-0.1
Désiré Doué,FRA,FW,Paris S-G,19-158,2005,1.1,0,2,0,0.0,1.76,0.00,0.00,,20.1,0,0,0,0.1,0.1,0.04,-0.1,-0.1
Kamory Doumbia,MLI,MF,Brest,21-264,2003,1.4,0,5,3,60.0,3.69,2.21,0.00,0.00,10.6,0,0,0,1.5,1.5,0.30,-1.5,-1.5
Couhaib Driouech,MAR,FW,PSV Eindhoven,22-205,2002,0.6,0,1,0,0.0,1.67,0.00,0.00,,24.5,0,0,0,0.0,0.0,0.02,0.0,0.0
Vanja Drkušič,SVN,DF,Red Star,25-009,1999,1.0,0,0,0,,0.00,0.00,,,,0,0,0,0.0,0.0,,0.0,0.0
Joel Drommel,NED,GK,PSV Eindhoven,27-358,1996,1.0,0,0,0,,0.00,0.00,,,,0,0,0,0.0,0.0,,0.0,0.0
Bruno Duarte,BRA,FW,Red Star,28-229,1996,1.1,0,4,1,25.0,3.71,0.93,0.00,0.00,16.1,0,0,0,0.2,0.2,0.04,-0.2,-0.2
Denzel Dumfries,NED,DF,Inter,28-204,1996,3.2,0,4,1,25.0,1.26,0.31,0.00,0.00,10.7,0,0,0,0.5,0.2,0.05,-0.5,-0.2
Jhon Durán,COL,"FW,MF",Aston Villa,20-331,2003,1.7,2,9,3,33.3,5.44,1.81,0.22,0.67,18.3,0,0,0,0.5,0.5,0.06,+1.5,+1.5
Julien Duranville,BEL,FW,Dortmund,18-187,2006,0.5,0,2,2,100.0,4.19,4.19,0.00,0.00,15.7,0,0,0,0.2,0.2,0.12,-0.2,-0.2
Éderson,BRA,MF,Atalanta,25-124,1999,4.0,0,5,0,0.0,1.25,0.00,0.00,,22.3,0,0,0,0.3,0.3,0.05,-0.3,-0.3
Ederson,BRA,GK,Manchester City,31-083,1993,2.0,0,0,0,,0.00,0.00,,,,0,0,0,0.0,0.0,,0.0,0.0
Eguinaldo,BRA,FW,Shakhtar,20-091,2004,3.4,0,6,2,33.3,1.79,0.60,0.00,0.00,20.4,0,0,0,0.7,0.7,0.11,-0.7,-0.7
Meschak Elia,COD,"MF,FW",Young Boys,27-094,1997,1.0,0,0,0,,0.00,0.00,,,,0,0,0,0.0,0.0,,0.0,0.0
Elif Elmas,MKD,MF,RB Leipzig,25-045,1999,0.4,0,0,0,,0.00,0.00,,,,0,0,0,0.0,0.0,,0.0,0.0
Timi Elšnik,SVN,"MF,DF",Red Star,26-193,1998,4.0,0,2,0,0.0,0.50,0.00,0.00,,15.3,0,0,0,0.1,0.1,0.07,-0.1,-0.1
Breel Embolo,SUI,FW,Monaco,27-268,1997,3.0,1,8,5,62.5,2.68,1.67,0.13,0.20,9.4,0,0,0,1.3,1.3,0.16,-0.3,-0.3
Emerson,BRA,DF,Milan,25-299,1999,3.2,0,2,0,0.0,0.62,0.00,0.00,,14.4,0,0,0,0.1,0.1,0.06,-0.1,-0.1
Wataru Endo,JPN,MF,Liverpool,31-273,1993,0.0,0,0,0,,0.00,0.00,,,,0,0,0,0.0,0.0,,0.0,0.0
Endrick,BRA,FW,Real Madrid,18-110,2006,0.7,1,3,2,66.7,4.03,2.69,0.33,0.50,21.0,0,0,0,0.6,0.6,0.21,+0.4,+0.4
Arne Engels,BEL,MF,Celtic,21-061,2003,3.6,1,7,3,42.9,1.97,0.84,0.00,0.00,20.7,1,1,1,1.3,0.5,0.08,-0.3,-0.5
Luis Enrique Palma,HON,FW,Celtic,24-296,2000,0.2,0,0,0,,0.00,0.00,,,,0,0,0,0.0,0.0,,0.0,0.0
Ricardo Esgaio,POR,DF,Sporting CP,31-176,1993,0.6,0,0,0,,0.00,0.00,,,,0,0,0,0.0,0.0,,0.0,0.0
Giovanni Fabbian,ITA,MF,Bologna,21-299,2003,2.8,0,5,3,60.0,1.77,1.06,0.00,0.00,15.8,0,0,0,0.7,0.7,0.15,-0.7,-0.7
Nicolò Fagioli,ITA,"MF,FW",Juventus,23-270,2001,2.2,0,6,2,33.3,2.67,0.89,0.00,0.00,21.9,1,0,0,0.3,0.3,0.06,-0.3,-0.3
Romain Faivre,FRA,FW,Brest,26-117,1998,0.9,0,1,0,0.0,1.06,0.00,0.00,,10.1,0,0,0,0.1,0.1,0.06,-0.1,-0.1
Ansu Fati,ESP,"FW,MF",Barcelona,22-008,2002,0.4,0,0,0,,0.00,0.00,,,,0,0,0,0.0,0.0,,0.0,0.0
Lewis Ferguson,SCO,MF,Bologna,25-076,1999,0.1,0,0,0,,0.00,0.00,,,,0,0,0,0.0,0.0,,0.0,0.0
Edimilson Fernandes,SUI,MF,Brest,28-207,1996,2.5,1,4,2,50.0,1.63,0.81,0.25,0.50,25.0,0,0,0,0.2,0.2,0.04,+0.8,+0.8
Matias Fernandez-Pardo,BEL,"MF,FW",Lille,19-279,2005,1.3,0,1,0,0.0,0.76,0.00,0.00,,13.7,0,0,0,0.1,0.1,0.06,-0.1,-0.1
Ryan Flamingo,NED,DF,PSV Eindhoven,21-313,2002,4.0,1,2,1,50.0,0.50,0.25,0.50,1.00,10.6,0,0,0,0.1,0.1,0.03,+0.9,+0.9
Phil Foden,ENG,MF,Manchester City,24-164,2000,3.4,3,17,7,41.2,5.07,2.09,0.18,0.43,19.9,2,0,0,1.3,1.3,0.08,+1.7,+1.7
Youssouf Fofana,FRA,MF,Milan,25-303,1999,3.8,0,6,1,16.7,1.57,0.26,0.00,0.00,29.0,0,0,0,0.2,0.2,0.03,-0.2,-0.2
James Forrest,SCO,FW,Celtic,33-124,1991,0.3,0,1,0,0.0,3.00,0.00,0.00,,19.4,0,0,0,0.0,0.0,0.03,0.0,0.0
Héctor Fort,ESP,DF,Barcelona,18-098,2006,0.3,0,0,0,,0.00,0.00,,,,0,0,0,0.0,0.0,,0.0,0.0
Alejandro Francés,ESP,DF,Girona,22-099,2002,1.0,0,0,0,,0.00,0.00,,,,0,0,0,0.0,0.0,,0.0,0.0
Lassina Franck Traoré,BFA,FW,Shakhtar,23-301,2001,0.5,0,0,0,,0.00,0.00,,,,0,0,0,0.0,0.0,,0.0,0.0
Bartol Franjić,CRO,MF,Shakhtar,24-299,2000,0.0,0,0,0,,0.00,0.00,,,,0,0,0,0.0,0.0,,0.0,0.0
Davide Frattesi,ITA,MF,Inter,25-017,1999,2.1,0,1,0,0.0,0.48,0.00,0.00,,11.3,0,0,0,0.1,0.1,0.07,-0.1,-0.1
Remo Freuler,SUI,MF,Bologna,32-207,1992,3.9,0,0,0,,0.00,0.00,,,,0,0,0,0.0,0.0,,0.0,0.0
Jeremie Frimpong,NED,DF,Leverkusen,23-334,2000,3.3,0,6,1,16.7,1.81,0.30,0.00,0.00,17.2,0,0,0,0.5,0.5,0.08,-0.5,-0.5
Chris Führich,GER,FW,Stuttgart,26-304,1998,1.8,0,1,0,0.0,0.55,0.00,0.00,,17.6,0,0,0,0.0,0.0,0.04,0.0,0.0
Kyogo Furuhashi,JPN,FW,Celtic,29-293,1995,2.7,1,7,3,42.9,2.60,1.12,0.14,0.33,12.4,0,0,0,1.9,1.9,0.27,-0.9,-0.9
Matteo Gabbia,ITA,DF,Milan,25-018,1999,2.0,0,3,0,0.0,1.51,0.00,0.00,,8.6,0,0,0,0.4,0.4,0.13,-0.4,-0.4
Artur Gajdoš,SVK,MF,Slovan Bratislava,20-293,2004,0.2,0,1,1,100.0,5.29,5.29,0.00,0.00,17.0,0,0,0,0.1,0.1,0.06,-0.1,-0.1
Cody Gakpo,NED,FW,Liverpool,25-185,1999,2.8,1,11,6,54.5,3.87,2.11,0.09,0.17,18.3,0,0,0,1.6,1.6,0.15,-0.6,-0.6
Javi Galán,ESP,DF,Atlético Madrid,29-355,1994,1.5,0,0,0,,0.00,0.00,,,,0,0,0,0.0,0.0,,0.0,0.0
Conor Gallagher,ENG,MF,Atlético Madrid,24-276,2000,2.5,0,0,0,,0.00,0.00,,,,0,0,0,0.0,0.0,,0.0,0.0
Silvère Ganvoula M'Boussy,CGO,FW,Young Boys,28-139,1996,3.1,0,9,4,44.4,2.95,1.31,0.00,0.00,13.0,0,0,0,1.4,1.4,0.15,-1.4,-1.4
Aleix García,ESP,MF,Leverkusen,27-133,1997,2.8,0,3,0,0.0,1.06,0.00,0.00,,13.0,0,0,0,0.2,0.2,0.07,-0.2,-0.2
Eric García,ESP,MF,Barcelona,23-304,2001,0.1,0,0,0,,0.00,0.00,,,,0,0,0,0.0,0.0,,0.0,0.0
Fran Garcia,ESP,DF,Real Madrid,25-086,1999,0.9,0,0,0,,0.00,0.00,,,,0,0,0,0.0,0.0,,0.0,0.0
Jastin García,ESP,DF,Girona,20-298,2004,0.1,0,0,0,,0.00,0.00,,,,0,0,0,0.0,0.0,,0.0,0.0
Federico Gatti,ITA,DF,Juventus,26-137,1998,2.6,0,1,0,0.0,0.39,0.00,0.00,,11.2,0,0,0,0.0,0.0,0.04,0.0,0.0
Gavi,ESP,MF,Barcelona,20-095,2004,0.3,0,1,0,0.0,3.10,0.00,0.00,,10.2,0,0,0,0.0,0.0,0.02,0.0,0.0
Jusuf Gazibegović,BIH,DF,Sturm Graz,24-242,2000,4.0,0,5,3,60.0,1.25,0.75,0.00,0.00,25.6,1,0,0,0.1,0.1,0.03,-0.1,-0.1
Paulo Gazzaniga,ARG,GK,Girona,32-311,1992,4.0,0,0,0,,0.00,0.00,,,,0,0,0,0.0,0.0,,0.0,0.0
Lutsharel Geertruida,NED,DF,RB Leipzig,24-113,2000,3.0,0,0,0,,0.00,0.00,,,,0,0,0,0.0,0.0,,0.0,0.0
Niklas Geyrhofer,AUT,DF,Sturm Graz,24-271,2000,2.0,0,2,0,0.0,1.01,0.00,0.00,,17.3,0,0,0,0.1,0.1,0.04,-0.1,-0.1
Alaa Ghram,TUN,DF,Shakhtar,23-107,2001,0.5,0,0,0,,0.00,0.00,,,,0,0,0,0.0,0.0,,0.0,0.0
Bryan Gil,ESP,"FW,MF",Girona,23-271,2001,2.4,0,2,0,0.0,0.83,0.00,0.00,,16.7,0,0,0,0.1,0.1,0.03,-0.1,-0.1
Santiago Giménez,MEX,FW,Feyenoord,23-204,2001,1.0,0,0,0,,0.00,0.00,,,,0,0,0,0.0,0.0,,0.0,0.0
Jamie Gittens,ENG,FW,Dortmund,20-092,2004,2.7,3,9,4,44.4,3.33,1.48,0.33,0.75,16.9,0,0,0,1.1,1.1,0.12,+1.9,+1.9
Omri Glazer,ISR,GK,Red Star,28-242,1996,2.0,0,0,0,,0.00,0.00,,,,0,0,0,0.0,0.0,,0.0,0.0
Oscar Gloukh,ISR,"FW,MF",RB Salzburg,20-221,2004,3.8,0,6,2,33.3,1.60,0.53,0.00,0.00,17.8,0,0,0,0.5,0.5,0.09,-0.5,-0.5
Serge Gnabry,GER,FW,Bayern Munich,29-117,1995,3.4,0,7,6,85.7,2.03,1.74,0.00,0.00,16.0,0,0,0,0.8,0.8,0.12,-0.8,-0.8
Ben Godfrey,ENG,DF,Atalanta,26-298,1998,0.1,0,0,0,,0.00,0.00,,,,0,0,0,0.0,0.0,,0.0,0.0
Aleksandr Golovin,RUS,"FW,MF",Monaco,28-162,1996,2.5,0,4,1,25.0,1.60,0.40,0.00,0.00,22.5,1,0,0,0.1,0.1,0.04,-0.1,-0.1
Angel Gomes,ENG,MF,Lille,24-069,2000,1.1,0,0,0,,0.00,0.00,,,,0,0,0,0.0,0.0,,0.0,0.0
Marlon Gomes,BRA,"MF,FW",Shakhtar,20-330,2003,1.0,0,1,0,0.0,1.00,0.00,0.00,,6.3,0,0,0,0.3,0.3,0.26,-0.3,-0.3
Joe Gomez,ENG,DF,Liverpool,27-169,1997,0.3,0,0,0,,0.00,0.00,,,,0,0,0,0.0,0.0,,0.0,0.0
Pedro Gonçalves,POR,MF,Sporting CP,26-133,1998,2.2,0,4,2,50.0,1.79,0.90,0.00,0.00,15.9,0,0,0,0.7,0.7,0.17,-0.7,-0.7
Facundo González,URU,DF,Feyenoord,21-155,2003,0.1,0,0,0,,0.00,0.00,,,,0,0,0,0.0,0.0,,0.0,0.0
Nicolás González,ARG,FW,Juventus,26-216,1998,0.9,1,2,1,50.0,2.28,1.14,0.50,1.00,7.7,0,0,0,0.7,0.7,0.37,+0.3,+0.3
Jon Gorenc Stanković,SVN,MF,Sturm Graz,28-299,1996,1.0,0,0,0,,0.00,0.00,,,,0,0,0,0.0,0.0,,0.0,0.0
Leon Goretzka,GER,"MF,DF",Bayern Munich,29-276,1995,0.5,1,1,1,100.0,1.96,1.96,1.00,1.00,11.4,0,0,0,0.1,0.1,0.05,+0.9,+0.9
Lucas Gourna-Douath,FRA,MF,RB Salzburg,21-095,2003,2.0,0,0,0,,0.00,0.00,,,,0,0,0,0.0,0.0,,0.0,0.0
Ryan Gravenberch,NED,MF,Liverpool,22-176,2002,4.0,0,1,0,0.0,0.25,0.00,0.00,,28.1,0,0,0,0.0,0.0,0.03,0.0,0.0
Jack Grealish,ENG,"FW,MF",Manchester City,29-059,1995,1.1,0,3,0,0.0,2.62,0.00,0.00,,14.2,0,0,0,0.2,0.2,0.07,-0.2,-0.2
Antoine Griezmann,FRA,"FW,MF",Atlético Madrid,33-232,1991,3.5,1,8,1,12.5,2.29,0.29,0.13,1.00,16.5,0,0,0,1.5,1.5,0.18,-0.5,-0.5
Álex Grimaldo,ESP,DF,Leverkusen,29-049,1995,3.7,1,5,2,40.0,1.34,0.53,0.20,0.50,25.9,0,0,0,0.7,0.7,0.15,+0.3,+0.3
Pascal Groß,GER,"MF,DF",Dortmund,33-146,1991,2.7,0,1,1,100.0,0.37,0.37,0.00,0.00,20.3,0,0,0,0.1,0.1,0.07,-0.1,-0.1
Gabriel Gudmundsson,SWE,DF,Lille,25-193,1999,3.0,0,1,0,0.0,0.33,0.00,0.00,,12.0,0,0,0,0.1,0.1,0.10,-0.1,-0.1
Raphaël Guerreiro,POR,DF,Bayern Munich,30-322,1993,1.8,1,3,1,33.3,1.65,0.55,0.33,1.00,19.0,0,0,0,0.2,0.2,0.08,+0.8,+0.8
Daouda Guindo,MLI,"FW,DF",RB Salzburg,22-025,2002,0.2,1,1,1,100.0,4.74,4.74,1.00,1.00,19.7,0,0,0,0.0,0.0,0.03,+1.0,+1.0
Serhou Guirassy,GUI,FW,Dortmund,28-241,1996,3.1,3,8,6,75.0,2.56,1.92,0.13,0.17,15.6,0,2,2,2.3,0.7,0.08,+0.7,+0.3
Péter Gulácsi,HUN,GK,RB Leipzig,34-186,1990,4.0,0,0,0,,0.00,0.00,,,,0,0,0,0.0,0.0,,0.0,0.0
Arda Güler,TUR,"MF,FW",Real Madrid,19-257,2005,0.5,0,2,1,50.0,4.39,2.20,0.00,0.00,17.1,0,0,0,0.3,0.3,0.16,-0.3,-0.3
İlkay Gündoğan,GER,MF,Manchester City,34-015,1990,2.4,1,8,3,37.5,3.32,1.24,0.13,0.33,15.7,0,0,0,1.1,1.1,0.14,-0.1,-0.1
Miguel Gutiérrez,ESP,"DF,MF",Girona,23-104,2001,4.0,1,6,2,33.3,1.50,0.50,0.17,0.50,20.7,0,0,0,0.5,0.5,0.08,+0.5,+0.5
Joško Gvardiol,CRO,DF,Manchester City,22-290,2002,3.0,0,2,1,50.0,0.66,0.33,0.00,0.00,14.7,0,0,0,0.1,0.1,0.05,-0.1,-0.1
Viktor Gyökeres,SWE,FW,Sporting CP,26-157,1998,4.0,5,13,6,46.2,3.25,1.50,0.23,0.50,14.5,0,2,2,3.8,2.3,0.18,+1.2,+0.7
Erling Haaland,NOR,FW,Manchester City,24-110,2000,3.5,3,21,10,47.6,5.92,2.82,0.14,0.30,11.7,0,0,1,4.7,4.0,0.19,-1.7,-1.0
Anis Hadj Moussa,ALG,"DF,FW",Feyenoord,22-271,2002,1.0,1,2,2,100.0,1.98,1.98,0.50,0.50,17.9,0,0,0,0.1,0.1,0.06,+0.9,+0.9
Jaouen Hadjam,ALG,DF,Young Boys,21-227,2003,2.7,0,3,0,0.0,1.12,0.00,0.00,,13.7,0,0,0,0.2,0.2,0.06,-0.2,-0.2
Amadou Haidara,MLI,MF,RB Leipzig,26-282,1998,3.6,0,4,2,50.0,1.11,0.56,0.00,0.00,25.4,0,0,0,0.1,0.1,0.03,-0.1,-0.1
Massadio Haïdara,MLI,DF,Brest,31-342,1992,3.1,0,1,0,0.0,0.32,0.00,0.00,,15.5,0,0,0,0.0,0.0,0.05,0.0,0.0
Achraf Hakimi,MAR,DF,Paris S-G,26-004,1998,4.0,1,17,6,35.3,4.25,1.50,0.06,0.17,18.6,1,0,0,1.4,1.4,0.08,-0.4,-0.4
Dávid Hancko,SVK,DF,Feyenoord,26-331,1997,4.0,0,7,0,0.0,1.75,0.00,0.00,,23.5,2,0,0,0.5,0.5,0.07,-0.5,-0.5
Lukáš Haraslín,SVK,FW,Sparta Prague,28-166,1996,2.2,0,6,2,33.3,2.76,0.92,0.00,0.00,22.5,0,0,0,0.3,0.3,0.05,-0.3,-0.3
Conrad Harder,DEN,"MF,FW",Sporting CP,19-215,2005,0.2,0,2,2,100.0,10.59,10.59,0.00,0.00,16.8,0,0,0,0.1,0.1,0.06,-0.1,-0.1
Reo Hatate,JPN,MF,Celtic,26-353,1997,3.1,1,8,2,25.0,2.59,0.65,0.13,0.50,17.9,0,0,0,0.6,0.6,0.08,+0.4,+0.4
Kai Havertz,GER,"FW,MF",Arsenal,25-150,1999,4.0,1,7,3,42.9,1.75,0.75,0.14,0.33,13.1,0,0,0,0.7,0.7,0.10,+0.3,+0.3
Benjamin Henrichs,GER,"DF,MF",RB Leipzig,27-259,1997,3.3,0,3,2,66.7,0.92,0.61,0.00,0.00,26.8,1,0,0,0.1,0.1,0.05,-0.1,-0.1
Theo Hernández,FRA,"DF,MF",Milan,27-033,1997,4.0,0,10,1,10.0,2.50,0.25,0.00,0.00,24.1,0,0,0,0.5,0.5,0.05,-0.5,-0.5
Yangel Herrera,VEN,MF,Girona,26-299,1998,2.6,0,5,1,20.0,1.95,0.39,0.00,0.00,24.3,0,0,0,0.1,0.1,0.02,-0.1,-0.1
Isak Hien,SWE,DF,Atalanta,25-300,1999,3.0,0,4,0,0.0,1.33,0.00,0.00,,8.7,0,0,0,0.5,0.5,0.11,-0.5,-0.5
Stefan Hierländer,AUT,MF,Sturm Graz,33-279,1991,0.1,0,1,0,0.0,9.00,0.00,0.00,,9.8,0,0,0,0.0,0.0,0.03,0.0,0.0
Piero Hincapié,ECU,DF,Leverkusen,22-304,2002,4.0,0,1,1,100.0,0.25,0.25,0.00,0.00,11.2,0,0,0,0.0,0.0,0.04,0.0,0.0
Morten Hjulmand,DEN,MF,Sporting CP,25-136,1999,4.0,0,2,0,0.0,0.50,0.00,0.00,,27.9,0,0,0,0.1,0.1,0.04,-0.1,-0.1
Jonas Hofmann,GER,"MF,FW",Leverkusen,32-117,1992,1.2,0,1,0,0.0,0.83,0.00,0.00,,26.1,0,0,0,0.0,0.0,0.02,0.0,0.0
Tomi Horvat,SVN,MF,Sturm Graz,25-229,1999,1.6,0,3,0,0.0,1.93,0.00,0.00,,23.3,0,0,0,0.1,0.1,0.04,-0.1,-0.1
Arbër Hoxha,ALB,"DF,FW",Dinamo Zagreb,26-033,1998,0.2,0,0,0,,0.00,0.00,,,,0,0,0,0.0,0.0,,0.0,0.0
Lukáš Hrádecký,FIN,GK,Leverkusen,34-350,1989,3.0,0,0,0,,0.00,0.00,,,,0,0,0,0.0,0.0,,0.0,0.0
Yang Hyunjun,KOR,FW,Celtic,22-167,2002,0.5,0,2,0,0.0,3.91,0.00,0.00,,20.0,0,0,0,0.2,0.2,0.10,-0.2,-0.2
Adam Idah,IRL,FW,Celtic,23-271,2001,1.3,1,3,2,66.7,2.29,1.53,0.33,0.50,7.5,0,0,0,1.3,1.3,0.42,-0.3,-0.3
Danylo Ihnatenko,UKR,MF,Slovan Bratislava,27-240,1997,3.4,0,2,1,50.0,0.59,0.30,0.00,0.00,19.6,0,0,0,0.1,0.1,0.03,-0.1,-0.1
George Ilenikhena,FRA,FW,Monaco,18-084,2006,1.0,1,3,1,33.3,2.97,0.99,0.33,1.00,17.7,0,0,0,0.5,0.5,0.15,+0.5,+0.5
Luka Ilić,SRB,"MF,FW",Red Star,25-129,1999,0.9,0,2,0,0.0,2.22,0.00,0.00,,24.7,0,0,0,0.1,0.1,0.03,-0.1,-0.1
Marko Ilić,SRB,GK,Red Star,26-279,1998,2.0,0,0,0,,0.00,0.00,,,,0,0,0,0.0,0.0,,0.0,0.0
Samuel Iling-Junior,ENG,"FW,MF",Bologna,21-035,2003,1.3,0,2,0,0.0,1.51,0.00,0.00,,23.7,0,0,0,0.1,0.1,0.04,-0.1,-0.1
Kastriot Imeri,SUI,MF,Young Boys,24-134,2000,2.0,1,4,1,25.0,1.96,0.49,0.25,1.00,22.0,1,0,0,0.2,0.2,0.06,+0.8,+0.8
Hwang In-beom,KOR,MF,Feyenoord,28-049,1996,4.0,0,5,2,40.0,1.25,0.50,0.00,0.00,25.3,1,0,0,0.2,0.2,0.03,-0.2,-0.2
Gonçalo Inácio,POR,DF,Sporting CP,23-075,2001,2.1,0,1,0,0.0,0.47,0.00,0.00,,11.9,0,0,0,0.0,0.0,0.03,0.0,0.0
Franco Israel,URU,GK,Sporting CP,24-200,2000,4.0,0,0,0,,0.00,0.00,,,,0,0,0,0.0,0.0,,0.0,0.0
Cedric Itten,SUI,FW,Young Boys,27-317,1996,0.9,0,1,0,0.0,1.06,0.00,0.00,,15.5,0,0,0,0.0,0.0,0.04,0.0,0.0
Mirko Ivanić,MNE,MF,Red Star,31-056,1993,1.0,0,2,0,0.0,2.00,0.00,0.00,,29.8,0,0,0,0.0,0.0,0.02,0.0,0.0
Luka Ivanušec,CRO,"MF,FW",Feyenoord,25-348,1998,1.1,0,0,0,,0.00,0.00,,,,0,0,0,0.0,0.0,,0.0,0.0
Ardon Jashari,SUI,MF,Club Brugge,22-101,2002,2.9,0,2,1,50.0,0.69,0.34,0.00,0.00,29.8,0,0,0,0.1,0.1,0.03,-0.1,-0.1
Seedy Jatta,NOR,FW,Sturm Graz,21-235,2003,2.2,0,1,1,100.0,0.46,0.46,0.00,0.00,14.3,0,0,0,0.1,0.1,0.08,-0.1,-0.1
Gabriel Jesus,BRA,"FW,MF",Arsenal,27-219,1997,2.1,0,5,1,20.0,2.42,0.48,0.00,0.00,10.7,0,0,0,0.6,0.6,0.12,-0.6,-0.6
Alistair Johnston,CAN,DF,Celtic,26-031,1998,3.8,0,1,1,100.0,0.26,0.26,0.00,0.00,17.9,0,0,0,0.1,0.1,0.12,-0.1,-0.1
Max Johnston,SCO,DF,Sturm Graz,20-318,2003,2.9,0,0,0,,0.00,0.00,,,,0,0,0,0.0,0.0,,0.0,0.0
Curtis Jones,ENG,MF,Liverpool,23-283,2001,1.1,0,3,1,33.3,2.84,0.95,0.00,0.00,16.0,0,0,0,0.2,0.2,0.06,-0.2,-0.2
Frenkie de Jong,NED,MF,Barcelona,27-180,1997,1.3,0,2,0,0.0,1.59,0.00,0.00,,7.1,0,0,0,0.4,0.4,0.21,-0.4,-0.4
Luuk de Jong,NED,FW,PSV Eindhoven,34-073,1990,3.8,0,6,1,16.7,1.59,0.26,0.00,0.00,9.5,0,0,0,1.8,1.8,0.30,-1.8,-1.8
Jorginho,ITA,MF,Arsenal,32-324,1991,0.4,0,0,0,,0.00,0.00,,,,0,0,0,0.0,0.0,,0.0,0.0
Diogo Jota,POR,FW,Liverpool,27-340,1996,1.1,0,2,1,50.0,1.86,0.93,0.00,0.00,8.5,0,0,0,0.7,0.7,0.34,-0.7,-0.7
Juanpe,ESP,DF,Girona,33-192,1991,1.3,1,1,1,100.0,0.74,0.74,1.00,1.00,26.1,1,0,0,0.1,0.1,0.06,+0.9,+0.9
Mauro Júnior,BRA,"DF,MF",PSV Eindhoven,25-186,1999,2.9,0,3,0,0.0,1.05,0.00,0.00,,24.4,0,0,0,0.1,0.1,0.03,-0.1,-0.1
Vinicius Júnior,BRA,FW,Real Madrid,24-119,2000,4.0,4,16,9,56.3,4.00,2.25,0.19,0.33,16.7,0,1,1,3.2,2.4,0.15,+0.8,+0.6
Ferran Jutglà,ESP,FW,Club Brugge,25-281,1999,2.9,0,6,3,50.0,2.08,1.04,0.00,0.00,16.6,0,0,0,0.6,0.6,0.09,-0.6,-0.6
Issa Kaboré,BFA,DF,Benfica,23-180,2001,1.1,0,0,0,,0.00,0.00,,,,0,0,0,0.0,0.0,,0.0,0.0
Lukas Kačavenda,CRO,"FW,MF",Dinamo Zagreb,21-251,2003,0.3,0,1,1,100.0,3.91,3.91,0.00,0.00,17.4,0,0,0,0.0,0.0,0.03,0.0,0.0
Kaan Kairinen,FIN,MF,Sparta Prague,25-322,1998,3.9,2,2,2,100.0,0.51,0.51,1.00,1.00,19.3,1,0,0,0.4,0.4,0.21,+1.6,+1.6
Pierre Kalulu,FRA,DF,Juventus,24-156,2000,4.0,0,0,0,,0.00,0.00,,,,0,0,0,0.0,0.0,,0.0,0.0
Boubacar Kamara,FRA,MF,Aston Villa,24-351,1999,1.1,0,1,0,0.0,0.87,0.00,0.00,,30.0,0,0,0,0.0,0.0,0.02,0.0,0.0
Kevin Kampl,SVN,MF,RB Leipzig,34-030,1990,1.2,0,0,0,,0.00,0.00,,,,0,0,0,0.0,0.0,,0.0,0.0
Harry Kane,ENG,FW,Bayern Munich,31-103,1993,4.0,5,18,9,50.0,4.50,2.25,0.11,0.22,19.1,0,3,3,4.6,2.6,0.15,+0.4,-0.6
Lee Kang-in,KOR,"FW,MF",Paris S-G,23-263,2001,2.3,0,5,3,60.0,2.15,1.29,0.00,0.00,26.6,0,0,0,0.2,0.2,0.04,-0.2,-0.2
Guélor Kanga,GAB,MF,Red Star,34-068,1990,1.0,0,1,0,0.0,1.03,0.00,0.00,,26.2,0,0,0,0.0,0.0,0.02,0.0,0.0
Atakan Karazor,,MF,Stuttgart,28-026,1996,3.6,0,2,0,0.0,0.55,0.00,0.00,,15.8,0,0,0,0.1,0.1,0.03,-0.1,-0.1
Rick Karsdorp,NED,DF,PSV Eindhoven,29-271,1995,1.1,0,1,0,0.0,0.94,0.00,0.00,,24.7,0,0,0,0.0,0.0,0.01,0.0,0.0
Guram Kashia,GEO,DF,Slovan Bratislava,37-127,1987,3.9,0,2,1,50.0,0.52,0.26,0.00,0.00,6.7,0,0,0,0.4,0.4,0.18,-0.4,-0.4
Aleksandar Katai,SRB,FW,Red Star,33-276,1991,0.3,0,0,0,,0.00,0.00,,,,0,0,0,0.0,0.0,,0.0,0.0
Silas Katompa,COD,"FW,DF",Red Star,26-033,1998,3.3,1,3,2,66.7,0.90,0.60,0.33,0.50,18.9,0,0,0,0.2,0.2,0.05,+0.8,+0.8
Thilo Kehrer,GER,DF,Monaco,28-048,1996,4.0,1,4,1,25.0,1.00,0.25,0.25,1.00,7.3,0,0,0,0.7,0.7,0.17,+0.3,+0.3
Caoimhín Kelleher,IRL,GK,Liverpool,25-351,1998,2.0,0,0,0,,0.00,0.00,,,,0,0,0,0.0,0.0,,0.0,0.0
Marvin Keller,SUI,GK,Young Boys,22-128,2002,2.0,0,0,0,,0.00,0.00,,,,0,0,0,0.0,0.0,,0.0,0.0
Kevin,BRA,"FW,MF",Shakhtar,21-309,2003,1.5,0,6,1,16.7,4.06,0.68,0.00,0.00,20.7,0,0,0,0.2,0.2,0.03,-0.2,-0.2
Joshua Kimmich,GER,MF,Bayern Munich,29-274,1995,4.0,0,6,3,50.0,1.50,0.75,0.00,0.00,31.6,1,0,0,0.3,0.3,0.05,-0.3,-0.3
Otar Kiteishvili,GEO,MF,Sturm Graz,28-227,1996,2.8,0,3,2,66.7,1.05,0.70,0.00,0.00,22.5,0,0,0,0.1,0.1,0.04,-0.1,-0.1
Jakub Kiwior,POL,DF,Arsenal,24-267,2000,0.5,0,0,0,,0.00,0.00,,,,0,0,0,0.0,0.0,,0.0,0.0
Maurits Kjærgaard,DEN,MF,RB Salzburg,21-135,2003,1.0,0,2,0,0.0,2.00,0.00,0.00,,24.7,0,0,0,0.0,0.0,0.02,0.0,0.0
Gregor Kobel,SUI,GK,Dortmund,26-338,1997,3.0,0,0,0,,0.00,0.00,,,,0,0,0,0.0,0.0,,0.0,0.0
Philipp Köhn,SUI,GK,Monaco,26-220,1998,2.0,0,0,0,,0.00,0.00,,,,0,0,0,0.0,0.0,,0.0,0.0
Orkun Kökçü,TUR,MF,Benfica,23-315,2000,3.6,2,4,2,50.0,1.12,0.56,0.25,0.50,47.6,2,1,1,1.0,0.2,0.06,+1.0,+0.8
Koke,ESP,MF,Atlético Madrid,32-305,1992,2.8,0,0,0,,0.00,0.00,,,,0,0,0,0.0,0.0,,0.0,0.0
Sead Kolašinac,BIH,DF,Atalanta,31-141,1993,3.0,0,0,0,,0.00,0.00,,,,0,0,0,0.0,0.0,,0.0,0.0
Randal Kolo Muani,FRA,FW,Paris S-G,25-339,1998,1.2,0,7,1,14.3,5.89,0.84,0.00,0.00,10.6,0,0,0,0.9,0.9,0.12,-0.9,-0.9
Ibrahima Konaté,FRA,DF,Liverpool,25-167,1999,4.0,1,1,1,100.0,0.25,0.25,1.00,1.00,3.4,0,0,0,0.4,0.4,0.41,+0.6,+0.6
Karim Konaté,CIV,FW,RB Salzburg,20-232,2004,3.4,2,11,4,36.4,3.27,1.19,0.18,0.50,11.2,0,0,1,2.8,2.0,0.18,-0.8,0.0
Yukhym Konoplia,UKR,DF,Shakhtar,25-074,1999,2.9,0,1,0,0.0,0.34,0.00,0.00,,15.0,0,0,0,0.2,0.2,0.16,-0.2,-0.2
Ezri Konsa,ENG,DF,Aston Villa,27-016,1997,4.0,0,2,0,0.0,0.50,0.00,0.00,,16.1,0,0,0,0.1,0.1,0.06,-0.1,-0.1
Teun Koopmeiners,NED,MF,Juventus,26-254,1998,3.0,0,6,0,0.0,2.00,0.00,0.00,,19.3,0,0,0,0.7,0.7,0.11,-0.7,-0.7
Odilon Kossounou,CIV,DF,Atalanta,23-309,2001,1.8,0,2,0,0.0,1.13,0.00,0.00,,7.6,0,0,0,0.1,0.1,0.06,-0.1,-0.1
Jules Koundé,FRA,DF,Barcelona,25-362,1998,4.0,0,2,0,0.0,0.50,0.00,0.00,,24.9,0,0,0,0.1,0.1,0.03,-0.1,-0.1
Moussa Kounfolo Yeo,MLI,FW,RB Salzburg,20-160,2004,0.7,0,2,0,0.0,2.73,0.00,0.00,,30.4,0,0,0,0.1,0.1,0.05,-0.1,-0.1
Mateo Kovačić,CRO,MF,Manchester City,30-186,1994,1.2,0,1,0,0.0,0.86,0.00,0.00,,23.2,0,0,0,0.0,0.0,0.04,0.0,0.0
Matej Kovar,CZE,GK,Leverkusen,24-175,2000,1.0,0,0,0,,0.00,0.00,,,,0,0,0,0.0,0.0,,0.0,0.0
Ermal Krasniqi,KVX,FW,Sparta Prague,26-062,1998,0.8,0,1,0,0.0,1.22,0.00,0.00,,8.2,0,0,0,0.5,0.5,0.50,-0.5,-0.5
Ladislav Krejčí,CZE,DF,Girona,25-202,1999,4.0,0,1,1,100.0,0.25,0.25,0.00,0.00,29.7,0,0,0,0.0,0.0,0.03,0.0,0.0
Marcus Kristensen,GER,FW,Stuttgart,21-299,2003,0.1,0,1,0,0.0,9.00,0.00,0.00,,14.7,0,0,0,0.0,0.0,0.05,0.0,0.0
Rade Krunić,BIH,MF,Red Star,31-032,1993,3.5,0,2,1,50.0,0.57,0.28,0.00,0.00,20.1,0,0,0,0.1,0.1,0.05,-0.1,-0.1
Dmytro Kryskiv,UKR,MF,Shakhtar,24-033,2000,4.0,0,1,0,0.0,0.25,0.00,0.00,,32.9,0,0,0,0.0,0.0,0.02,0.0,0.0
Juraj Kucka,SVK,MF,Slovan Bratislava,37-256,1987,0.9,0,1,1,100.0,1.07,1.07,0.00,0.00,20.9,0,0,0,0.0,0.0,0.03,0.0,0.0
Nicolas-Gerrit Kühn,GER,FW,Celtic,24-312,2000,3.2,2,3,2,66.7,0.95,0.63,0.67,1.00,14.4,0,0,0,0.6,0.6,0.19,+1.4,+1.4
Sandro Kulenović,CRO,FW,Dinamo Zagreb,24-340,1999,2.2,3,5,4,80.0,2.28,1.83,0.60,0.75,11.9,0,0,0,1.3,1.3,0.26,+1.7,+1.7
Qazim Laçi,ALB,MF,Sparta Prague,28-294,1996,3.6,1,2,1,50.0,0.55,0.28,0.50,1.00,13.3,0,0,0,0.7,0.7,0.36,+0.3,+0.3
Konrad Laimer,AUT,DF,Bayern Munich,27-165,1997,2.0,0,2,0,0.0,0.99,0.00,0.00,,13.5,0,0,0,0.1,0.1,0.04,-0.1,-0.1
Kenny Lala,MAD,DF,Brest,33-036,1991,4.0,0,3,0,0.0,0.75,0.00,0.00,,34.4,0,0,0,0.0,0.0,0.01,0.0,0.0
Mohamed Lamine Bayo,GUI,FW,Lille,26-157,1998,0.7,0,0,0,,0.00,0.00,,,,0,0,0,0.0,0.0,,0.0,0.0
Noa Lang,NED,"FW,MF",PSV Eindhoven,25-144,1999,2.0,1,7,4,57.1,3.48,1.99,0.14,0.25,15.9,0,0,0,0.5,0.5,0.07,+0.5,+0.5
Sandro Lauper,SUI,"MF,DF",Young Boys,28-014,1996,3.7,0,2,0,0.0,0.54,0.00,0.00,,27.3,0,0,0,0.0,0.0,0.02,0.0,0.0
Dimitri Lavalée,BEL,DF,Sturm Graz,27-300,1997,3.0,0,0,0,,0.00,0.00,,,,0,0,0,0.0,0.0,,0.0,0.0
Julien Le Cardinal,FRA,DF,Brest,27-097,1997,1.0,0,1,0,0.0,1.00,0.00,0.00,,14.2,0,0,0,0.0,0.0,0.02,0.0,0.0
Robin Le Normand,ESP,DF,Atlético Madrid,27-363,1996,1.0,0,1,0,0.0,1.00,0.00,0.00,,11.9,0,0,0,0.0,0.0,0.01,0.0,0.0
Rafael Leão,POR,FW,Milan,25-151,1999,3.5,0,5,3,60.0,1.43,0.86,0.00,0.00,13.4,0,0,0,0.4,0.4,0.08,-0.4,-0.4
Richy Ledezma,USA,"DF,MF",PSV Eindhoven,24-063,2000,1.2,0,0,0,,0.00,0.00,,,,0,0,0,0.0,0.0,,0.0,0.0
Pierre Lees-Melou,FRA,MF,Brest,31-167,1993,2.0,1,5,1,20.0,2.50,0.50,0.20,1.00,26.2,0,0,0,0.1,0.1,0.03,+0.9,+0.9
Clément Lenglet,FRA,DF,Atlético Madrid,29-144,1995,1.0,0,0,0,,0.00,0.00,,,,0,0,0,0.0,0.0,,0.0,0.0
Robert Lewandowski,POL,FW,Barcelona,36-079,1988,3.5,5,13,6,46.2,3.73,1.72,0.38,0.83,10.9,0,0,0,4.9,4.9,0.37,+0.1,+0.1
Jamie Leweling,GER,FW,Stuttgart,23-256,2001,2.9,0,14,7,50.0,4.79,2.40,0.00,0.00,23.0,0,0,0,0.5,0.5,0.04,-0.5,-0.5
Rico Lewis,ENG,"DF,MF",Manchester City,19-353,2004,4.0,0,3,3,100.0,0.75,0.75,0.00,0.00,14.2,0,0,0,0.4,0.4,0.14,-0.4,-0.4
Myles Lewis-Skelly,ENG,"DF,MF",Arsenal,18-043,2006,0.2,0,0,0,,0.00,0.00,,,,0,0,0,0.0,0.0,,0.0,0.0
Samuel Lino,BRA,"DF,FW",Atlético Madrid,24-321,1999,1.6,0,4,1,25.0,2.48,0.62,0.00,0.00,13.8,0,0,0,0.3,0.3,0.08,-0.3,-0.3
Marcos Llorente,ESP,DF,Atlético Madrid,29-283,1995,1.4,0,2,0,0.0,1.48,0.00,0.00,,19.1,0,0,0,0.1,0.1,0.05,-0.1,-0.1
Manuel Locatelli,ITA,MF,Juventus,26-305,1998,2.0,0,0,0,,0.00,0.00,,,,0,0,0,0.0,0.0,,0.0,0.0
Ruben Loftus-Cheek,ENG,"MF,FW",Milan,28-290,1996,2.6,0,2,2,100.0,0.76,0.76,0.00,0.00,13.5,0,0,0,0.3,0.3,0.16,-0.3,-0.3
Ademola Lookman,NGA,"MF,FW",Atalanta,27-019,1997,3.3,2,8,3,37.5,2.41,0.90,0.25,0.67,14.4,0,0,0,1.4,1.4,0.18,+0.6,+0.6
David López,ESP,DF,Girona,35-030,1989,3.1,1,2,1,50.0,0.65,0.32,0.50,1.00,4.8,0,0,0,0.4,0.4,0.20,+0.6,+0.6
Fermin López,ESP,"MF,FW",Barcelona,21-181,2003,1.0,1,3,2,66.7,2.90,1.94,0.33,0.50,15.2,0,0,0,0.4,0.4,0.12,+0.6,+0.6
Jordan Lotomba,SUI,DF,Feyenoord,26-040,1998,2.9,0,2,0,0.0,0.69,0.00,0.00,,13.2,0,0,0,0.5,0.5,0.25,-0.5,-0.5
Jhon Lucumí,COL,DF,Bologna,26-135,1998,4.0,0,2,0,0.0,0.50,0.00,0.00,,14.6,0,0,0,0.1,0.1,0.04,-0.1,-0.1
Florentino Luís,POR,MF,Benfica,25-081,1999,2.7,0,0,0,,0.00,0.00,,,,0,0,0,0.0,0.0,,0.0,0.0
Douglas Luiz,BRA,MF,Juventus,26-183,1998,0.5,0,1,0,0.0,1.96,0.00,0.00,,11.6,0,0,0,0.0,0.0,0.04,0.0,0.0
Castello Lukeba,FRA,DF,RB Leipzig,21-327,2002,3.0,0,0,0,,0.00,0.00,,,,0,0,0,0.0,0.0,,0.0,0.0
Andriy Lunin,UKR,GK,Real Madrid,25-271,1999,2.0,0,0,0,,0.00,0.00,,,,0,0,0,0.0,0.0,,0.0,0.0
Charalambos Lykogiannis,GRE,DF,Bologna,31-017,1993,1.9,0,2,1,50.0,1.08,0.54,0.00,0.00,31.8,1,0,0,0.0,0.0,0.02,0.0,0.0
Ian Maatsen,NED,"DF,FW",Aston Villa,22-243,2002,2.4,0,2,0,0.0,0.84,0.00,0.00,,23.7,0,0,0,0.0,0.0,0.02,0.0,0.0
Alexis Mac Allister,ARG,MF,Liverpool,25-320,1998,4.0,1,4,2,50.0,1.00,0.50,0.25,0.50,14.4,0,0,0,1.1,1.1,0.27,-0.1,-0.1
Daizen Maeda,JPN,FW,Celtic,27-019,1997,3.8,2,7,3,42.9,1.84,0.79,0.29,0.67,14.2,0,0,0,1.7,1.7,0.24,+0.3,+0.3
Gabriel Magalhães,BRA,DF,Arsenal,26-325,1997,4.0,0,3,0,0.0,0.75,0.00,0.00,,13.8,0,0,0,0.3,0.3,0.11,-0.3,-0.3
Soungoutou Magassa,FRA,MF,Monaco,21-031,2003,1.2,0,1,0,0.0,0.87,0.00,0.00,,30.0,0,0,0,0.0,0.0,0.02,0.0,0.0
Hugo Magnetti,FRA,MF,Brest,26-162,1998,3.0,1,5,2,40.0,1.65,0.66,0.20,0.50,22.5,0,0,0,0.3,0.3,0.06,+0.7,+0.7
Mike Maignan,FRA,GK,Milan,29-128,1995,3.6,0,0,0,,0.00,0.00,,,,0,0,0,0.0,0.0,,0.0,0.0
Radosław Majecki,POL,GK,Monaco,24-358,1999,2.0,0,0,0,,0.00,0.00,,,,0,0,0,0.0,0.0,,0.0,0.0
Róbert Mak,SVK,"MF,FW",Slovan Bratislava,33-245,1991,0.4,0,2,0,0.0,4.62,0.00,0.00,,14.6,0,0,0,0.0,0.0,0.02,0.0,0.0
Andrija Maksimović,SRB,"MF,FW",Red Star,17-156,2007,2.4,0,4,1,25.0,1.69,0.42,0.00,0.00,20.6,0,0,0,0.1,0.1,0.03,-0.1,-0.1
Donyell Malen,NED,"FW,MF",Dortmund,25-304,1999,1.6,2,5,3,60.0,3.10,1.86,0.40,0.67,11.0,0,0,0,1.2,1.2,0.24,+0.8,+0.8
Darian Males,SUI,"FW,MF",Young Boys,23-189,2001,1.1,0,2,0,0.0,1.78,0.00,0.00,,20.3,0,0,0,0.1,0.1,0.04,-0.1,-0.1
Reinildo Mandava,MOZ,DF,Atlético Madrid,30-292,1994,2.5,0,0,0,,0.00,0.00,,,,0,0,0,0.0,0.0,,0.0,0.0
Aïssa Mandi,ALG,DF,Lille,33-017,1991,2.7,0,0,0,,0.00,0.00,,,,0,0,0,0.0,0.0,,0.0,0.0
Nino Marcelli,SVK,FW,Slovan Bratislava,19-163,2005,1.2,0,3,0,0.0,2.43,0.00,0.00,,19.8,0,0,0,0.2,0.2,0.08,-0.2,-0.2
José María Giménez,URU,DF,Atlético Madrid,29-293,1995,3.0,1,3,2,66.7,1.00,0.67,0.33,0.50,8.3,0,0,0,0.2,0.2,0.06,+0.8,+0.8
Marquinhos,BRA,DF,Paris S-G,30-178,1994,4.0,0,5,2,40.0,1.25,0.50,0.00,0.00,13.0,0,0,0,0.4,0.4,0.09,-0.4,-0.4
Gerard Martín,ESP,DF,Barcelona,22-312,2002,1.1,0,0,0,,0.00,0.00,,,,0,0,0,0.0,0.0,,0.0,0.0
Iván Martín,ESP,MF,Girona,25-268,1999,2.0,0,0,0,,0.00,0.00,,,,0,0,0,0.0,0.0,,0.0,0.0
Jonas Martin,FRA,MF,Brest,34-213,1990,0.6,0,3,3,100.0,4.66,4.66,0.00,0.00,16.5,0,0,0,0.8,0.8,0.27,-0.8,-0.8
Gabriel Martinelli,BRA,"MF,FW",Arsenal,23-143,2001,4.0,0,8,3,37.5,2.00,0.75,0.00,0.00,15.6,0,0,0,1.0,1.0,0.13,-1.0,-1.0
Arnau Martinez,ESP,"DF,MF",Girona,21-197,2003,3.6,0,1,1,100.0,0.28,0.28,0.00,0.00,13.7,0,0,0,0.0,0.0,0.03,0.0,0.0
Emiliano Martínez,ARG,GK,Aston Villa,32-067,1992,4.0,0,0,0,,0.00,0.00,,,,0,0,0,0.0,0.0,,0.0,0.0
Iñigo Martínez,ESP,DF,Barcelona,33-175,1991,3.9,2,4,2,50.0,1.02,0.51,0.50,1.00,5.7,0,0,0,0.7,0.7,0.18,+1.3,+1.3
Lautaro Martínez,ARG,FW,Inter,27-078,1997,1.6,1,5,4,80.0,3.15,2.52,0.20,0.25,18.0,0,0,0,1.0,1.0,0.19,0.0,0.0
Eliot Matazo,BEL,MF,Monaco,22-267,2002,0.2,0,1,0,0.0,5.29,0.00,0.00,,12.6,0,0,0,0.3,0.3,0.30,-0.3,-0.3
Mykola Matviyenko,UKR,DF,Shakhtar,28-190,1996,4.0,0,0,0,,0.00,0.00,,,,0,0,0,0.0,0.0,,0.0,0.0
Christian Mawissa,FRA,DF,Monaco,19-204,2005,0.9,0,0,0,,0.00,0.00,,,,0,0,0,0.0,0.0,,0.0,0.0
Senny Mayulu,FRA,MF,Paris S-G,18-175,2006,0.1,0,0,0,,0.00,0.00,,,,0,0,0,0.0,0.0,,0.0,0.0
Samuel Mbangula,BEL,FW,Juventus,20-297,2004,0.1,0,0,0,,0.00,0.00,,,,0,0,0,0.0,0.0,,0.0,0.0
Kylian Mbappé,FRA,FW,Real Madrid,25-324,1998,3.4,1,20,9,45.0,5.94,2.67,0.05,0.11,15.8,0,0,0,2.7,2.7,0.13,-1.7,-1.7
James Mcatee,ENG,"FW,MF",Manchester City,22-021,2002,0.6,1,4,2,50.0,6.79,3.40,0.25,0.50,11.1,0,0,0,0.3,0.3,0.07,+0.7,+0.7
Luke McCowan,SCO,MF,Celtic,26-335,1997,0.2,0,0,0,,0.00,0.00,,,,0,0,0,0.0,0.0,,0.0,0.0
John McGinn,SCO,"FW,MF",Aston Villa,30-021,1994,2.3,1,6,3,50.0,2.56,1.28,0.17,0.33,20.9,1,0,0,0.4,0.4,0.07,+0.6,+0.6
Callum McGregor,SCO,MF,Celtic,31-147,1993,4.0,0,2,1,50.0,0.50,0.25,0.00,0.00,29.5,0,0,0,0.1,0.1,0.03,-0.1,-0.1
Weston McKennie,USA,"MF,DF",Juventus,26-072,1998,2.7,1,3,2,66.7,1.12,0.75,0.33,0.50,13.0,0,0,0,0.9,0.9,0.30,+0.1,+0.1
Brandon Mechele,BEL,DF,Club Brugge,31-285,1993,4.0,0,4,1,25.0,1.00,0.25,0.00,0.00,13.5,0,0,0,0.2,0.2,0.04,-0.2,-0.2
Bjorn Meijer,NED,DF,Club Brugge,21-235,2003,0.2,0,0,0,,0.00,0.00,,,,0,0,0,0.0,0.0,,0.0,0.0
John Mellberg,SWE,DF,RB Salzburg,18-101,2006,0.5,0,0,0,,0.00,0.00,,,,0,0,0,0.0,0.0,,0.0,0.0
Nuno Mendes,POR,DF,Paris S-G,22-142,2002,4.0,0,5,0,0.0,1.25,0.00,0.00,,22.0,0,0,0,0.1,0.1,0.03,-0.1,-0.1
Ferland Mendy,FRA,DF,Real Madrid,29-153,1995,3.1,0,0,0,,0.00,0.00,,,,0,0,0,0.0,0.0,,0.0,0.0
Mikel Merino,ESP,MF,Arsenal,28-139,1996,1.3,0,1,1,100.0,0.77,0.77,0.00,0.00,6.6,0,0,0,0.2,0.2,0.20,-0.2,-0.2
Idjessi Metsoko,FRA,FW,Slovan Bratislava,22-239,2002,0.4,0,0,0,,0.00,0.00,,,,0,0,0,0.0,0.0,,0.0,0.0
Thomas Meunier,BEL,DF,Lille,33-057,1991,1.7,0,0,0,,0.00,0.00,,,,0,0,0,0.0,0.0,,0.0,0.0
Alexander Meyer,GER,GK,Dortmund,33-209,1991,1.0,0,0,0,,0.00,0.00,,,,0,0,0,0.0,0.0,,0.0,0.0
Simon Mignolet,BEL,GK,Club Brugge,36-247,1988,4.0,0,0,0,,0.00,0.00,,,,0,0,0,0.0,0.0,,0.0,0.0
Antoni Milambo,NED,"MF,FW",Feyenoord,19-219,2005,2.7,3,6,3,50.0,2.20,1.10,0.50,1.00,17.4,0,0,0,0.8,0.8,0.13,+2.2,+2.2
Éder Militão,BRA,DF,Real Madrid,26-295,1998,3.1,0,4,0,0.0,1.28,0.00,0.00,,16.5,0,0,0,0.2,0.2,0.06,-0.2,-0.2
Enzo Millot,FRA,"FW,MF",Stuttgart,22-114,2002,3.8,1,11,5,45.5,2.88,1.31,0.09,0.20,19.4,0,0,1,1.8,1.1,0.10,-0.8,-0.1
Milson,ANG,FW,Red Star,25-027,1999,0.6,2,3,2,66.7,5.19,3.46,0.67,1.00,15.0,0,0,0,0.6,0.6,0.21,+1.4,+1.4
Ognjen Mimovic,SRB,DF,Red Star,20-083,2004,0.3,0,0,0,,0.00,0.00,,,,0,0,0,0.0,0.0,,0.0,0.0
Kim Min-jae,KOR,DF,Bayern Munich,27-359,1996,3.7,0,0,0,,0.00,0.00,,,,0,0,0,0.0,0.0,,0.0,0.0
Takumi Minamino,JPN,MF,Monaco,29-297,1995,3.0,2,8,3,37.5,2.68,1.00,0.25,0.67,13.7,0,0,0,1.9,1.9,0.24,+0.1,+0.1
Tyrone Mings,ENG,DF,Aston Villa,31-240,1993,0.7,0,0,0,,0.00,0.00,,,,0,0,0,0.0,0.0,,0.0,0.0
Kim Minsu,KOR,MF,Girona,18-294,2006,0.1,0,0,0,,0.00,0.00,,,,0,0,0,0.0,0.0,,0.0,0.0
Bojan Miovski,MKD,FW,Girona,25-137,1999,2.3,0,5,3,60.0,2.17,1.30,0.00,0.00,12.0,0,0,1,1.6,0.8,0.15,-1.6,-0.8
Juan Miranda,ESP,DF,Bologna,24-294,2000,2.1,0,1,0,0.0,0.47,0.00,0.00,,12.4,0,0,0,0.1,0.1,0.10,-0.1,-0.1
Josip Mišić,CRO,MF,Dinamo Zagreb,30-133,1994,4.0,0,3,0,0.0,0.75,0.00,0.00,,25.4,0,0,0,0.1,0.1,0.02,-0.1,-0.1
Jeyland Mitchell,CRC,DF,Feyenoord,20-040,2004,0.2,0,0,0,,0.00,0.00,,,,0,0,0,0.0,0.0,,0.0,0.0
Maximilian Mittelstädt,GER,DF,Stuttgart,27-235,1997,4.0,0,2,1,50.0,0.50,0.25,0.00,0.00,20.3,0,0,0,0.2,0.2,0.09,-0.2,-0.2
Henrikh Mkhitaryan,ARM,MF,Inter,35-292,1989,2.0,0,6,1,16.7,3.05,0.51,0.00,0.00,15.7,0,0,0,0.6,0.6,0.11,-0.6,-0.6
Samy Mmaee,MAR,DF,Dinamo Zagreb,28-061,1996,1.0,0,0,0,,0.00,0.00,,,,0,0,0,0.0,0.0,,0.0,0.0
Luka Modrić,CRO,MF,Real Madrid,39-060,1985,2.1,0,2,1,50.0,0.96,0.48,0.00,0.00,27.0,1,0,0,0.1,0.1,0.04,-0.1,-0.1
Nahuel Molina,ARG,"DF,MF",Atlético Madrid,26-216,1998,2.8,1,1,1,100.0,0.36,0.36,1.00,1.00,9.4,0,0,0,0.4,0.4,0.38,+0.6,+0.6
Joel Monteiro,SUI,"MF,FW",Young Boys,25-095,1999,3.4,0,7,0,0.0,2.05,0.00,0.00,,19.4,0,0,0,0.6,0.6,0.08,-0.6,-0.6
Álvaro Morata,ESP,FW,Milan,32-016,1992,2.8,1,4,2,50.0,1.41,0.71,0.25,0.50,10.8,0,0,0,1.0,1.0,0.25,0.0,0.0
Leandro Morgalla,GER,DF,RB Salzburg,20-056,2004,0.9,0,1,0,0.0,1.17,0.00,0.00,,26.1,0,0,0,0.0,0.0,0.04,0.0,0.0
Hidemasa Morita,JPN,MF,Sporting CP,29-182,1995,2.6,0,1,0,0.0,0.39,0.00,0.00,,32.1,0,0,0,0.0,0.0,0.03,0.0,0.0
Nikola Moro,CRO,MF,Bologna,26-241,1998,2.5,0,4,1,25.0,1.61,0.40,0.00,0.00,24.0,0,0,0,0.1,0.1,0.04,-0.1,-0.1
Ngal'Ayel Mukau,,MF,Lille,19-344,2004,1.4,0,0,0,,0.00,0.00,,,,0,0,0,0.0,0.0,,0.0,0.0
Nordi Mukiele,FRA,DF,Leverkusen,27-007,1997,0.8,0,0,0,,0.00,0.00,,,,0,0,0,0.0,0.0,,0.0,0.0
Thomas Müller,GER,MF,Bayern Munich,35-056,1989,0.9,0,0,0,,0.00,0.00,,,,0,0,0,0.0,0.0,,0.0,0.0
Yunus Musah,USA,"MF,FW",Milan,21-345,2002,1.2,0,0,0,,0.00,0.00,,,,0,0,0,0.0,0.0,,0.0,0.0
Jamal Musiala,GER,MF,Bayern Munich,21-256,2003,2.6,1,11,5,45.5,4.27,1.94,0.09,0.20,16.5,0,0,0,0.7,0.7,0.06,+0.3,+0.3
Alen Mustafić,BIH,MF,Slovan Bratislava,25-126,1999,0.0,0,0,0,,0.00,0.00,,,,0,0,0,0.0,0.0,,0.0,0.0
Chris Nadje,FRA,"MF,FW",Feyenoord,23-086,2001,0.5,0,1,1,100.0,1.84,1.84,0.00,0.00,23.3,0,0,0,0.1,0.1,0.06,-0.1,-0.1
Adamo Nagalo,BFA,DF,PSV Eindhoven,22-047,2002,0.1,0,0,0,,0.00,0.00,,,,0,0,0,0.0,0.0,,0.0,0.0
Cherif Ndiaye,SEN,FW,Red Star,28-290,1996,2.7,1,1,0,0.0,0.37,0.00,0.00,,27.9,0,1,1,0.8,0.1,0.06,+0.2,-0.1
Dan Ndoye,SUI,"FW,MF",Bologna,24-014,2000,3.7,0,6,0,0.0,1.62,0.00,0.00,,20.7,0,0,0,0.3,0.3,0.05,-0.3,-0.3
Kosta Nedeljković,SRB,DF,Aston Villa,18-328,2005,0.1,0,0,0,,0.00,0.00,,,,0,0,0,0.0,0.0,,0.0,0.0
Manuel Neuer,GER,GK,Bayern Munich,38-226,1986,3.5,0,0,0,,0.00,0.00,,,,0,0,0,0.0,0.0,,0.0,0.0
João Neves,POR,MF,Paris S-G,20-042,2004,3.0,0,6,2,33.3,1.97,0.66,0.00,0.00,13.5,0,0,0,0.5,0.5,0.09,-0.5,-0.5
Ivan Nevistić,CRO,GK,Dinamo Zagreb,26-100,1998,3.0,0,0,0,,0.00,0.00,,,,0,0,0,0.0,0.0,,0.0,0.0
Newerton,BRA,"FW,MF",Shakhtar,19-158,2005,0.8,0,1,0,0.0,1.25,0.00,0.00,,11.8,0,0,0,0.0,0.0,0.02,0.0,0.0
Cheikh Niasse,SEN,"MF,DF",Young Boys,24-294,2000,1.9,0,1,0,0.0,0.54,0.00,0.00,,24.8,0,0,0,0.0,0.0,0.05,0.0,0.0
Casper Nielsen,DEN,MF,Club Brugge,30-193,1994,0.9,0,2,1,50.0,2.17,1.08,0.00,0.00,12.8,0,0,0,0.1,0.1,0.07,-0.1,-0.1
Bart Nieuwkoop,NED,"MF,DF",Feyenoord,28-246,1996,0.7,0,2,0,0.0,2.69,0.00,0.00,,8.7,0,0,0,0.2,0.2,0.11,-0.2,-0.2
Gustaf Nilsson,SWE,FW,Club Brugge,27-169,1997,0.7,0,1,0,0.0,1.41,0.00,0.00,,27.3,0,0,0,0.0,0.0,0.04,0.0,0.0
Felix Nmecha,GER,MF,Dortmund,24-029,2000,2.4,1,4,2,50.0,1.65,0.83,0.25,0.50,20.3,0,0,0,0.2,0.2,0.05,+0.8,+0.8
Alexander Nübel,GER,GK,Stuttgart,28-039,1996,4.0,0,0,0,,0.00,0.00,,,,0,0,0,0.0,0.0,,0.0,0.0
Matheus Nunes,POR,MF,Manchester City,26-073,1998,3.0,1,3,1,33.3,1.00,0.33,0.00,0.00,28.1,0,1,1,0.9,0.1,0.03,+0.1,-0.1
Darwin Núñez,URU,FW,Liverpool,25-137,1999,1.9,1,9,5,55.6,4.85,2.69,0.11,0.20,14.2,0,0,0,1.7,1.7,0.18,-0.7,-0.7
Antonio Nusa,NOR,MF,RB Leipzig,19-205,2005,2.4,0,3,0,0.0,1.24,0.00,0.00,,14.3,0,0,0,0.4,0.4,0.12,-0.4,-0.4
Ethan Nwaneri,ENG,FW,Arsenal,17-232,2007,0.1,0,1,0,0.0,10.00,0.00,0.00,,26.1,0,0,0,0.0,0.0,0.02,0.0,0.0
Jan Oblak,SVN,GK,Atlético Madrid,31-306,1993,4.0,0,0,0,,0.00,0.00,,,,0,0,0,0.0,0.0,,0.0,0.0
Jens Odgaard,DEN,FW,Bologna,25-222,1999,0.5,0,1,0,0.0,1.96,0.00,0.00,,28.7,0,0,0,0.0,0.0,0.02,0.0,0.0
Takuya Ogiwara,JPN,DF,Dinamo Zagreb,24-351,1999,2.5,1,2,1,50.0,0.81,0.40,0.50,1.00,21.6,0,0,0,0.3,0.3,0.17,+0.7,+0.7
Noah Okafor,SUI,"FW,MF",Milan,24-168,2000,0.6,0,0,0,,0.00,0.00,,,,0,0,0,0.0,0.0,,0.0,0.0
Victor Olatunji,NGA,FW,Sparta Prague,25-064,1999,2.6,2,4,2,50.0,1.55,0.77,0.50,1.00,10.8,0,0,0,0.6,0.6,0.15,+1.4,+1.4
Peter Olayinka,NGA,"FW,DF",Red Star,28-356,1995,2.8,0,4,2,50.0,1.44,0.72,0.00,0.00,13.2,0,0,0,0.2,0.2,0.06,-0.2,-0.2
Michael Olise,FRA,"FW,MF",Bayern Munich,22-332,2001,2.7,2,12,4,33.3,4.39,1.46,0.17,0.50,18.2,1,0,0,1.9,1.9,0.16,+0.1,+0.1
Dani Olmo,ESP,"MF,FW",Barcelona,26-185,1998,0.5,0,0,0,,0.00,0.00,,,,0,0,0,0.0,0.0,,0.0,0.0
Amadou Onana,BEL,MF,Aston Villa,23-084,2001,2.2,1,3,2,66.7,1.39,0.93,0.33,0.50,25.9,0,0,0,0.2,0.2,0.05,+0.8,+0.8
Raphael Onyedika,NGA,MF,Club Brugge,23-203,2001,2.4,0,3,1,33.3,1.23,0.41,0.00,0.00,23.7,0,0,0,0.1,0.1,0.05,-0.1,-0.1
Loïs Openda,BEL,FW,RB Leipzig,24-266,2000,3.9,0,10,2,20.0,2.58,0.52,0.00,0.00,23.7,0,0,0,0.8,0.8,0.08,-0.8,-0.8
Fredrik Oppegard,NOR,DF,PSV Eindhoven,22-093,2002,0.2,0,0,0,,0.00,0.00,,,,0,0,0,0.0,0.0,,0.0,0.0
Willi Orban,HUN,DF,RB Leipzig,32-005,1992,4.0,0,5,2,40.0,1.25,0.50,0.00,0.00,9.0,0,0,0,0.6,0.6,0.11,-0.6,-0.6
Joel Ordóñez,ECU,DF,Club Brugge,20-201,2004,4.0,0,2,1,50.0,0.50,0.25,0.00,0.00,30.4,0,0,0,0.0,0.0,0.02,0.0,0.0
Riccardo Orsolini,ITA,"FW,MF",Bologna,27-289,1997,2.5,0,8,2,25.0,3.24,0.81,0.00,0.00,22.7,1,0,0,0.3,0.3,0.03,-0.3,-0.3
Stefan Ortega,GER,GK,Manchester City,32-002,1992,2.0,0,0,0,,0.00,0.00,,,,0,0,0,0.0,0.0,,0.0,0.0
Ibrahim Osman,GHA,FW,Feyenoord,19-345,2004,1.8,0,1,1,100.0,0.55,0.55,0.00,0.00,11.8,0,0,0,0.1,0.1,0.05,-0.1,-0.1
Nicolás Otamendi,ARG,DF,Benfica,36-270,1988,4.0,0,1,0,0.0,0.25,0.00,0.00,,5.2,0,0,0,0.1,0.1,0.10,-0.1,-0.1
Kassoum Ouattara,FRA,DF,Monaco,20-025,2004,0.1,0,1,0,0.0,8.18,0.00,0.00,,12.0,0,0,0,0.0,0.0,0.04,0.0,0.0
Assan Ouedraogo,GER,"DF,MF",RB Leipzig,18-183,2006,0.2,0,1,0,0.0,6.00,0.00,0.00,,8.4,0,0,0,0.2,0.2,0.22,-0.2,-0.2
Nico O’Reilly,ENG,FW,Manchester City,19-232,2005,0.1,0,0,0,,0.00,0.00,,,,0,0,0,0.0,0.0,,0.0,0.0
Willian Pacho,ECU,DF,Paris S-G,23-023,2001,4.0,0,0,0,,0.00,0.00,,,,0,0,0,0.0,0.0,,0.0,0.0
Igor Paixão,BRA,FW,Feyenoord,24-133,2000,3.7,0,9,2,22.2,2.45,0.55,0.00,0.00,27.0,0,0,0,0.4,0.4,0.05,-0.4,-0.4
Exequiel Palacios,ARG,MF,Leverkusen,26-034,1998,1.7,0,1,0,0.0,0.59,0.00,0.00,,31.2,0,0,0,0.0,0.0,0.02,0.0,0.0
João Palhinha,POR,MF,Bayern Munich,29-122,1995,1.8,0,4,0,0.0,2.20,0.00,0.00,,20.0,0,0,0,0.3,0.3,0.06,-0.3,-0.3
Filip Panák,CZE,DF,Sparta Prague,29-006,1995,4.0,0,2,0,0.0,0.50,0.00,0.00,,10.1,0,0,0,0.2,0.2,0.09,-0.2,-0.2
Thomas Partey,GHA,"MF,DF",Arsenal,31-148,1993,3.3,0,1,1,100.0,0.30,0.30,0.00,0.00,2.2,0,0,0,0.1,0.1,0.08,-0.1,-0.1
Mario Pašalić,CRO,MF,Atalanta,29-273,1995,1.9,0,8,1,12.5,4.26,0.53,0.00,0.00,12.1,0,0,0,1.2,1.2,0.15,-1.2,-1.2
Lukáš Pauschek,SVK,DF,Slovan Bratislava,31-335,1992,0.1,0,0,0,,0.00,0.00,,,,0,0,0,0.0,0.0,,0.0,0.0
Benjamin Pavard,FRA,DF,Inter,28-225,1996,3.0,0,1,0,0.0,0.33,0.00,0.00,,28.7,0,0,0,0.0,0.0,0.02,0.0,0.0
Vangelis Pavlidis,GRE,FW,Benfica,25-353,1998,2.9,0,8,4,50.0,2.75,1.37,0.00,0.00,10.0,0,0,0,1.3,1.3,0.16,-1.3,-1.3
Aleksandar Pavlovic,GER,MF,Bayern Munich,20-189,2004,1.8,0,0,0,,0.00,0.00,,,,0,0,0,0.0,0.0,,0.0,0.0
Strahinja Pavlović,SRB,DF,Milan,23-168,2001,1.0,0,0,0,,0.00,0.00,,,,0,0,0,0.0,0.0,,0.0,0.0
Pedri,ESP,MF,Barcelona,21-349,2002,3.2,0,2,0,0.0,0.63,0.00,0.00,,13.2,0,0,0,0.3,0.3,0.13,-0.3,-0.3
Pedrinho,BRA,FW,Shakhtar,26-209,1998,0.3,0,2,1,50.0,6.67,3.33,0.00,0.00,23.0,0,0,0,0.1,0.1,0.06,-0.1,-0.1
Pedrinho,BRA,DF,Shakhtar,22-120,2002,4.0,0,0,0,,0.00,0.00,,,,0,0,0,0.0,0.0,,0.0,0.0
Iñaki Peña,ESP,GK,Barcelona,25-251,1999,3.0,0,0,0,,0.00,0.00,,,,0,0,0,0.0,0.0,,0.0,0.0
Ricardo Pepi,USA,FW,PSV Eindhoven,21-304,2003,0.2,0,3,2,66.7,12.86,8.57,0.00,0.00,17.7,0,0,0,0.1,0.1,0.05,-0.1,-0.1
Mathias Pereira Lage,POR,"FW,MF",Brest,27-344,1996,0.4,1,3,2,66.7,6.92,4.62,0.33,0.50,25.7,1,0,0,0.2,0.2,0.05,+0.8,+0.8
Mattia Perin,ITA,GK,Juventus,31-364,1992,1.3,0,0,0,,0.00,0.00,,,,0,0,0,0.0,0.0,,0.0,0.0
Jakub Pesek,CZE,FW,Sparta Prague,31-137,1993,0.9,0,1,0,0.0,1.17,0.00,0.00,,5.8,0,0,0,0.2,0.2,0.16,-0.2,-0.2
Bruno Petković,CRO,FW,Dinamo Zagreb,30-053,1994,2.1,2,4,2,50.0,1.87,0.93,0.50,1.00,14.3,0,0,0,0.6,0.6,0.14,+1.4,+1.4
Jaden Philogene Bidace,ENG,FW,Aston Villa,22-274,2002,1.3,0,1,0,0.0,0.78,0.00,0.00,,17.2,0,0,0,0.0,0.0,0.04,0.0,0.0
Kamil Piątkowski,POL,DF,RB Salzburg,24-140,2000,4.0,0,1,0,0.0,0.25,0.00,0.00,,32.8,0,0,0,0.0,0.0,0.02,0.0,0.0
Ronaël Pierre-Gabriel,FRA,DF,Dinamo Zagreb,26-148,1998,2.1,0,1,0,0.0,0.47,0.00,0.00,,12.3,0,0,0,0.0,0.0,0.04,0.0,0.0
Marko Pjaca,CRO,FW,Dinamo Zagreb,29-186,1995,1.6,0,3,1,33.3,1.85,0.62,0.00,0.00,21.3,0,0,0,0.1,0.1,0.05,-0.1,-0.1
Tommaso Pobega,ITA,MF,Bologna,25-116,1999,0.8,0,1,0,0.0,1.27,0.00,0.00,,16.0,0,0,0,0.0,0.0,0.04,0.0,0.0
Portu,ESP,"MF,FW",Girona,32-171,1992,0.5,0,0,0,,0.00,0.00,,,,0,0,0,0.0,0.0,,0.0,0.0
Stefan Posch,AUT,DF,Bologna,27-178,1997,4.0,0,4,0,0.0,1.00,0.00,0.00,,14.9,0,0,0,0.2,0.2,0.06,-0.2,-0.2
Yussuf Poulsen,DEN,"FW,MF",RB Leipzig,30-146,1994,0.7,0,2,0,0.0,2.95,0.00,0.00,,12.3,0,0,0,0.1,0.1,0.06,-0.1,-0.1
Ángelo Preciado,ECU,MF,Sparta Prague,26-264,1998,3.0,0,4,1,25.0,1.33,0.33,0.00,0.00,32.8,0,0,0,0.1,0.1,0.02,-0.1,-0.1
Egor Prutsev,RUS,FW,Red Star,21-321,2002,0.1,0,0,0,,0.00,0.00,,,,0,0,0,0.0,0.0,,0.0,0.0
Christian Pulisic,USA,"FW,MF",Milan,26-051,1998,3.6,2,7,5,71.4,1.93,1.38,0.29,0.40,20.3,0,0,0,0.3,0.3,0.04,+1.7,+1.7
Jarell Quansah,ENG,DF,Liverpool,21-284,2003,0.0,0,0,0,,0.00,0.00,,,,0,0,0,0.0,0.0,,0.0,0.0
Eduardo Quaresma,POR,DF,Sporting CP,22-251,2002,0.7,0,0,0,,0.00,0.00,,,,0,0,0,0.0,0.0,,0.0,0.0
Geovany Quenda,POR,DF,Sporting CP,17-192,2007,2.8,0,6,1,16.7,2.13,0.36,0.00,0.00,15.3,1,0,0,0.3,0.3,0.05,-0.3,-0.3
Nemanja Radonjić,SRB,MF,Red Star,28-267,1996,0.2,0,0,0,,0.00,0.00,,,,0,0,0,0.0,0.0,,0.0,0.0
Anthony Ralston,SCO,DF,Celtic,25-358,1998,0.2,0,0,0,,0.00,0.00,,,,0,0,0,0.0,0.0,,0.0,0.0
Jacob Ramsey,ENG,FW,Aston Villa,23-164,2001,1.9,1,4,4,100.0,2.16,2.16,0.25,0.25,13.7,0,0,0,1.1,1.1,0.28,-0.1,-0.1
Raphinha,BRA,"FW,MF",Barcelona,27-330,1996,3.5,5,14,5,35.7,4.04,1.44,0.36,1.00,19.4,1,0,0,1.9,1.9,0.13,+3.1,+3.1
Petar Ratkov,SRB,"MF,FW",RB Salzburg,21-082,2003,0.1,0,0,0,,0.00,0.00,,,,0,0,0,0.0,0.0,,0.0,0.0
David Raum,GER,DF,RB Leipzig,26-200,1998,2.0,0,1,0,0.0,0.50,0.00,0.00,,9.1,0,0,0,0.1,0.1,0.05,-0.1,-0.1
David Raya,ESP,GK,Arsenal,29-054,1995,4.0,0,0,0,,0.00,0.00,,,,0,0,0,0.0,0.0,,0.0,0.0
Tijjani Reijnders,NED,MF,Milan,26-102,1998,4.0,3,8,5,62.5,2.00,1.25,0.38,0.60,16.7,0,0,0,1.6,1.6,0.20,+1.4,+1.4
Matheus Reis,BRA,DF,Sporting CP,29-264,1995,2.1,0,0,0,,0.00,0.00,,,,0,0,0,0.0,0.0,,0.0,0.0
Mateo Retegui,ITA,FW,Atalanta,25-193,1999,2.5,0,8,3,37.5,3.20,1.20,0.00,0.00,14.8,0,0,1,1.7,0.8,0.10,-1.7,-0.8
Alexsandro Ribeiro,BRA,DF,Lille,25-091,1999,4.0,0,1,0,0.0,0.25,0.00,0.00,,13.0,0,0,0,0.0,0.0,0.03,0.0,0.0
Declan Rice,ENG,MF,Arsenal,25-299,1999,3.0,0,2,1,50.0,0.67,0.33,0.00,0.00,21.2,0,0,0,0.2,0.2,0.10,-0.2,-0.2
Fabian Rieder,SUI,"FW,MF",Stuttgart,22-266,2002,0.8,0,4,1,25.0,5.22,1.30,0.00,0.00,20.0,0,0,0,0.1,0.1,0.04,-0.1,-0.1
Rodrigo Riquelme,ESP,"DF,MF",Atlético Madrid,24-220,2000,1.0,0,1,0,0.0,0.97,0.00,0.00,,16.5,0,0,0,0.0,0.0,0.03,0.0,0.0
Stefan Ristovski,MKD,DF,Dinamo Zagreb,32-270,1992,4.0,0,1,0,0.0,0.25,0.00,0.00,,21.0,0,0,0,0.0,0.0,0.02,0.0,0.0
Dmytro Riznyk,UKR,GK,Shakhtar,25-283,1999,4.0,0,0,0,,0.00,0.00,,,,0,0,0,0.0,0.0,,0.0,0.0
Andrew Robertson,SCO,DF,Liverpool,30-242,1994,1.1,0,2,0,0.0,1.86,0.00,0.00,,17.9,0,0,0,0.4,0.4,0.18,-0.4,-0.4
Milan Rodić,SRB,DF,Red Star,33-220,1991,1.0,0,0,0,,0.00,0.00,,,,0,0,0,0.0,0.0,,0.0,0.0
Rodri,ESP,MF,Manchester City,28-139,1996,1.0,0,1,0,0.0,1.00,0.00,0.00,,29.2,0,0,0,0.0,0.0,0.04,0.0,0.0
Rodrygo,BRA,"FW,MF",Real Madrid,23-304,2001,1.9,0,8,1,12.5,4.11,0.51,0.00,0.00,15.4,0,0,0,0.6,0.6,0.08,-0.6,-0.6
Marko Rog,CRO,MF,Dinamo Zagreb,29-112,1995,1.2,0,2,2,100.0,1.71,1.71,0.00,0.00,20.9,0,0,0,0.1,0.1,0.07,-0.1,-0.1
Morgan Rogers,ENG,"MF,FW",Aston Villa,22-105,2002,3.7,0,9,2,22.2,2.44,0.54,0.00,0.00,21.8,0,0,0,0.5,0.5,0.06,-0.5,-0.5
Benjamín Rollheiser,ARG,"MF,FW",Benfica,24-229,2000,0.9,0,2,0,0.0,2.25,0.00,0.00,,22.4,0,0,0,0.1,0.1,0.06,-0.1,-0.1
Oriol Romeu,ESP,MF,Girona,33-045,1991,1.3,0,0,0,,0.00,0.00,,,,0,0,0,0.0,0.0,,0.0,0.0
Marten de Roon,NED,"MF,DF",Atalanta,33-224,1991,4.0,0,1,1,100.0,0.25,0.25,0.00,0.00,25.4,0,0,0,0.0,0.0,0.03,0.0,0.0
Anthony Rouault,FRA,DF,Stuttgart,23-163,2001,4.0,0,3,1,33.3,0.75,0.25,0.00,0.00,16.8,0,0,0,0.3,0.3,0.10,-0.3,-0.3
Jonas Rouhi,SWE,DF,Juventus,20-306,2004,0.0,0,0,0,,0.00,0.00,,,,0,0,0,0.0,0.0,,0.0,0.0
Albion Rrahmani,KVX,FW,Sparta Prague,24-069,2000,2.1,0,1,0,0.0,0.47,0.00,0.00,,16.0,0,0,0,0.1,0.1,0.11,-0.1,-0.1
Antonio Rüdiger,GER,DF,Real Madrid,31-250,1993,4.0,2,3,2,66.7,0.75,0.50,0.67,1.00,5.1,0,0,0,1.1,1.1,0.35,+0.9,+0.9
Matteo Ruggeri,ITA,DF,Atalanta,22-120,2002,1.2,0,1,0,0.0,0.84,0.00,0.00,,28.8,0,0,0,0.0,0.0,0.01,0.0,0.0
Fabián Ruiz Peña,ESP,MF,Paris S-G,28-219,1996,1.9,0,4,2,50.0,2.11,1.05,0.00,0.00,24.6,0,0,0,0.2,0.2,0.05,-0.2,-0.2
Julian Ryerson,NOR,DF,Dortmund,26-357,1997,2.8,0,2,1,50.0,0.71,0.35,0.00,0.00,18.3,0,0,0,0.1,0.1,0.07,-0.1,-0.1
Matěj Ryneš,CZE,MF,Sparta Prague,23-162,2001,3.1,0,2,0,0.0,0.64,0.00,0.00,,22.2,0,0,0,0.0,0.0,0.02,0.0,0.0
Kyriani Sabbe,BEL,DF,Club Brugge,19-292,2005,0.7,1,1,1,100.0,1.38,1.38,1.00,1.00,14.0,0,0,0,0.1,0.1,0.10,+0.9,+0.9
Marcel Sabitzer,AUT,"MF,FW",Dortmund,30-236,1994,2.7,0,8,1,12.5,2.95,0.37,0.00,0.00,19.9,1,0,0,0.7,0.7,0.09,-0.7,-0.7
Lukáš Sadílek,CZE,MF,Sparta Prague,28-169,1996,0.4,0,0,0,,0.00,0.00,,,,0,0,0,0.0,0.0,,0.0,0.0
Matvei Safonov,RUS,GK,Paris S-G,25-257,1999,1.0,0,0,0,,0.00,0.00,,,,0,0,0,0.0,0.0,,0.0,0.0
Osame Sahraoui,MAR,"MF,FW",Lille,23-150,2001,2.0,0,0,0,,0.00,0.00,,,,0,0,0,0.0,0.0,,0.0,0.0
Ismael Saibari,MAR,MF,PSV Eindhoven,23-285,2001,2.2,1,9,6,66.7,4.13,2.76,0.11,0.17,18.7,0,0,0,1.0,1.0,0.11,0.0,0.0
Bukayo Saka,ENG,"MF,FW",Arsenal,23-064,2001,2.8,1,7,4,57.1,2.51,1.43,0.14,0.25,19.8,2,0,0,0.4,0.4,0.06,+0.6,+0.6
Ibrahim Salah,MAR,"FW,MF",Brest,23-070,2001,0.3,0,0,0,,0.00,0.00,,,,0,0,0,0.0,0.0,,0.0,0.0
Mohamed Salah,EGY,FW,Liverpool,32-146,1992,3.7,1,14,5,35.7,3.81,1.36,0.07,0.20,14.2,0,0,0,0.9,0.9,0.07,+0.1,+0.1
William Saliba,FRA,DF,Arsenal,23-229,2001,4.0,0,2,0,0.0,0.50,0.00,0.00,,4.5,0,0,0,0.3,0.3,0.17,-0.3,-0.3
Mohammed Salisu,GHA,DF,Monaco,25-205,1999,2.0,1,2,2,100.0,1.00,1.00,0.50,0.50,8.4,0,0,0,0.2,0.2,0.10,+0.8,+0.8
Lazar Samardzic,SRB,"MF,FW",Atalanta,22-258,2002,1.4,0,5,1,20.0,3.60,0.72,0.00,0.00,20.9,1,0,0,0.3,0.3,0.05,-0.3,-0.3
Mama Samba Baldé,GNB,"MF,FW",Brest,29-002,1995,1.4,0,2,0,0.0,1.43,0.00,0.00,,10.9,0,0,0,0.2,0.2,0.10,-0.2,-0.2
Renato Sanches,POR,MF,Benfica,27-082,1997,1.2,0,1,0,0.0,0.87,0.00,0.00,,31.8,0,0,0,0.0,0.0,0.03,0.0,0.0
Leroy Sané,GER,FW,Bayern Munich,28-302,1996,1.3,1,3,3,100.0,2.37,2.37,0.33,0.33,22.9,0,0,0,0.2,0.2,0.05,+0.8,+0.8
Nuno Santos,POR,DF,Sporting CP,29-269,1995,1.8,1,2,1,50.0,1.12,0.56,0.50,1.00,15.2,0,0,0,0.1,0.1,0.05,+0.9,+0.9
Tiago Santos,POR,DF,Lille,22-108,2002,1.3,0,0,0,,0.00,0.00,,,,0,0,0,0.0,0.0,,0.0,0.0
Sávio,BRA,"MF,FW",Manchester City,20-212,2004,3.3,0,11,1,9.1,3.29,0.30,0.00,0.00,18.0,0,0,0,0.8,0.8,0.07,-0.8,-0.8
Nicolò Savona,ITA,DF,Juventus,21-234,2003,1.5,0,1,0,0.0,0.66,0.00,0.00,,16.7,0,0,0,0.0,0.0,0.02,0.0,0.0
Kyriakos Savvidis,GRE,MF,Slovan Bratislava,29-141,1995,2.9,0,1,1,100.0,0.35,0.35,0.00,0.00,22.4,0,0,0,0.0,0.0,0.02,0.0,0.0
Liam Scales,IRL,DF,Celtic,26-092,1998,3.2,1,1,1,100.0,0.31,0.31,1.00,1.00,6.2,0,0,0,0.2,0.2,0.18,+0.8,+0.8
Kjell Scherpen,NED,GK,Sturm Graz,24-290,2000,4.0,0,0,0,,0.00,0.00,,,,0,0,0,0.0,0.0,,0.0,0.0
Patrik Schick,CZE,FW,Leverkusen,28-289,1996,1.1,0,1,1,100.0,0.89,0.89,0.00,0.00,10.6,0,0,0,0.1,0.1,0.14,-0.1,-0.1
Andreas Schjelderup,NOR,DF,Benfica,20-160,2004,0.0,0,0,0,,0.00,0.00,,,,0,0,0,0.0,0.0,,0.0,0.0
Alexander Schlager,AUT,GK,RB Salzburg,28-281,1996,0.7,0,0,0,,0.00,0.00,,,,0,0,0,0.0,0.0,,0.0,0.0
Nico Schlotterbeck,GER,DF,Dortmund,24-343,1999,4.0,0,2,2,100.0,0.50,0.50,0.00,0.00,29.3,0,0,0,0.0,0.0,0.02,0.0,0.0
Kasper Schmeichel,DEN,GK,Celtic,38-003,1986,4.0,0,0,0,,0.00,0.00,,,,0,0,0,0.0,0.0,,0.0,0.0
Konstantin Schopp,AUT,DF,Sturm Graz,18-314,2005,0.0,0,0,0,,0.00,0.00,,,,0,0,0,0.0,0.0,,0.0,0.0
Jerdy Schouten,NED,MF,PSV Eindhoven,27-301,1997,2.0,1,1,1,100.0,0.50,0.50,1.00,1.00,29.1,0,0,0,0.0,0.0,0.03,+1.0,+1.0
Nicolas Seiwald,AUT,MF,RB Leipzig,23-188,2001,1.5,0,1,0,0.0,0.68,0.00,0.00,,23.2,0,0,0,0.0,0.0,0.02,0.0,0.0
Javier Serrano,ESP,MF,Atlético Madrid,21-297,2003,0.5,0,0,0,,0.00,0.00,,,,0,0,0,0.0,0.0,,0.0,0.0
Benjamin Šeško,SVN,FW,RB Leipzig,21-161,2003,3.3,3,11,6,54.5,3.31,1.81,0.18,0.33,17.1,0,1,1,2.5,1.7,0.16,+0.5,+0.3
Joaquin Seys,BEL,DF,Club Brugge,19-225,2005,3.3,0,0,0,,0.00,0.00,,,,0,0,0,0.0,0.0,,0.0,0.0
Zuberu Sharani,GHA,"DF,MF",Slovan Bratislava,24-306,2000,1.3,0,0,0,,0.00,0.00,,,,0,0,0,0.0,0.0,,0.0,0.0
Danylo Sikan,UKR,FW,Shakhtar,23-206,2001,1.3,0,1,0,0.0,0.75,0.00,0.00,,8.8,0,0,0,0.1,0.1,0.13,-0.1,-0.1
André Silva,POR,FW,RB Leipzig,29-002,1995,0.1,0,1,0,0.0,8.18,0.00,0.00,,16.1,0,0,0,0.2,0.2,0.19,-0.2,-0.2
António Silva,POR,DF,Benfica,21-009,2003,2.1,0,0,0,,0.00,0.00,,,,0,0,0,0.0,0.0,,0.0,0.0
Bernardo Silva,POR,"MF,FW",Manchester City,30-090,1994,2.5,0,3,0,0.0,1.21,0.00,0.00,,12.2,0,0,0,0.3,0.3,0.11,-0.3,-0.3
Caio Henrique Oliveira Silva,BRA,"DF,MF",Monaco,27-100,1997,2.1,0,1,1,100.0,0.48,0.48,0.00,0.00,4.3,0,0,0,0.2,0.2,0.22,-0.2,-0.2
Abdallah Sima,SEN,FW,Brest,23-144,2001,2.5,3,6,3,50.0,2.42,1.21,0.50,1.00,10.8,0,0,0,1.6,1.6,0.26,+1.4,+1.4
Giuliano Simeone,ARG,"MF,FW",Atlético Madrid,21-326,2002,1.2,0,2,1,50.0,1.73,0.87,0.00,0.00,12.4,0,0,0,0.2,0.2,0.11,-0.2,-0.2
Xavi Simons,NED,MF,RB Leipzig,21-201,2003,2.8,0,7,2,28.6,2.53,0.72,0.00,0.00,19.2,2,0,0,0.5,0.5,0.07,-0.5,-0.5
Jahmai Simpson-Pusey,ENG,DF,Manchester City,19-004,2005,1.0,0,0,0,,0.00,0.00,,,,0,0,0,0.0,0.0,,0.0,0.0
Wilfried Singo,CIV,DF,Monaco,23-319,2000,3.0,1,3,1,33.3,1.00,0.33,0.33,1.00,22.7,0,0,0,0.1,0.1,0.02,+0.9,+0.9
Michał Skóraś,POL,"MF,FW",Club Brugge,24-267,2000,0.7,0,1,0,0.0,1.36,0.00,0.00,,16.1,0,0,0,0.0,0.0,0.03,0.0,0.0
Łukasz Skorupski,POL,GK,Bologna,33-187,1991,4.0,0,0,0,,0.00,0.00,,,,0,0,0,0.0,0.0,,0.0,0.0
Andreas Skov Olsen,DEN,"MF,FW",Club Brugge,24-315,1999,2.5,0,5,2,40.0,1.98,0.79,0.00,0.00,19.6,0,0,0,0.4,0.4,0.08,-0.4,-0.4
Gijs Smal,NED,"DF,MF",Feyenoord,27-069,1997,0.8,0,0,0,,0.00,0.00,,,,0,0,0,0.0,0.0,,0.0,0.0
Rhodri Smith,SUI,DF,Young Boys,18-060,2006,0.3,0,1,0,0.0,3.10,0.00,0.00,,22.3,0,0,0,0.0,0.0,0.01,0.0,0.0
Markus Solbakken,NOR,MF,Sparta Prague,24-106,2000,0.1,0,0,0,,0.00,0.00,,,,0,0,0,0.0,0.0,,0.0,0.0
Jhon Solis,COL,MF,Girona,20-036,2004,0.4,0,0,0,,0.00,0.00,,,,0,0,0,0.0,0.0,,0.0,0.0
Yann Sommer,SUI,GK,Inter,35-327,1988,4.0,0,0,0,,0.00,0.00,,,,0,0,0,0.0,0.0,,0.0,0.0
Uroš Spajić,SRB,DF,Red Star,31-269,1993,4.0,0,0,0,,0.00,0.00,,,,0,0,0,0.0,0.0,,0.0,0.0
Dario Špikić,CRO,"FW,DF",Dinamo Zagreb,25-231,1999,1.0,1,2,2,100.0,1.96,1.96,0.50,0.50,13.5,0,0,0,0.1,0.1,0.06,+0.9,+0.9
Jerry St. Juste,NED,DF,Sporting CP,28-020,1996,0.4,0,0,0,,0.00,0.00,,,,0,0,0,0.0,0.0,,0.0,0.0
Pascal Stenzel,GER,"DF,MF",Stuttgart,28-233,1996,0.8,0,1,0,0.0,1.27,0.00,0.00,,26.2,0,0,0,0.0,0.0,0.01,0.0,0.0
Taras Stepanenko,UKR,MF,Shakhtar,35-092,1989,0.8,0,0,0,,0.00,0.00,,,,0,0,0,0.0,0.0,,0.0,0.0
Raheem Sterling,ENG,"FW,MF",Arsenal,29-336,1994,0.5,0,0,0,,0.00,0.00,,,,0,0,0,0.0,0.0,,0.0,0.0
Angelo Stiller,GER,MF,Stuttgart,23-218,2001,4.0,0,5,3,60.0,1.25,0.75,0.00,0.00,20.6,1,0,0,0.8,0.8,0.16,-0.8,-0.8
Luka Stojkovic,CRO,MF,Dinamo Zagreb,21-011,2003,0.5,0,2,0,0.0,3.75,0.00,0.00,,21.0,0,0,0,0.3,0.3,0.13,-0.3,-0.3
John Stones,ENG,DF,Manchester City,30-164,1994,1.8,1,3,2,66.7,1.66,1.10,0.33,0.50,9.7,0,0,0,0.3,0.3,0.10,+0.7,+0.7
Dávid Strelec,SVK,FW,Slovan Bratislava,23-218,2001,3.7,1,7,1,14.3,1.91,0.27,0.14,1.00,12.4,0,0,0,1.5,1.5,0.21,-0.5,-0.5
Cristhian Stuani,URU,FW,Girona,38-027,1986,2.1,0,4,2,50.0,1.93,0.96,0.00,0.00,14.3,0,0,1,1.1,0.3,0.08,-1.1,-0.3
Martin Suchomel,CZE,MF,Sparta Prague,22-058,2002,0.1,0,0,0,,0.00,0.00,,,,0,0,0,0.0,0.0,,0.0,0.0
Petar Sucic,CRO,MF,Dinamo Zagreb,21-014,2003,2.9,2,6,2,33.3,2.05,0.68,0.33,1.00,16.9,0,0,0,1.3,1.3,0.21,+0.7,+0.7
Heorhiy Sudakov,UKR,MF,Shakhtar,22-068,2002,3.9,1,4,1,25.0,1.03,0.26,0.25,1.00,25.5,0,0,1,0.9,0.1,0.04,+0.1,+0.9
Niklas Süle,GER,DF,Dortmund,29-066,1995,2.0,0,0,0,,0.00,0.00,,,,0,0,0,0.0,0.0,,0.0,0.0
Dominik Szoboszlai,HUN,MF,Liverpool,24-014,2000,3.1,1,5,3,60.0,1.60,0.96,0.20,0.33,13.8,0,0,0,0.9,0.9,0.17,+0.1,+0.1
Július Szöke,SVK,MF,Slovan Bratislava,29-099,1995,0.4,0,0,0,,0.00,0.00,,,,0,0,0,0.0,0.0,,0.0,0.0
Asger Sørensen,DEN,DF,Sparta Prague,28-156,1996,1.0,0,0,0,,0.00,0.00,,,,0,0,0,0.0,0.0,,0.0,0.0
Alexander Sørloth,NOR,FW,Atlético Madrid,28-339,1995,1.5,0,6,3,50.0,3.94,1.97,0.00,0.00,13.3,0,0,0,1.2,1.2,0.20,-1.2,-1.2
Jonathan Tah,GER,DF,Leverkusen,28-271,1996,4.0,0,2,1,50.0,0.50,0.25,0.00,0.00,8.8,0,0,0,0.1,0.1,0.05,-0.1,-0.1
Dominik Takáč,SVK,GK,Slovan Bratislava,25-301,1999,4.0,0,0,0,,0.00,0.00,,,,0,0,0,0.0,0.0,,0.0,0.0
Chemsdine Talbi,BEL,"MF,FW",Club Brugge,19-183,2005,0.8,0,1,1,100.0,1.29,1.29,0.00,0.00,23.2,0,0,0,0.0,0.0,0.02,0.0,0.0
Edmond Tapsoba,BFA,DF,Leverkusen,25-280,1999,3.2,0,2,1,50.0,0.62,0.31,0.00,0.00,27.2,0,0,0,0.1,0.1,0.04,-0.1,-0.1
Mehdi Taremi,IRN,FW,Inter,32-113,1992,3.7,1,4,0,0.0,1.08,0.00,0.00,,16.5,0,1,1,1.2,0.4,0.11,-0.2,-0.4
Greg Taylor,SCO,DF,Celtic,27-003,1997,2.2,0,1,0,0.0,0.45,0.00,0.00,,25.7,0,0,0,0.0,0.0,0.05,0.0,0.0
Aurélien Tchouaméni,FRA,"MF,DF",Real Madrid,24-286,2000,2.3,0,5,2,40.0,2.14,0.86,0.00,0.00,20.1,0,0,0,0.2,0.2,0.04,-0.2,-0.2
Mathys Tel,FRA,MF,Bayern Munich,19-195,2005,0.1,0,2,1,50.0,36.00,18.00,0.00,0.00,25.3,0,0,0,0.1,0.1,0.03,-0.1,-0.1
Nathan Tella,NGA,"FW,DF",Leverkusen,25-126,1999,0.8,0,1,0,0.0,1.22,0.00,0.00,,18.4,0,0,0,0.1,0.1,0.07,-0.1,-0.1
Marc-André ter Stegen,GER,GK,Barcelona,32-192,1992,1.0,0,0,0,,0.00,0.00,,,,0,0,0,0.0,0.0,,0.0,0.0
Martin Terrier,FRA,MF,Leverkusen,27-249,1997,1.1,0,0,0,,0.00,0.00,,,,0,0,0,0.0,0.0,,0.0,0.0
Aleksa Terzić,SRB,DF,RB Salzburg,25-083,1999,1.9,0,0,0,,0.00,0.00,,,,0,0,0,0.0,0.0,,0.0,0.0
Kévin Théophile-Catherine,FRA,DF,Dinamo Zagreb,35-011,1989,4.0,0,2,0,0.0,0.50,0.00,0.00,,14.5,0,0,0,0.1,0.1,0.07,-0.1,-0.1
Malick Thiaw,GER,DF,Milan,23-092,2001,1.1,1,2,1,50.0,1.84,0.92,0.50,1.00,4.3,0,0,0,0.4,0.4,0.22,+0.6,+0.6
Khéphren Thuram,FRA,MF,Juventus,23-227,2001,2.1,0,2,1,50.0,0.95,0.47,0.00,0.00,20.1,0,0,0,0.2,0.2,0.09,-0.2,-0.2
Marcus Thuram,FRA,FW,Inter,27-094,1997,1.2,1,5,2,40.0,4.13,1.65,0.20,0.50,13.7,0,0,0,0.6,0.6,0.13,+0.4,+0.4
Youri Tielemans,BEL,MF,Aston Villa,27-185,1997,3.8,1,5,2,40.0,1.31,0.52,0.20,0.50,26.6,1,0,0,0.1,0.1,0.03,+0.9,+0.9
Guus Til,NED,MF,PSV Eindhoven,26-322,1997,3.5,0,7,3,42.9,2.01,0.86,0.00,0.00,13.5,0,0,0,0.8,0.8,0.12,-0.8,-0.8
Malik Tillman,USA,"MF,FW",PSV Eindhoven,22-164,2002,4.0,1,7,2,28.6,1.75,0.50,0.14,0.50,21.1,1,0,0,0.4,0.4,0.05,+0.6,+0.6
Jurriën Timber,NED,DF,Arsenal,23-144,2001,2.2,0,0,0,,0.00,0.00,,,,0,0,0,0.0,0.0,,0.0,0.0
Quinten Timber,NED,MF,Feyenoord,23-144,2001,3.7,0,5,2,40.0,1.34,0.53,0.00,0.00,20.3,0,0,0,0.2,0.2,0.05,-0.2,-0.2
Vinicius Tobias,BRA,DF,Shakhtar,20-259,2004,0.6,0,0,0,,0.00,0.00,,,,0,0,0,0.0,0.0,,0.0,0.0
Marko Tolić,CRO,MF,Slovan Bratislava,28-126,1996,3.8,0,6,1,16.7,1.59,0.26,0.00,0.00,25.4,1,0,0,0.2,0.2,0.03,-0.2,-0.2
Fikayo Tomori,ENG,DF,Milan,26-325,1997,3.9,0,1,1,100.0,0.25,0.25,0.00,0.00,4.9,0,0,0,0.1,0.1,0.10,-0.1,-0.1
Pablo Torre,ESP,MF,Barcelona,21-219,2003,0.1,0,0,0,,0.00,0.00,,,,0,0,0,0.0,0.0,,0.0,0.0
Raúl Torrente,ESP,DF,Dinamo Zagreb,23-058,2001,3.0,0,1,0,0.0,0.33,0.00,0.00,,12.1,0,0,0,0.0,0.0,0.03,0.0,0.0
Ferrán Torres,ESP,FW,Barcelona,24-253,2000,1.1,0,3,2,66.7,2.67,1.78,0.00,0.00,10.1,0,0,0,0.7,0.7,0.22,-0.7,-0.7
Pau Torres,ESP,DF,Aston Villa,27-297,1997,3.3,0,0,0,,0.00,0.00,,,,0,0,0,0.0,0.0,,0.0,0.0
Lorenzo Torriani,ITA,GK,Milan,19-282,2005,0.4,0,0,0,,0.00,0.00,,,,0,0,0,0.0,0.0,,0.0,0.0
Ousmane Toure,FRA,DF,Lille,19-264,2005,0.5,0,0,0,,0.00,0.00,,,,0,0,0,0.0,0.0,,0.0,0.0
Gernot Trauner,AUT,DF,Feyenoord,32-228,1992,3.0,0,4,0,0.0,1.33,0.00,0.00,,10.7,0,0,0,0.2,0.2,0.05,-0.2,-0.2
Francisco Trincão,POR,MF,Sporting CP,24-315,1999,3.8,0,8,1,12.5,2.09,0.26,0.00,0.00,21.2,0,0,0,0.5,0.5,0.06,-0.5,-0.5
Leandro Trossard,BEL,FW,Arsenal,29-340,1994,3.0,0,5,0,0.0,1.64,0.00,0.00,,19.6,0,0,1,1.1,0.3,0.06,-1.1,-0.3
Anatolii Trubin,UKR,GK,Benfica,23-099,2001,4.0,0,0,0,,0.00,0.00,,,,0,0,0,0.0,0.0,,0.0,0.0
Auston Trusty,USA,DF,Celtic,26-088,1998,3.1,0,1,0,0.0,0.33,0.00,0.00,,10.0,0,0,0,0.1,0.1,0.07,-0.1,-0.1
Kostas Tsimikas,GRE,DF,Liverpool,28-180,1996,2.9,0,5,0,0.0,1.71,0.00,0.00,,22.3,0,0,0,0.3,0.3,0.05,-0.3,-0.3
Viktor Tsyhankov,UKR,FW,Girona,26-359,1997,1.3,0,1,1,100.0,0.78,0.78,0.00,0.00,13.6,0,0,0,0.2,0.2,0.20,-0.2,-0.2
Indrit Tuci,ALB,FW,Sparta Prague,24-055,2000,0.1,0,0,0,,0.00,0.00,,,,0,0,0,0.0,0.0,,0.0,0.0
Christos Tzolis,GRE,"MF,FW",Club Brugge,22-283,2002,3.5,1,12,6,50.0,3.40,1.70,0.08,0.17,19.9,0,0,0,0.5,0.5,0.04,+0.5,+0.5
Ayase Ueda,JPN,"FW,MF",Feyenoord,26-059,1998,1.9,1,1,1,100.0,0.52,0.52,1.00,1.00,26.5,0,0,1,1.0,0.3,0.26,0.0,+0.7
Filip Ugrinic,SUI,MF,Young Boys,25-308,1999,3.6,0,4,2,50.0,1.10,0.55,0.00,0.00,27.0,1,0,0,0.1,0.1,0.03,-0.1,-0.1
Sven Ulreich,GER,GK,Bayern Munich,36-097,1988,0.5,0,0,0,,0.00,0.00,,,,0,0,0,0.0,0.0,,0.0,0.0
Deniz Undav,GER,"MF,FW",Stuttgart,28-112,1996,3.2,1,12,4,33.3,3.70,1.23,0.08,0.25,16.6,1,0,0,1.4,1.4,0.12,-0.4,-0.4
Dayot Upamecano,FRA,DF,Bayern Munich,26-012,1998,4.0,0,2,1,50.0,0.50,0.25,0.00,0.00,5.9,0,0,0,0.5,0.5,0.24,-0.5,-0.5
Kacper Urbanski,POL,MF,Bologna,20-062,2004,1.5,0,3,1,33.3,1.94,0.65,0.00,0.00,19.9,0,0,0,0.2,0.2,0.06,-0.2,-0.2
Josha Vagnoman,GER,DF,Stuttgart,23-333,2000,2.7,0,3,0,0.0,1.12,0.00,0.00,,19.9,0,0,0,0.1,0.1,0.04,-0.1,-0.1
Álex Valle,ESP,DF,Celtic,20-197,2004,1.8,0,1,1,100.0,0.57,0.57,0.00,0.00,30.3,0,0,0,0.0,0.0,0.02,0.0,0.0
Federico Valverde,URU,MF,Real Madrid,26-109,1998,3.5,0,4,0,0.0,1.14,0.00,0.00,,26.0,0,0,0,0.1,0.1,0.02,-0.1,-0.1
Virgil van Dijk,NED,DF,Liverpool,33-123,1991,4.0,1,3,2,66.7,0.75,0.50,0.33,0.50,6.8,0,0,0,0.5,0.5,0.15,+0.5,+0.5
Hans Vanaken,BEL,"MF,FW",Club Brugge,32-076,1992,4.0,1,3,0,0.0,0.75,0.00,0.00,,23.7,0,1,1,1.0,0.2,0.06,0.0,-0.2
Vanderson,BRA,DF,Monaco,23-140,2001,3.8,0,3,1,33.3,0.80,0.27,0.00,0.00,24.0,0,0,0,0.1,0.1,0.02,-0.1,-0.1
Lucas Vázquez,ESP,DF,Real Madrid,33-130,1991,2.5,1,2,2,100.0,0.80,0.80,0.50,0.50,9.6,0,0,0,0.2,0.2,0.12,+0.8,+0.8
Joey Veerman,NED,MF,PSV Eindhoven,25-355,1998,0.7,0,2,1,50.0,2.95,1.48,0.00,0.00,26.6,0,0,0,0.0,0.0,0.02,0.0,0.0
Romeo Vermant,BEL,"FW,MF",Club Brugge,20-289,2004,0.2,0,1,0,0.0,4.29,0.00,0.00,,16.4,0,0,0,0.0,0.0,0.04,0.0,0.0
Arthur Vermeeren,BEL,MF,RB Leipzig,19-275,2005,1.5,0,0,0,,0.00,0.00,,,,0,0,0,0.0,0.0,,0.0,0.0
Hugo Vetlesen,NOR,MF,Club Brugge,24-253,2000,1.6,0,4,1,25.0,2.50,0.62,0.00,0.00,14.5,0,0,0,0.6,0.6,0.15,-0.6,-0.6
William Vick,DEN,MF,Sturm Graz,21-252,2003,3.7,0,4,2,50.0,1.07,0.54,0.00,0.00,21.4,0,0,0,0.4,0.4,0.10,-0.4,-0.4
Pau Victor Delgado,ESP,FW,Barcelona,22-348,2001,0.4,0,0,0,,0.00,0.00,,,,0,0,0,0.0,0.0,,0.0,0.0
Peter Vindahl Jensen,DEN,GK,Sparta Prague,26-266,1998,4.0,0,0,0,,0.00,0.00,,,,0,0,0,0.0,0.0,,0.0,0.0
Alan Virginius,FRA,"FW,MF",Young Boys,21-310,2003,1.5,0,2,0,0.0,1.35,0.00,0.00,,13.5,0,0,0,0.1,0.1,0.03,-0.1,-0.1
Martin Vitík,CZE,DF,Sparta Prague,21-292,2003,4.0,0,2,0,0.0,0.50,0.00,0.00,,9.2,0,0,0,0.2,0.2,0.09,-0.2,-0.2
Vitinha,POR,MF,Paris S-G,24-269,2000,2.7,0,2,0,0.0,0.73,0.00,0.00,,32.9,0,0,0,0.1,0.1,0.03,-0.1,-0.1
Dušan Vlahović,SRB,FW,Juventus,24-285,2000,3.5,3,12,5,41.7,3.44,1.43,0.17,0.40,16.5,0,1,1,2.4,1.6,0.13,+0.6,+0.4
Siemen Voet,BEL,DF,Slovan Bratislava,24-279,2000,1.0,0,1,0,0.0,1.00,0.00,0.00,,13.0,0,0,0,0.1,0.1,0.07,-0.1,-0.1
Matúš Vojtko,SVK,DF,Slovan Bratislava,24-034,2000,0.1,0,0,0,,0.00,0.00,,,,0,0,0,0.0,0.0,,0.0,0.0
Stefan de Vrij,NED,DF,Inter,32-277,1992,2.7,0,1,0,0.0,0.37,0.00,0.00,,7.8,0,0,0,0.1,0.1,0.15,-0.1,-0.1
Kyle Walker,ENG,DF,Manchester City,34-164,1990,0.1,0,1,1,100.0,6.92,6.92,0.00,0.00,25.2,0,0,0,0.0,0.0,0.03,0.0,0.0
Ollie Watkins,ENG,FW,Aston Villa,28-314,1995,2.6,0,6,0,0.0,2.32,0.00,0.00,,15.1,0,0,0,0.8,0.8,0.14,-0.8,-0.8
Timothy Weah,USA,FW,Juventus,24-260,2000,0.9,0,1,0,0.0,1.11,0.00,0.00,,24.7,0,0,0,0.0,0.0,0.01,0.0,0.0
Vladimír Weiss,SVK,"FW,MF",Slovan Bratislava,34-344,1989,1.5,0,1,0,0.0,0.65,0.00,0.00,,11.7,0,0,0,0.2,0.2,0.19,-0.2,-0.2
Timon Wellenreuther,GER,GK,Feyenoord,28-341,1995,4.0,0,0,0,,0.00,0.00,,,,0,0,0,0.0,0.0,,0.0,0.0
Ben White,ENG,DF,Arsenal,27-031,1997,2.5,0,0,0,,0.00,0.00,,,,0,0,0,0.0,0.0,,0.0,0.0
Tomáš Wiesner,CZE,MF,Sparta Prague,27-114,1997,1.8,0,0,0,,0.00,0.00,,,,0,0,0,0.0,0.0,,0.0,0.0
Kevin Wimmer,AUT,DF,Slovan Bratislava,31-359,1992,3.0,1,2,1,50.0,0.67,0.33,0.50,1.00,20.0,0,0,0,0.1,0.1,0.05,+0.9,+0.9
Florian Wirtz,GER,"MF,FW",Leverkusen,21-189,2003,3.8,3,10,6,60.0,2.65,1.59,0.30,0.50,17.3,0,0,0,1.8,1.8,0.18,+1.2,+1.2
Axel Witsel,BEL,DF,Atlético Madrid,35-301,1989,3.0,0,0,0,,0.00,0.00,,,,0,0,0,0.0,0.0,,0.0,0.0
Gregory Wüthrich,SUI,DF,Sturm Graz,29-340,1994,0.1,0,0,0,,0.00,0.00,,,,0,0,0,0.0,0.0,,0.0,0.0
Granit Xhaka,SUI,MF,Leverkusen,32-042,1992,3.2,0,2,0,0.0,0.62,0.00,0.00,,23.0,0,0,0,0.1,0.1,0.06,-0.1,-0.1
Malick Yalcouye,CIV,MF,Sturm Graz,18-356,2005,3.4,0,5,0,0.0,1.47,0.00,0.00,,24.2,0,0,0,0.2,0.2,0.03,-0.2,-0.2
Lamine Yamal,ESP,FW,Barcelona,17-118,2007,3.6,1,11,5,45.5,3.03,1.38,0.09,0.20,22.0,0,0,0,0.5,0.5,0.05,+0.5,+0.5
Erencan Yardimci,TUR,FW,Sturm Graz,22-278,2002,0.8,0,0,0,,0.00,0.00,,,,0,0,0,0.0,0.0,,0.0,0.0
Kenan Yıldız,TUR,FW,Juventus,19-188,2005,3.3,1,8,2,25.0,2.42,0.61,0.13,0.50,19.2,0,0,0,0.3,0.3,0.04,+0.7,+0.7
Seol Youngwoo,KOR,DF,Red Star,25-339,1998,4.0,0,2,0,0.0,0.50,0.00,0.00,,24.2,0,0,0,0.1,0.1,0.03,-0.1,-0.1
Dan-Axel Zagadou,FRA,DF,Stuttgart,25-158,1999,0.0,0,0,0,,0.00,0.00,,,,0,0,0,0.0,0.0,,0.0,0.0
Danijel Zagorac,CRO,GK,Dinamo Zagreb,37-275,1987,1.0,0,0,0,,0.00,0.00,,,,0,0,0,0.0,0.0,,0.0,0.0
Warren Zaïre-Emery,FRA,MF,Paris S-G,18-245,2006,3.7,1,5,1,20.0,1.36,0.27,0.20,1.00,12.8,0,0,0,1.0,1.0,0.20,0.0,0.0
Denis Zakaria,SUI,MF,Monaco,27-354,1996,3.0,1,3,0,0.0,1.02,0.00,0.00,,26.9,0,1,1,0.9,0.1,0.03,+0.1,-0.1
Nicolò Zaniolo,ITA,"FW,MF",Atalanta,25-129,1999,1.0,1,2,1,50.0,2.07,1.03,0.50,1.00,20.4,0,0,0,0.6,0.6,0.29,+0.4,+0.4
Davide Zappacosta,ITA,DF,Atalanta,32-150,1992,3.8,0,6,0,0.0,1.59,0.00,0.00,,20.1,0,0,0,0.4,0.4,0.06,-0.4,-0.4
Gjivai Zechiël,NED,MF,Feyenoord,20-160,2004,0.0,0,0,0,,0.00,0.00,,,,0,0,0,0.0,0.0,,0.0,0.0
Jaroslav Zelený,CZE,DF,Sparta Prague,32-080,1992,2.0,0,1,0,0.0,0.50,0.00,0.00,,12.5,0,0,0,0.1,0.1,0.09,-0.1,-0.1
Ramiz Zerrouki,ALG,"MF,FW",Feyenoord,26-166,1998,0.8,0,1,0,0.0,1.20,0.00,0.00,,22.0,0,0,0,0.1,0.1,0.08,-0.1,-0.1
Edon Zhegrova,KVX,"FW,MF",Lille,25-222,1999,3.8,1,8,3,37.5,2.09,0.78,0.13,0.33,20.9,1,0,0,0.4,0.4,0.05,+0.6,+0.6
Piotr Zieliński,POL,MF,Inter,30-172,1994,2.7,0,6,0,0.0,2.20,0.00,0.00,,23.0,0,0,0,0.5,0.5,0.08,-0.5,-0.5
Oleksandr Zinchenko,UKR,DF,Arsenal,27-329,1996,0.1,0,0,0,,0.00,0.00,,,,0,0,0,0.0,0.0,,0.0,0.0
Tanguy Zoukrou,FRA,DF,Young Boys,21-185,2003,2.0,0,0,0,,0.00,0.00,,,,0,0,0,0.0,0.0,,0.0,0.0
Oleksandr Zubkov,UKR,"FW,MF",Shakhtar,28-097,1996,3.4,1,8,2,25.0,2.36,0.59,0.13,0.50,19.0,0,0,0,1.1,1.1,0.14,-0.1,-0.1
Lovro Zvonarek,CRO,"MF,FW",Sturm Graz,19-184,2005,1.3,0,2,0,0.0,1.54,0.00,0.00,,21.2,0,0,0,0.1,0.1,0.06,-0.1,-0.1
Martin Ødegaard,NOR,MF,Arsenal,25-327,1998,0.0,0,0,0,,0.00,0.00,,,,0,0,0,0.0,0.0,,0.0,0.0
Łukasz Łakomy,POL,MF,Young Boys,23-295,2001,1.6,0,4,1,25.0,2.52,0.63,0.00,0.00,25.1,0,0,0,0.1,0.1,0.03,-0.1,-0.1
