Player,Pos,Squad,Age,Club,Born,MatchesPlayed,Starts,Min,90s,Goals,Assists,G+A,G-PK,PK,PKattempted,CardY,CardR,xG,npxG,xAG,npxG+xAG,PrgCarries,PrgPasses,PrgReceived,G/90,A/90,G+A/90,G-PK/90,G+A-PK/90,xG/90,xAG/90,xG+xAG/90,npxG/90,npxG+xAG/90
Brenden Aaronson,MF,United States,21,Leeds United,2000,4,0,108,1.2,0,0,0,0,0,0,0,0,0.1,0.1,0.2,0.3,2,6,6,0.00,0.00,0.00,0.00,0.00,0.06,0.18,0.24,0.06,0.24
Ali Abdi,DF,Tunisia,28,Caen,1993,3,2,188,2.1,0,0,0,0,0,0,1,0,0.0,0.0,0.0,0.0,1,7,17,0.00,0.00,0.00,0.00,0.00,0.00,0.02,0.02,0.00,0.02
Salis Abdul Samed,MF,Ghana,22,Lens,2000,3,3,250,2.8,0,0,0,0,0,0,0,0,0.0,0.0,0.0,0.1,3,6,1,0.00,0.00,0.00,0.00,0.00,0.01,0.01,0.02,0.01,0.02
Saud Abdulhamid,"DF,MF",Saudi Arabia,22,Al-Hilal,1999,3,3,270,3.0,0,0,0,0,0,0,1,0,0.0,0.0,0.0,0.1,6,15,17,0.00,0.00,0.00,0.00,0.00,0.01,0.02,0.02,0.01,0.02
Nawaf Al Abed,MF,Saudi Arabia,32,Al-Shabab,1990,2,0,88,1.0,0,0,0,0,0,0,1,0,0.1,0.1,0.1,0.2,4,1,7,0.00,0.00,0.00,0.00,0.00,0.13,0.06,0.20,0.13,0.20
Pape Abou Cissé,DF,Senegal,26,Olympiacos,1995,3,1,105,1.2,0,0,0,0,0,0,0,0,0.0,0.0,0.0,0.0,0,0,0,0.00,0.00,0.00,0.00,0.00,0.00,0.00,0.00,0.00,0.00
Vincent Aboubakar,FW,Cameroon,30,Al-Nassr,1992,3,1,142,1.6,2,1,3,2,0,0,2,1,0.6,0.6,0.6,1.2,4,1,9,1.27,0.63,1.90,1.27,1.90,0.37,0.39,0.76,0.37,0.76
Abdulrahman Al-Aboud,"MF,DF",Saudi Arabia,27,Al-Ittihad,1995,2,0,35,0.4,0,0,0,0,0,0,0,0,0.1,0.1,0.0,0.1,0,1,4,0.00,0.00,0.00,0.00,0.00,0.18,0.06,0.24,0.18,0.24
Zakaria Aboukhlal,"FW,MF",Morocco,22,Toulouse,2000,4,0,79,0.9,1,0,1,1,0,0,0,0,1.0,1.0,0.0,1.0,1,1,0,1.14,0.00,1.14,1.14,1.14,1.16,0.00,1.16,1.16,1.16
Kellyn Acosta,MF,United States,26,LAFC,1995,2,0,43,0.5,0,0,0,0,0,0,1,0,0.0,0.0,0.0,0.0,1,3,2,0.00,0.00,0.00,0.00,0.00,0.00,0.00,0.00,0.00,0.00
Marcos Acuña,"DF,FW",Argentina,30,Sevilla,1991,6,4,373,4.1,0,0,0,0,0,0,3,0,0.1,0.1,0.3,0.4,5,13,26,0.00,0.00,0.00,0.00,0.00,0.02,0.07,0.10,0.02,0.10
Tyler Adams,MF,United States,23,Leeds United,1999,4,4,360,4.0,0,0,0,0,0,0,1,0,0.0,0.0,0.4,0.5,6,26,0,0.00,0.00,0.00,0.00,0.00,0.01,0.11,0.12,0.01,0.12
Sam Adekugbe,DF,Canada,27,Hatayspor,1995,3,1,95,1.1,0,0,0,0,0,0,1,0,0.0,0.0,0.1,0.1,2,4,6,0.00,0.00,0.00,0.00,0.00,0.00,0.09,0.09,0.00,0.09
Michel Aebischer,"MF,FW",Switzerland,25,Bologna,1997,1,0,16,0.2,0,0,0,0,0,0,0,0,0.0,0.0,0.0,0.0,0,0,0,0.00,0.00,0.00,0.00,0.00,0.00,0.00,0.00,0.00,0.00
Akram Afif,FW,Qatar,25,Al Sadd,1996,3,3,270,3.0,0,0,0,0,0,0,1,0,0.0,0.0,0.3,0.3,7,12,11,0.00,0.00,0.00,0.00,0.00,0.02,0.10,0.12,0.02,0.12
Nayef Aguerd,DF,Morocco,26,West Ham,1996,4,4,353,3.9,0,0,0,0,0,0,0,0,0.2,0.2,0.0,0.2,0,3,0,0.00,0.00,0.00,0.00,0.00,0.04,0.01,0.05,0.04,0.05
Brandon Aguilera,MF,Costa Rica,18,Asociación Deportiva Guanacasteca,2003,3,1,90,1.0,0,0,0,0,0,0,0,0,0.0,0.0,0.0,0.0,1,2,4,0.00,0.00,0.00,0.00,0.00,0.00,0.00,0.00,0.00,0.00
Homam Ahmed,DF,Qatar,22,Al-Gharafa Sports Club,1999,3,3,262,2.9,0,0,0,0,0,0,1,0,0.0,0.0,0.0,0.0,4,1,11,0.00,0.00,0.00,0.00,0.00,0.00,0.01,0.01,0.00,0.01
Manuel Akanji,DF,Switzerland,26,Manchester City,1995,4,4,360,4.0,1,0,1,1,0,0,1,0,1.0,1.0,0.1,1.1,4,16,1,0.25,0.00,0.25,0.25,0.25,0.24,0.03,0.27,0.24,0.27
Nathan Aké,DF,Netherlands,27,Manchester City,1995,5,5,479,5.3,0,0,0,0,0,0,1,0,0.0,0.0,0.0,0.0,12,26,3,0.00,0.00,0.00,0.00,0.00,0.00,0.00,0.00,0.00,0.00
Ahmed Alaaeldin,FW,Qatar,29,Al-Gharafa Sports Club,1993,1,0,6,0.1,0,0,0,0,0,0,0,0,0.0,0.0,0.0,0.0,0,0,0,0.00,0.00,0.00,0.00,0.00,0.00,0.00,0.00,0.00,0.00
Jordi Alba,DF,Spain,33,Barcelona,1989,4,3,264,2.9,0,2,2,0,0,0,0,0,0.0,0.0,0.9,0.9,4,31,30,0.00,0.68,0.68,0.00,0.68,0.01,0.31,0.32,0.01,0.32
Toby Alderweireld,DF,Belgium,33,Antwerp,1989,3,3,270,3.0,0,1,1,0,0,0,0,0,0.0,0.0,0.3,0.3,1,13,1,0.00,0.33,0.33,0.00,0.33,0.00,0.11,0.11,0.00,0.11
Trent Alexander-Arnold,DF,England,23,Liverpool,1998,1,0,34,0.4,0,0,0,0,0,0,0,0,0.0,0.0,0.0,0.0,0,3,0,0.00,0.00,0.00,0.00,0.00,0.00,0.00,0.00,0.00,0.00
Almoez Ali,FW,Qatar,25,Al Duhail SC,1996,3,3,224,2.5,0,0,0,0,0,0,1,0,0.4,0.4,0.0,0.4,2,2,8,0.00,0.00,0.00,0.00,0.00,0.15,0.00,0.15,0.15,0.15
Alisson,GK,Brazil,29,Liverpool,1992,4,4,379,4.2,0,0,0,0,0,0,0,0,0.0,0.0,0.0,0.0,0,0,1,0.00,0.00,0.00,0.00,0.00,0.00,0.00,0.00,0.00,0.00
Joe Allen,MF,Wales,32,Swansea City,1990,2,1,94,1.0,0,0,0,0,0,0,0,0,0.1,0.1,0.1,0.2,0,1,1,0.00,0.00,0.00,0.00,0.00,0.10,0.05,0.15,0.10,0.15
Thiago Almada,MF,Argentina,21,Atlanta Utd,2001,1,0,7,0.1,0,0,0,0,0,0,0,0,0.0,0.0,0.2,0.2,1,2,1,0.00,0.00,0.00,0.00,0.00,0.00,3.16,3.16,0.00,3.16
Roberto Alvarado,FW,Mexico,23,Guadalajara,1998,1,0,18,0.2,0,0,0,0,0,0,1,0,0.0,0.0,0.0,0.0,2,0,2,0.00,0.00,0.00,0.00,0.00,0.00,0.00,0.00,0.00,0.00
Edson Álvarez,MF,Mexico,24,Ajax,1997,2,2,175,1.9,0,0,0,0,0,0,1,0,0.0,0.0,0.2,0.2,5,6,0,0.00,0.00,0.00,0.00,0.00,0.01,0.11,0.12,0.01,0.12
Julián Álvarez,FW,Argentina,22,Manchester City,2000,7,5,464,5.2,4,0,4,4,0,0,0,0,2.6,2.6,0.1,2.7,13,5,22,0.78,0.00,0.78,0.78,0.78,0.51,0.02,0.53,0.51,0.53
Kevin Álvarez,DF,Mexico,23,Pachuca,1999,2,1,70,0.8,0,0,0,0,0,0,0,0,0.0,0.0,0.0,0.0,1,3,5,0.00,0.00,0.00,0.00,0.00,0.00,0.00,0.00,0.00,0.00
Dani Alves,DF,Brazil,39,UNAM,1983,2,1,118,1.3,0,0,0,0,0,0,0,0,0.2,0.2,0.0,0.2,0,7,4,0.00,0.00,0.00,0.00,0.00,0.14,0.00,0.14,0.14,0.14
Selim Amallah,MF,Morocco,25,Standard Liège,1996,7,4,409,4.5,0,0,0,0,0,0,1,0,0.2,0.2,0.1,0.3,3,4,7,0.00,0.00,0.00,0.00,0.00,0.05,0.02,0.07,0.05,0.07
Daniel Amartey,DF,Ghana,27,Leicester City,1994,3,3,251,2.8,0,0,0,0,0,0,2,0,0.2,0.2,0.1,0.3,0,9,1,0.00,0.00,0.00,0.00,0.00,0.08,0.03,0.10,0.08,0.10
Ethan Ampadu,"MF,DF",Wales,21,Spezia,2000,3,3,255,2.8,0,0,0,0,0,0,0,0,0.0,0.0,0.1,0.2,4,17,4,0.00,0.00,0.00,0.00,0.00,0.01,0.04,0.05,0.01,0.05
Sofyan Amrabat,MF,Morocco,25,Fiorentina,1996,7,7,660,7.3,0,0,0,0,0,0,1,0,0.0,0.0,0.1,0.1,9,28,0,0.00,0.00,0.00,0.00,0.00,0.00,0.01,0.01,0.00,0.01
Abdulelah Al-Amri,DF,Saudi Arabia,25,Al-Nassr,1997,3,2,182,2.0,0,0,0,0,0,0,2,0,0.1,0.1,0.0,0.1,3,13,0,0.00,0.00,0.00,0.00,0.00,0.03,0.00,0.03,0.03,0.03
Joachim Andersen,DF,Denmark,26,Crystal Palace,1996,3,3,270,3.0,0,1,1,0,0,0,0,0,0.1,0.1,0.2,0.3,7,24,0,0.00,0.33,0.33,0.00,0.33,0.03,0.08,0.11,0.03,0.11
Karim Ansarifard,"FW,MF",IR Iran,32,AC Omonia,1990,2,0,35,0.4,0,0,0,0,0,0,0,0,0.1,0.1,0.1,0.1,1,0,2,0.00,0.00,0.00,0.00,0.00,0.17,0.20,0.36,0.17,0.36
Antony,FW,Brazil,22,Manchester Utd,2000,4,1,172,1.9,0,0,0,0,0,0,0,0,0.2,0.2,0.1,0.4,8,7,20,0.00,0.00,0.00,0.00,0.00,0.15,0.08,0.22,0.15,0.22
Uriel Antuna,"FW,MF",Mexico,24,Cruz Azul,1997,3,0,77,0.9,0,0,0,0,0,0,0,0,0.2,0.2,0.0,0.2,3,0,14,0.00,0.00,0.00,0.00,0.00,0.18,0.02,0.20,0.18,0.20
Néstor Araujo,DF,Mexico,30,América,1991,1,1,90,1.0,0,0,0,0,0,0,1,0,0.0,0.0,0.0,0.0,4,5,0,0.00,0.00,0.00,0.00,0.00,0.00,0.00,0.00,0.00,0.00
Takuma Asano,FW,Japan,27,Bochum,1994,4,0,165,1.8,1,0,1,1,0,0,0,0,0.7,0.7,0.2,0.9,5,3,11,0.55,0.00,0.55,0.55,0.55,0.44,0.17,0.60,0.44,0.60
Marco Asensio,FW,Spain,26,Real Madrid,1996,4,3,229,2.5,1,0,1,1,0,0,0,0,1.2,1.2,0.1,1.3,6,9,26,0.39,0.00,0.39,0.39,0.39,0.48,0.02,0.50,0.48,0.50
Ali Assadalla,MF,Qatar,29,Al Sadd,1993,1,0,27,0.3,0,0,0,0,0,0,0,0,0.0,0.0,0.0,0.0,4,1,0,0.00,0.00,0.00,0.00,0.00,0.00,0.00,0.00,0.00,0.00
Lawrence Ati-Zigi,GK,Ghana,25,St. Gallen,1996,3,3,270,3.0,0,0,0,0,0,0,0,0,0.0,0.0,0.0,0.0,0,0,0,0.00,0.00,0.00,0.00,0.00,0.00,0.00,0.00,0.00,0.00
Nathaniel Atkinson,DF,Australia,23,Hearts,1999,1,1,84,0.9,0,0,0,0,0,0,0,0,0.0,0.0,0.0,0.0,2,3,2,0.00,0.00,0.00,0.00,0.00,0.00,0.00,0.00,0.00,0.00
Yahya Attiat Allah,DF,Morocco,27,Wydad Casablanca,1995,6,2,318,3.5,0,1,1,0,0,0,0,0,0.2,0.2,1.2,1.4,7,9,12,0.00,0.28,0.28,0.00,0.28,0.07,0.37,0.44,0.07,0.44
André Ayew,"MF,FW",Ghana,32,Al Sadd,1989,3,3,198,2.2,1,0,1,1,0,1,1,0,1.1,0.4,0.0,0.4,1,1,5,0.45,0.00,0.45,0.45,0.45,0.52,0.00,0.52,0.16,0.16
Jordan Ayew,FW,Ghana,30,Crystal Palace,1991,3,2,136,1.5,0,1,1,0,0,0,0,0,0.1,0.1,0.5,0.5,4,3,6,0.00,0.66,0.66,0.00,0.66,0.03,0.32,0.36,0.03,0.36
Sardar Azmoun,FW,IR Iran,27,Leverkusen,1995,3,2,126,1.4,0,0,0,0,0,0,0,0,0.9,0.9,0.1,1.0,3,3,3,0.00,0.00,0.00,0.00,0.00,0.67,0.05,0.71,0.67,0.71
César Azpilicueta,DF,Spain,32,Chelsea,1989,2,2,135,1.5,0,1,1,0,0,0,0,0,0.0,0.0,0.7,0.7,4,14,1,0.00,0.67,0.67,0.00,0.67,0.00,0.45,0.45,0.00,0.45
Srđan Babić,DF,Serbia,26,Almería,1996,1,0,13,0.1,0,0,0,0,0,0,0,0,0.0,0.0,0.0,0.0,0,0,0,0.00,0.00,0.00,0.00,0.00,0.00,0.00,0.00,0.00,0.00
Keanu Baccus,MF,Australia,24,St Mirren,1998,4,1,114,1.3,0,0,0,0,0,0,0,0,0.0,0.0,0.0,0.0,3,2,6,0.00,0.00,0.00,0.00,0.00,0.04,0.00,0.04,0.04,0.04
Alexander Bah,DF,Denmark,24,Benfica,1997,2,0,46,0.5,0,0,0,0,0,0,0,0,0.1,0.1,0.1,0.1,3,3,7,0.00,0.00,0.00,0.00,0.00,0.11,0.14,0.25,0.11,0.25
Hattan Bahebri,MF,Saudi Arabia,29,Al-Shabab,1992,2,0,4,0.0,0,1,1,0,0,0,1,0,0.0,0.0,0.6,0.6,0,0,1,0.00,22.50,22.50,0.00,22.50,0.00,14.37,14.37,0.00,14.37
Alejandro Balde,DF,Spain,18,Barcelona,2003,4,1,126,1.4,0,0,0,0,0,0,0,0,0.0,0.0,0.0,0.0,5,5,12,0.00,0.00,0.00,0.00,0.00,0.04,0.00,0.04,0.04,0.04
Gareth Bale,FW,Wales,32,LAFC,1989,3,3,225,2.5,1,0,1,0,1,1,1,0,0.8,0.0,0.2,0.2,1,4,12,0.40,0.00,0.40,0.00,0.00,0.32,0.08,0.41,0.01,0.09
Fodé Ballo-Touré,DF,Senegal,25,Milan,1997,1,0,7,0.1,0,0,0,0,0,0,0,0,0.0,0.0,0.0,0.0,2,0,0,0.00,0.00,0.00,0.00,0.00,0.00,0.00,0.00,0.00,0.00
Badr Banoun,DF,Morocco,28,Qatar SC,1993,3,0,54,0.6,0,0,0,0,0,0,0,0,0.0,0.0,0.0,0.0,0,1,0,0.00,0.00,0.00,0.00,0.00,0.00,0.00,0.00,0.00,0.00
Borna Barišić,DF,Croatia,29,Rangers,1992,1,1,120,1.3,0,0,0,0,0,0,1,0,0.0,0.0,0.1,0.1,2,3,2,0.00,0.00,0.00,0.00,0.00,0.02,0.12,0.14,0.02,0.14
Meshaal Barsham,GK,Qatar,24,Al Sadd,1998,2,2,180,2.0,0,0,0,0,0,0,0,0,0.0,0.0,0.0,0.0,0,0,0,0.00,0.00,0.00,0.00,0.00,0.00,0.00,0.00,0.00,0.00
Christian Bassogog,MF,Cameroon,26,Shanghai Shen,1995,1,0,24,0.3,0,0,0,0,0,0,1,0,0.0,0.0,0.0,0.0,4,1,5,0.00,0.00,0.00,0.00,0.00,0.00,0.00,0.00,0.00,0.00
Michy Batshuayi,FW,Belgium,28,Fenerbahçe,1993,2,2,151,1.7,1,0,1,1,0,0,0,0,0.8,0.8,0.1,0.8,0,1,10,0.60,0.00,0.60,0.60,0.60,0.45,0.03,0.48,0.45,0.48
Jan Bednarek,DF,Poland,26,Aston Villa,1996,1,0,5,0.1,0,0,0,0,0,0,0,0,0.0,0.0,0.0,0.0,0,2,0,0.00,0.00,0.00,0.00,0.00,0.00,0.00,0.00,0.00,0.00
Aziz Behich,DF,Australia,31,Dundee United,1990,4,4,360,4.0,0,0,0,0,0,0,1,0,0.1,0.1,0.0,0.1,7,6,5,0.00,0.00,0.00,0.00,0.00,0.03,0.00,0.03,0.03,0.03
Alireza Beiranvand,GK,IR Iran,29,Persepolis,1992,2,2,109,1.2,0,0,0,0,0,0,0,0,0.0,0.0,0.0,0.0,0,0,0,0.00,0.00,0.00,0.00,0.00,0.00,0.00,0.00,0.00,0.00
Jude Bellingham,MF,England,18,Dortmund,2003,5,5,414,4.6,1,1,2,1,0,0,0,0,0.6,0.6,0.3,0.9,9,22,30,0.22,0.22,0.43,0.22,0.43,0.12,0.07,0.19,0.12,0.19
Anis Ben Slimane,MF,Tunisia,21,Brøndby,2001,2,2,148,1.6,0,0,0,0,0,0,0,0,0.1,0.1,0.1,0.2,0,3,11,0.00,0.00,0.00,0.00,0.00,0.07,0.06,0.12,0.07,0.12
Jewison Bennette,MF,Costa Rica,17,Sunderland,2004,3,1,103,1.1,0,0,0,0,0,0,0,0,0.0,0.0,0.0,0.0,3,0,8,0.00,0.00,0.00,0.00,0.00,0.04,0.00,0.04,0.04,0.04
Rodrigo Bentancur,MF,Uruguay,24,Tottenham,1997,3,3,213,2.4,0,0,0,0,0,0,1,0,0.6,0.6,0.1,0.8,3,14,2,0.00,0.00,0.00,0.00,0.00,0.26,0.06,0.32,0.26,0.32
Bartosz Bereszyński,DF,Poland,29,Sampdoria,1992,4,4,341,3.8,0,0,0,0,0,0,1,0,0.0,0.0,0.0,0.0,7,8,8,0.00,0.00,0.00,0.00,0.00,0.00,0.00,0.00,0.00,0.00
Steven Berghuis,MF,Netherlands,30,Ajax,1991,4,1,200,2.2,0,1,1,0,0,0,1,0,0.3,0.3,0.1,0.3,6,15,11,0.00,0.45,0.45,0.00,0.45,0.13,0.04,0.17,0.13,0.17
Steven Bergwijn,FW,Netherlands,24,Ajax,1997,4,3,213,2.4,0,0,0,0,0,0,1,0,0.5,0.5,0.0,0.5,2,4,23,0.00,0.00,0.00,0.00,0.00,0.21,0.00,0.21,0.21,0.21
Krystian Bielik,MF,Poland,24,Derby County,1998,4,2,216,2.4,0,0,0,0,0,0,0,0,0.2,0.2,0.0,0.2,1,7,0,0.00,0.00,0.00,0.00,0.00,0.07,0.00,0.07,0.07,0.07
Daley Blind,DF,Netherlands,32,Ajax,1990,5,5,423,4.7,1,1,2,1,0,0,0,0,0.4,0.4,0.5,0.8,2,18,20,0.21,0.21,0.43,0.21,0.43,0.08,0.10,0.18,0.08,0.18
Celso Borges,MF,Costa Rica,34,Alajuelense,1988,3,3,249,2.8,0,0,0,0,0,0,1,0,0.0,0.0,0.0,0.0,0,10,1,0.00,0.00,0.00,0.00,0.00,0.00,0.02,0.02,0.00,0.02
Milan Borjan,GK,Canada,34,Red Star,1987,3,3,270,3.0,0,0,0,0,0,0,0,0,0.0,0.0,0.0,0.0,0,0,0,0.00,0.00,0.00,0.00,0.00,0.00,0.00,0.00,0.00,0.00
Karim Boudiaf,MF,Qatar,31,Al Duhail SC,1990,3,2,185,2.1,0,0,0,0,0,0,1,0,0.0,0.0,0.0,0.0,1,6,6,0.00,0.00,0.00,0.00,0.00,0.00,0.00,0.00,0.00,0.00
Sofiane Boufal,FW,Morocco,28,Angers,1993,7,7,475,5.3,0,0,0,0,0,0,1,0,0.3,0.3,0.3,0.6,21,18,26,0.00,0.00,0.00,0.00,0.00,0.05,0.06,0.11,0.05,0.11
Yassine Bounou,GK,Morocco,31,Sevilla,1991,6,6,570,6.3,0,0,0,0,0,0,0,0,0.0,0.0,0.0,0.0,0,0,0,0.00,0.00,0.00,0.00,0.00,0.00,0.00,0.00,0.00,0.00
Martin Braithwaite,"FW,MF",Denmark,31,Espanyol,1991,2,1,103,1.1,0,0,0,0,0,0,0,0,0.1,0.1,0.1,0.2,1,1,2,0.00,0.00,0.00,0.00,0.00,0.06,0.12,0.18,0.06,0.18
Mohammed Al-Breik,DF,Saudi Arabia,29,Al-Hilal,1992,2,1,65,0.7,0,0,0,0,0,0,0,0,0.4,0.0,0.0,0.1,1,6,3,0.00,0.00,0.00,0.00,0.00,0.51,0.07,0.58,0.03,0.10
Gleison Bremer,DF,Brazil,25,Juventus,1997,2,1,109,1.2,0,0,0,0,0,0,0,0,0.2,0.2,0.0,0.2,0,1,0,0.00,0.00,0.00,0.00,0.00,0.14,0.00,0.14,0.14,0.14
Dylan Bronn,DF,Tunisia,26,Salernitana,1995,2,2,162,1.8,0,0,0,0,0,0,0,0,0.1,0.1,0.0,0.1,0,9,1,0.00,0.00,0.00,0.00,0.00,0.04,0.00,0.04,0.04,0.04
Marcelo Brozović,MF,Croatia,29,Inter,1992,6,6,552,6.1,0,0,0,0,0,0,1,0,0.5,0.5,0.2,0.7,11,42,18,0.00,0.00,0.00,0.00,0.00,0.09,0.03,0.12,0.09,0.12
Tajon Buchanan,"MF,DF",Canada,23,Club Brugge,1999,3,3,260,2.9,0,1,1,0,0,0,1,0,0.9,0.9,0.5,1.4,11,10,27,0.00,0.35,0.35,0.00,0.35,0.33,0.17,0.50,0.33,0.50
Ante Budimir,FW,Croatia,30,Osasuna,1991,2,0,55,0.6,0,0,0,0,0,0,0,0,0.2,0.2,0.0,0.2,0,0,2,0.00,0.00,0.00,0.00,0.00,0.37,0.07,0.44,0.37,0.44
Osman Bukari,MF,Ghana,23,Red Star,1998,2,0,59,0.7,1,0,1,1,0,0,0,0,0.5,0.5,0.1,0.6,2,1,7,1.53,0.00,1.53,1.53,1.53,0.76,0.09,0.85,0.76,0.85
Ali Al-Bulaihi,DF,Saudi Arabia,32,Al-Hilal,1989,3,3,216,2.4,0,0,0,0,0,0,1,0,0.0,0.0,0.0,0.0,2,7,0,0.00,0.00,0.00,0.00,0.00,0.00,0.00,0.00,0.00,0.00
Firas Al-Buraikan,"MF,FW",Saudi Arabia,22,Al-Fateh,2000,3,3,268,3.0,0,1,1,0,0,0,0,0,0.1,0.1,0.1,0.2,6,5,11,0.00,0.34,0.34,0.00,0.34,0.04,0.02,0.06,0.04,0.06
Sergio Busquets,MF,Spain,33,Barcelona,1988,4,4,363,4.0,0,0,0,0,0,0,1,0,0.1,0.1,0.1,0.2,5,26,12,0.00,0.00,0.00,0.00,0.00,0.04,0.02,0.06,0.04,0.06
Martín Cáceres,DF,Uruguay,35,LA Galaxy,1987,1,1,90,1.0,0,0,0,0,0,0,1,0,0.0,0.0,0.0,0.0,0,6,1,0.00,0.00,0.00,0.00,0.00,0.00,0.00,0.00,0.00,0.00
Moisés Caicedo,MF,Ecuador,20,Brighton,2001,3,3,269,3.0,1,0,1,1,0,0,1,0,0.5,0.5,0.0,0.5,5,10,2,0.33,0.00,0.33,0.33,0.33,0.17,0.00,0.17,0.17,0.17
Francisco Calvo,DF,Costa Rica,29,Konyaspor,1992,2,2,180,2.0,0,0,0,0,0,0,2,0,0.0,0.0,0.0,0.0,0,7,0,0.00,0.00,0.00,0.00,0.00,0.01,0.00,0.01,0.01,0.01
Eduardo Camavinga,DF,France,19,Real Madrid,2002,2,1,140,1.6,0,0,0,0,0,0,0,0,0.0,0.0,0.1,0.1,3,6,4,0.00,0.00,0.00,0.00,0.00,0.00,0.08,0.08,0.00,0.08
Joel Campbell,"FW,MF",Costa Rica,29,León,1992,3,3,269,3.0,0,0,0,0,0,0,1,0,0.0,0.0,0.1,0.1,4,12,11,0.00,0.00,0.00,0.00,0.00,0.00,0.02,0.02,0.00,0.02
João Cancelo,DF,Portugal,28,Manchester City,1994,4,3,310,3.4,0,0,0,0,0,0,0,0,0.0,0.0,0.0,0.0,10,19,23,0.00,0.00,0.00,0.00,0.00,0.01,0.00,0.01,0.01,0.01
Agustín Canobbio,MF,Uruguay,23,Ath Paranaense,1998,1,0,11,0.1,0,0,0,0,0,0,0,0,0.0,0.0,0.0,0.0,1,0,0,0.00,0.00,0.00,0.00,0.00,0.00,0.00,0.00,0.00,0.00
Yannick Carrasco,"FW,DF",Belgium,28,Atlético Madrid,1993,2,2,116,1.3,0,0,0,0,0,0,1,0,0.3,0.3,0.0,0.3,5,3,11,0.00,0.00,0.00,0.00,0.00,0.22,0.00,0.22,0.22,0.22
Cameron Carter-Vickers,DF,United States,24,Celtic,1997,1,1,90,1.0,0,0,0,0,0,0,0,0,0.0,0.0,0.0,0.0,0,3,0,0.00,0.00,0.00,0.00,0.00,0.00,0.00,0.00,0.00,0.00
Dani Carvajal,DF,Spain,30,Real Madrid,1992,2,1,135,1.5,0,0,0,0,0,0,0,0,0.0,0.0,0.0,0.0,2,8,4,0.00,0.00,0.00,0.00,0.00,0.00,0.00,0.00,0.00,0.00
William Carvalho,MF,Portugal,30,Betis,1992,4,2,215,2.4,0,0,0,0,0,0,0,0,0.1,0.1,0.0,0.1,1,16,0,0.00,0.00,0.00,0.00,0.00,0.03,0.00,0.03,0.03,0.03
Casemiro,MF,Brazil,30,Manchester Utd,1992,4,4,390,4.3,1,0,1,1,0,0,1,0,0.4,0.4,0.1,0.6,3,23,6,0.23,0.00,0.23,0.23,0.23,0.10,0.04,0.14,0.10,0.14
Matty Cash,DF,Poland,24,Aston Villa,1997,4,4,360,4.0,0,0,0,0,0,0,2,0,0.0,0.0,0.2,0.2,9,9,6,0.00,0.00,0.00,0.00,0.00,0.01,0.04,0.05,0.01,0.05
Timothy Castagne,DF,Belgium,26,Leicester City,1995,3,3,270,3.0,0,0,0,0,0,0,0,0,0.0,0.0,0.0,0.0,2,18,9,0.00,0.00,0.00,0.00,0.00,0.00,0.00,0.00,0.00,0.00
Jean-Charles Castelletto,DF,Cameroon,27,Nantes,1995,2,2,180,2.0,1,1,2,1,0,0,0,0,0.9,0.9,0.3,1.2,3,8,0,0.50,0.50,1.00,0.50,1.00,0.47,0.15,0.62,0.47,0.62
Lucas Cavallini,FW,Canada,29,Vancouver W'caps,1992,1,0,19,0.2,0,0,0,0,0,0,0,0,0.0,0.0,0.0,0.0,0,0,0,0.00,0.00,0.00,0.00,0.00,0.00,0.00,0.00,0.00,0.00
Edinson Cavani,FW,Uruguay,35,Valencia,1987,3,1,124,1.4,0,0,0,0,0,0,1,0,0.3,0.3,0.7,1.0,1,3,5,0.00,0.00,0.00,0.00,0.00,0.21,0.50,0.71,0.21,0.71
Ghaylène Chaalali,MF,Tunisia,28,Espérance de Tunis,1994,1,0,17,0.2,0,0,0,0,0,0,0,0,0.0,0.0,0.0,0.0,0,1,0,0.00,0.00,0.00,0.00,0.00,0.00,0.00,0.00,0.00,0.00
Daniel Chacón,MF,Costa Rica,21,CS Cartaginés,2001,1,0,1,0.0,0,0,0,0,0,0,0,0,0.0,0.0,0.0,0.0,0,0,0,0.00,0.00,0.00,0.00,0.00,0.00,0.00,0.00,0.00,0.00
Ilias Chair,MF,Morocco,24,QPR,1997,1,0,45,0.5,0,0,0,0,0,0,0,0,0.0,0.0,0.0,0.0,3,0,2,0.00,0.00,0.00,0.00,0.00,0.00,0.00,0.00,0.00,0.00
Kwon Chang-hoon,"FW,MF",Korea Republic,27,Sangju Sangmu,1994,1,1,56,0.6,0,0,0,0,0,0,0,0,0.0,0.0,0.2,0.2,0,2,6,0.00,0.00,0.00,0.00,0.00,0.00,0.29,0.29,0.00,0.29
Luis Chávez,MF,Mexico,26,Pachuca,1996,3,3,270,3.0,1,0,1,1,0,0,0,0,0.3,0.3,0.5,0.7,2,18,5,0.33,0.00,0.33,0.33,0.33,0.10,0.15,0.25,0.10,0.25
Walid Cheddira,FW,Morocco,24,Bari,1998,2,0,64,0.7,0,0,0,0,0,0,2,1,0.5,0.5,0.0,0.5,1,3,4,0.00,0.00,0.00,0.00,0.00,1.24,0.00,1.24,1.24,1.24
Roozbeh Cheshmi,"DF,MF",IR Iran,28,Esteghlal,1993,2,1,58,0.6,1,0,1,1,0,0,0,0,0.1,0.1,0.0,0.1,0,0,0,1.55,0.00,1.55,1.55,1.55,0.08,0.00,0.08,0.08,0.08
Andreas Christensen,DF,Denmark,26,Barcelona,1996,3,3,270,3.0,1,0,1,1,0,0,1,0,0.4,0.4,0.0,0.4,2,20,1,0.33,0.00,0.33,0.33,0.33,0.12,0.00,0.12,0.12,0.12
Hong Chul,DF,Korea Republic,31,Daegu,1990,1,0,45,0.5,0,0,0,0,0,0,0,0,0.0,0.0,0.1,0.1,0,4,4,0.00,0.00,0.00,0.00,0.00,0.00,0.13,0.13,0.00,0.13
José Cifuentes,MF,Ecuador,23,LAFC,1999,2,0,59,0.7,0,0,0,0,0,0,0,0,0.0,0.0,0.0,0.0,2,1,3,0.00,0.00,0.00,0.00,0.00,0.03,0.00,0.03,0.03,0.03
Pathé Ciss,MF,Senegal,28,Rayo Vallecano,1994,3,2,146,1.6,0,0,0,0,0,0,1,0,0.0,0.0,0.0,0.0,1,9,0,0.00,0.00,0.00,0.00,0.00,0.02,0.00,0.02,0.02,0.02
Sebastián Coates,DF,Uruguay,31,Sporting CP,1990,2,2,180,2.0,0,0,0,0,0,0,1,0,0.1,0.1,0.0,0.1,3,7,1,0.00,0.00,0.00,0.00,0.00,0.05,0.00,0.05,0.05,0.05
Rubin Colwill,MF,Wales,20,Cardiff City,2002,1,0,10,0.1,0,0,0,0,0,0,0,0,0.0,0.0,0.0,0.0,0,0,0,0.00,0.00,0.00,0.00,0.00,0.21,0.00,0.21,0.21,0.21
Kingsley Coman,"FW,MF",France,26,Bayern Munich,1996,6,1,169,1.9,0,0,0,0,0,0,0,0,0.2,0.2,0.1,0.2,7,1,18,0.00,0.00,0.00,0.00,0.00,0.10,0.05,0.15,0.10,0.15
Eray Cömert,DF,Switzerland,24,Valencia,1998,2,0,46,0.5,0,0,0,0,0,0,1,0,0.0,0.0,0.0,0.0,1,2,1,0.00,0.00,0.00,0.00,0.00,0.00,0.00,0.00,0.00,0.00
Anthony Contreras,"FW,MF",Costa Rica,22,Herediano,2000,3,2,125,1.4,0,0,0,0,0,0,1,0,0.0,0.0,0.0,0.0,0,1,2,0.00,0.00,0.00,0.00,0.00,0.00,0.01,0.01,0.00,0.01
Andreas Cornelius,FW,Denmark,29,FC Copenhagen,1993,3,1,92,1.0,0,0,0,0,0,0,1,0,1.0,1.0,0.1,1.1,1,1,13,0.00,0.00,0.00,0.00,0.00,1.00,0.09,1.09,1.00,1.09
Ángel Correa,MF,Argentina,27,Atlético Madrid,1995,1,0,5,0.1,0,0,0,0,0,0,0,0,0.0,0.0,0.0,0.0,0,0,0,0.00,0.00,0.00,0.00,0.00,0.00,0.00,0.00,0.00,0.00
Diogo Costa,GK,Portugal,22,Porto,1999,5,5,450,5.0,0,0,0,0,0,0,0,0,0.0,0.0,0.0,0.0,0,0,0,0.00,0.00,0.00,0.00,0.00,0.00,0.01,0.01,0.00,0.01
Thibaut Courtois,GK,Belgium,30,Real Madrid,1992,3,3,270,3.0,0,0,0,0,0,0,0,0,0.0,0.0,0.0,0.0,0,0,0,0.00,0.00,0.00,0.00,0.00,0.00,0.00,0.00,0.00,0.00
Jason Cummings,FW,Australia,26,Central Coast,1995,1,0,35,0.4,0,0,0,0,0,0,0,0,0.0,0.0,0.0,0.0,0,1,1,0.00,0.00,0.00,0.00,0.00,0.00,0.00,0.00,0.00,0.00
Aymen Dahmen,GK,Tunisia,25,CS Sfaxien,1997,3,3,270,3.0,0,0,0,0,0,0,0,0,0.0,0.0,0.0,0.0,0,0,0,0.00,0.00,0.00,0.00,0.00,0.00,0.00,0.00,0.00,0.00
Diogo Dalot,DF,Portugal,23,Manchester Utd,1999,3,3,258,2.9,0,2,2,0,0,0,0,0,0.0,0.0,0.7,0.8,6,10,12,0.00,0.70,0.70,0.00,0.70,0.01,0.25,0.27,0.01,0.27
Mikkel Damsgaard,"MF,FW",Denmark,21,Brentford,2000,3,1,150,1.7,0,0,0,0,0,0,0,0,0.0,0.0,0.3,0.3,2,10,9,0.00,0.00,0.00,0.00,0.00,0.00,0.20,0.20,0.00,0.20
Danilo,DF,Brazil,30,Juventus,1991,3,3,281,3.1,0,0,0,0,0,0,1,0,0.0,0.0,0.0,0.0,5,25,16,0.00,0.00,0.00,0.00,0.00,0.01,0.00,0.01,0.01,0.01
Achraf Dari,DF,Morocco,23,Brest,1999,3,2,187,2.1,1,0,1,1,0,0,1,0,0.6,0.6,0.0,0.6,0,3,0,0.48,0.00,0.48,0.48,0.48,0.30,0.00,0.30,0.30,0.30
Jonathan David,"FW,MF",Canada,22,Lille,2000,3,2,192,2.1,0,0,0,0,0,0,0,0,1.0,0.7,0.0,0.7,4,7,17,0.00,0.00,0.00,0.00,0.00,0.49,0.00,0.49,0.35,0.35
Alphonso Davies,"MF,DF",Canada,21,Bayern Munich,2000,3,3,270,3.0,1,0,1,1,0,1,1,0,1.1,0.3,0.5,0.8,11,3,20,0.33,0.00,0.33,0.33,0.33,0.36,0.17,0.53,0.09,0.27
Ben Davies,DF,Wales,29,Tottenham,1993,3,3,238,2.6,0,0,0,0,0,0,0,0,0.3,0.3,0.0,0.3,1,13,2,0.00,0.00,0.00,0.00,0.00,0.13,0.00,0.13,0.13,0.13
Nasser Al-Dawsari,FW,Saudi Arabia,23,Al-Hilal,1998,1,0,5,0.1,0,0,0,0,0,0,0,0,0.0,0.0,0.1,0.1,0,0,1,0.00,0.00,0.00,0.00,0.00,0.00,1.27,1.27,0.00,1.27
Salem Al-Dawsari,MF,Saudi Arabia,30,Al-Hilal,1991,3,3,270,3.0,2,0,2,2,0,1,1,0,1.8,1.0,0.2,1.2,8,14,20,0.67,0.00,0.67,0.67,0.67,0.59,0.08,0.67,0.32,0.40
Giorgian De Arrascaeta,MF,Uruguay,28,Flamengo,1994,2,1,108,1.2,2,0,2,2,0,0,0,0,1.2,1.2,0.5,1.7,1,5,14,1.67,0.00,1.67,1.67,1.67,1.01,0.45,1.45,1.01,1.45
Kevin De Bruyne,"FW,MF",Belgium,30,Manchester City,1991,3,3,270,3.0,0,0,0,0,0,0,0,0,0.2,0.2,0.9,1.1,9,28,22,0.00,0.00,0.00,0.00,0.00,0.08,0.30,0.38,0.08,0.38
Charles De Ketelaere,FW,Belgium,21,Milan,2001,1,0,16,0.2,0,0,0,0,0,0,0,0,0.0,0.0,0.0,0.0,2,0,0,0.00,0.00,0.00,0.00,0.00,0.00,0.00,0.00,0.00,0.00
Nicolás De La Cruz,MF,Uruguay,25,River Plate,1997,2,0,38,0.4,0,0,0,0,0,0,0,0,0.0,0.0,0.0,0.0,3,2,2,0.00,0.00,0.00,0.00,0.00,0.09,0.00,0.09,0.09,0.09
Rodrigo De Paul,MF,Argentina,28,Atlético Madrid,1994,7,7,599,6.7,0,0,0,0,0,0,0,0,0.9,0.9,0.3,1.2,16,37,20,0.00,0.00,0.00,0.00,0.00,0.14,0.05,0.19,0.14,0.19
Miloš Degenek,DF,Australia,28,Columbus Crew,1994,4,2,183,2.0,0,0,0,0,0,0,2,0,0.0,0.0,0.0,0.0,2,3,3,0.00,0.00,0.00,0.00,0.00,0.00,0.00,0.00,0.00,0.00
Thomas Delaney,MF,Denmark,30,Sevilla,1991,1,1,44,0.5,0,0,0,0,0,0,0,0,0.0,0.0,0.0,0.0,0,4,1,0.00,0.00,0.00,0.00,0.00,0.00,0.00,0.00,0.00,0.00
Ousmane Dembélé,FW,France,25,Barcelona,1997,7,6,433,4.8,0,2,2,0,0,0,1,0,0.5,0.5,1.6,2.1,23,15,45,0.00,0.42,0.42,0.00,0.42,0.10,0.34,0.44,0.10,0.44
Leander Dendoncker,"DF,MF",Belgium,27,Aston Villa,1995,2,2,161,1.8,0,0,0,0,0,0,1,0,0.1,0.1,0.4,0.4,2,10,1,0.00,0.00,0.00,0.00,0.00,0.05,0.20,0.25,0.05,0.25
Sergiño Dest,DF,United States,21,Milan,2000,4,4,305,3.4,0,1,1,0,0,0,1,0,0.2,0.2,0.5,0.7,11,18,12,0.00,0.30,0.30,0.00,0.30,0.07,0.15,0.22,0.07,0.22
Ángel Di María,"MF,FW",Argentina,34,Juventus,1988,5,4,288,3.2,1,1,2,1,0,0,0,0,0.6,0.6,0.6,1.3,23,20,60,0.31,0.31,0.62,0.31,0.62,0.21,0.20,0.41,0.21,0.41
Boulaye Dia,FW,Senegal,25,Salernitana,1996,4,4,318,3.5,1,0,1,1,0,0,1,0,0.7,0.7,0.0,0.8,4,3,19,0.28,0.00,0.28,0.28,0.28,0.20,0.01,0.21,0.20,0.21
Abdou Diallo,DF,Senegal,26,RB Leipzig,1996,4,4,331,3.7,0,0,0,0,0,0,0,0,0.0,0.0,0.1,0.1,2,8,1,0.00,0.00,0.00,0.00,0.00,0.01,0.02,0.03,0.01,0.03
Rúben Dias,DF,Portugal,25,Manchester City,1997,4,4,360,4.0,0,0,0,0,0,0,1,0,0.0,0.0,0.0,0.0,0,12,0,0.00,0.00,0.00,0.00,0.00,0.01,0.00,0.01,0.01,0.01
Krépin Diatta,"FW,MF",Senegal,23,Monaco,1999,3,3,181,2.0,0,0,0,0,0,0,0,0,0.1,0.1,0.2,0.3,8,5,10,0.00,0.00,0.00,0.00,0.00,0.06,0.09,0.15,0.06,0.15
Famara Diedhiou,FW,Senegal,29,Alanyaspor,1992,2,1,92,1.0,1,0,1,1,0,0,0,0,0.2,0.2,0.0,0.2,0,1,0,0.98,0.00,0.98,0.98,0.98,0.19,0.03,0.22,0.19,0.22
Bamba Dieng,FW,Senegal,22,Marseille,2000,4,0,100,1.1,1,0,1,1,0,0,0,0,0.5,0.5,0.1,0.6,0,0,3,0.90,0.00,0.90,0.90,0.90,0.44,0.05,0.50,0.44,0.50
Eric Dier,DF,England,28,Tottenham,1994,2,0,36,0.4,0,0,0,0,0,0,0,0,0.0,0.0,0.0,0.0,0,0,0,0.00,0.00,0.00,0.00,0.00,0.00,0.00,0.00,0.00,0.00
Axel Disasi,DF,France,24,Monaco,1998,3,1,92,1.0,0,0,0,0,0,0,0,0,0.1,0.1,0.0,0.1,1,7,3,0.00,0.00,0.00,0.00,0.00,0.07,0.00,0.07,0.07,0.07
Alexander Djiku,"DF,FW",Ghana,27,Strasbourg,1994,2,1,97,1.1,0,0,0,0,0,0,0,0,0.0,0.0,0.0,0.0,0,1,0,0.00,0.00,0.00,0.00,0.00,0.00,0.00,0.00,0.00,0.00
Ritsu Doan,FW,Japan,23,Freiburg,1998,4,2,217,2.4,2,0,2,2,0,0,0,0,0.5,0.5,0.2,0.7,1,7,6,0.83,0.00,0.83,0.83,0.83,0.21,0.07,0.28,0.21,0.28
Jeremy Doku,"MF,FW",Belgium,20,Rennes,2002,1,0,19,0.2,0,0,0,0,0,0,0,0,0.0,0.0,0.0,0.0,4,1,4,0.00,0.00,0.00,0.00,0.00,0.00,0.00,0.00,0.00,0.00
Kasper Dolberg,FW,Denmark,24,Sevilla,1997,3,1,114,1.3,0,0,0,0,0,0,0,0,0.4,0.4,0.1,0.5,0,3,14,0.00,0.00,0.00,0.00,0.00,0.31,0.05,0.37,0.31,0.37
Mohamed Dräger,DF,Tunisia,25,Luzern,1996,2,2,132,1.5,0,0,0,0,0,0,0,0,0.2,0.2,0.0,0.2,0,4,9,0.00,0.00,0.00,0.00,0.00,0.14,0.01,0.15,0.14,0.15
Óscar Duarte,DF,Costa Rica,33,Al-Wehda,1989,3,3,270,3.0,0,0,0,0,0,0,1,0,0.0,0.0,0.3,0.3,0,0,0,0.00,0.00,0.00,0.00,0.00,0.00,0.09,0.09,0.00,0.09
Mitchell Duke,FW,Australia,31,Fagi Okayama,1991,4,4,270,3.0,1,0,1,1,0,0,1,0,0.4,0.4,0.0,0.4,1,3,9,0.33,0.00,0.33,0.33,0.33,0.12,0.01,0.13,0.12,0.13
Denzel Dumfries,DF,Netherlands,26,Inter,1996,5,5,479,5.3,1,2,3,1,0,0,2,1,0.4,0.4,0.3,0.7,12,14,37,0.19,0.38,0.56,0.19,0.56,0.08,0.06,0.14,0.08,0.14
Paulo Dybala,FW,Argentina,28,Roma,1993,2,0,18,0.2,0,0,0,0,0,0,0,0,0.0,0.0,0.2,0.2,0,2,4,0.00,0.00,0.00,0.00,0.00,0.00,1.03,1.03,0.00,1.03
Enzo Ebosse,DF,Cameroon,23,Udinese,1999,1,1,90,1.0,0,0,0,0,0,0,0,0,0.0,0.0,0.0,0.0,2,2,0,0.00,0.00,0.00,0.00,0.00,0.00,0.00,0.00,0.00,0.00
Ederson,GK,Brazil,28,Manchester City,1993,1,1,90,1.0,0,0,0,0,0,0,0,0,0.0,0.0,0.0,0.0,0,0,0,0.00,0.00,0.00,0.00,0.00,0.00,0.00,0.00,0.00,0.00
Jorge Eduardo Sánchez,DF,Mexico,24,Ajax,1997,2,2,175,1.9,0,0,0,0,0,0,1,0,0.0,0.0,0.0,0.0,1,14,13,0.00,0.00,0.00,0.00,0.00,0.01,0.00,0.01,0.01,0.01
Nico Elvedi,DF,Switzerland,25,Gladbach,1996,2,2,180,2.0,0,0,0,0,0,0,1,0,0.1,0.1,0.0,0.1,5,7,0,0.00,0.00,0.00,0.00,0.00,0.04,0.00,0.04,0.04,0.04
Breel Embolo,FW,Switzerland,25,Monaco,1997,4,4,323,3.6,2,0,2,2,0,0,0,0,2.3,2.3,0.1,2.4,7,5,18,0.56,0.00,0.56,0.56,0.56,0.64,0.03,0.67,0.64,0.67
Youssef En-Nesyri,FW,Morocco,25,Sevilla,1997,7,7,542,6.0,2,0,2,2,0,0,0,0,1.2,1.2,0.0,1.3,2,1,14,0.33,0.00,0.33,0.33,0.33,0.21,0.01,0.21,0.21,0.21
Wataru Endo,MF,Japan,29,Stuttgart,1993,4,3,304,3.4,0,0,0,0,0,0,1,0,0.2,0.2,0.5,0.6,3,17,6,0.00,0.00,0.00,0.00,0.00,0.06,0.15,0.21,0.06,0.21
Devis Epassy,GK,Cameroon,29,Abha,1993,2,2,180,2.0,0,0,0,0,0,0,0,0,0.0,0.0,0.0,0.0,0,0,0,0.00,0.00,0.00,0.00,0.00,0.00,0.00,0.00,0.00,0.00
Christian Eriksen,MF,Denmark,30,Manchester Utd,1992,3,3,270,3.0,0,0,0,0,0,0,0,0,0.2,0.2,0.4,0.6,5,21,18,0.00,0.00,0.00,0.00,0.00,0.06,0.14,0.20,0.06,0.20
Michael Estrada,FW,Ecuador,26,Cruz Azul,1996,3,3,225,2.5,0,0,0,0,0,0,0,0,0.3,0.3,0.0,0.3,1,9,7,0.00,0.00,0.00,0.00,0.00,0.13,0.01,0.13,0.13,0.13
Pervis Estupiñán,DF,Ecuador,24,Brighton,1998,3,3,270,3.0,0,0,0,0,0,0,0,0,0.1,0.1,0.3,0.3,4,12,17,0.00,0.00,0.00,0.00,0.00,0.02,0.09,0.11,0.02,0.11
Stephen Eustáquio,MF,Canada,25,Porto,1996,2,2,125,1.4,0,0,0,0,0,0,0,0,0.2,0.2,0.2,0.3,0,14,2,0.00,0.00,0.00,0.00,0.00,0.13,0.11,0.24,0.13,0.24
Saeid Ezatolahi,MF,IR Iran,25,Vejle BK,1996,3,2,217,2.4,0,0,0,0,0,0,0,0,0.1,0.1,0.2,0.3,2,5,1,0.00,0.00,0.00,0.00,0.00,0.04,0.08,0.12,0.04,0.12
Abde Ezzalzouli,"FW,MF",Morocco,20,Osasuna,2001,3,0,93,1.0,0,0,0,0,0,0,0,0,0.1,0.1,0.3,0.3,1,2,6,0.00,0.00,0.00,0.00,0.00,0.09,0.39,0.49,0.09,0.49
Fabinho,MF,Brazil,28,Liverpool,1993,1,1,90,1.0,0,0,0,0,0,0,0,0,0.0,0.0,0.0,0.0,1,7,0,0.00,0.00,0.00,0.00,0.00,0.00,0.00,0.00,0.00,0.00
Collins Fai,DF,Cameroon,29,Al-Ta'ee,1992,3,3,270,3.0,0,0,0,0,0,0,2,0,0.0,0.0,0.0,0.1,5,11,5,0.00,0.00,0.00,0.00,0.00,0.01,0.01,0.02,0.01,0.02
Salman Al-Faraj,MF,Saudi Arabia,32,Al-Hilal,1989,1,1,44,0.5,0,0,0,0,0,0,0,0,0.0,0.0,0.0,0.0,0,0,1,0.00,0.00,0.00,0.00,0.00,0.00,0.00,0.00,0.00,0.00
Christian Fassnacht,FW,Switzerland,28,Young Boys,1993,1,0,8,0.1,0,0,0,0,0,0,0,0,0.2,0.2,0.0,0.2,2,1,3,0.00,0.00,0.00,0.00,0.00,2.58,0.00,2.58,2.58,2.58
Abdul Fatawu Issahaku,FW,Ghana,18,Sporting CP,2004,1,0,1,0.0,0,0,0,0,0,0,0,0,0.0,0.0,0.0,0.0,0,0,0,0.00,0.00,0.00,0.00,0.00,0.00,0.00,0.00,0.00,0.00
Ansu Fati,FW,Spain,19,Barcelona,2002,2,0,46,0.5,0,0,0,0,0,0,0,0,0.0,0.0,0.0,0.0,0,2,7,0.00,0.00,0.00,0.00,0.00,0.00,0.00,0.00,0.00,0.00
João Félix,FW,Portugal,22,Atlético Madrid,1999,4,4,331,3.7,1,2,3,1,0,0,1,0,0.8,0.8,0.4,1.3,10,10,24,0.27,0.54,0.82,0.27,0.82,0.23,0.11,0.34,0.23,0.34
Bruno Fernandes,"FW,MF",Portugal,27,Manchester Utd,1994,4,4,356,4.0,2,3,5,1,1,1,1,0,1.1,0.3,1.7,2.1,10,31,25,0.51,0.76,1.26,0.25,1.01,0.28,0.44,0.72,0.08,0.52
Edimilson Fernandes,"FW,DF",Switzerland,26,Mainz 05,1996,3,1,145,1.6,0,0,0,0,0,0,0,0,0.0,0.0,0.3,0.4,2,3,9,0.00,0.00,0.00,0.00,0.00,0.02,0.22,0.24,0.02,0.24
Enzo Fernández,MF,Argentina,21,Benfica,2001,7,5,564,6.3,1,1,2,1,0,0,1,0,0.3,0.3,0.9,1.2,16,34,6,0.16,0.16,0.32,0.16,0.32,0.05,0.16,0.21,0.05,0.21
Jesús Ferreira,FW,United States,21,FC Dallas,2000,1,1,45,0.5,0,0,0,0,0,0,0,0,0.0,0.0,0.0,0.0,0,0,2,0.00,0.00,0.00,0.00,0.00,0.00,0.00,0.00,0.00,0.00
Phil Foden,"FW,MF",England,22,Manchester City,2000,4,3,258,2.9,1,2,3,1,0,0,0,0,1.1,1.1,0.5,1.6,5,7,36,0.35,0.70,1.05,0.35,1.05,0.38,0.18,0.55,0.38,0.55
Youssouf Fofana,MF,France,23,Monaco,1999,6,2,227,2.5,0,0,0,0,0,0,0,0,0.2,0.2,0.2,0.3,6,11,4,0.00,0.00,0.00,0.00,0.00,0.07,0.07,0.14,0.07,0.14
Juan Foyth,DF,Argentina,24,Villarreal,1998,1,0,5,0.1,0,0,0,0,0,0,0,0,0.0,0.0,0.0,0.0,1,0,1,0.00,0.00,0.00,0.00,0.00,0.00,0.00,0.00,0.00,0.00
Alan Franco,MF,Ecuador,23,Talleres,1998,2,1,46,0.5,0,0,0,0,0,0,0,0,0.0,0.0,0.0,0.0,0,1,0,0.00,0.00,0.00,0.00,0.00,0.00,0.00,0.00,0.00,0.00
Przemysław Frankowski,MF,Poland,27,Lens,1995,4,3,240,2.7,0,0,0,0,0,0,1,0,0.0,0.0,0.2,0.3,3,5,8,0.00,0.00,0.00,0.00,0.00,0.01,0.09,0.11,0.01,0.11
Fred,MF,Brazil,29,Manchester Utd,1993,4,2,142,1.6,0,0,0,0,0,0,1,0,0.3,0.3,0.2,0.6,0,11,5,0.00,0.00,0.00,0.00,0.00,0.23,0.16,0.39,0.23,0.39
Fabian Frei,MF,Switzerland,33,Basel,1989,2,0,25,0.3,0,0,0,0,0,0,0,0,0.0,0.0,0.0,0.0,0,1,1,0.00,0.00,0.00,0.00,0.00,0.00,0.00,0.00,0.00,0.00
Remo Freuler,MF,Switzerland,30,Nott'ham Forest,1992,4,4,323,3.6,1,0,1,1,0,0,0,0,0.4,0.4,0.0,0.4,1,13,8,0.28,0.00,0.28,0.28,0.28,0.11,0.00,0.11,0.11,0.11
Keysher Fuller,"DF,MF",Costa Rica,27,Herediano,1994,3,3,253,2.8,1,0,1,1,0,0,0,0,0.4,0.4,0.2,0.5,1,2,5,0.36,0.00,0.36,0.36,0.36,0.14,0.05,0.19,0.14,0.19
Niclas Füllkrug,FW,Germany,29,Werder Bremen,1993,3,0,69,0.8,2,1,3,2,0,0,0,0,2.2,2.2,0.6,2.8,1,1,10,2.61,1.30,3.91,2.61,3.91,2.86,0.76,3.62,2.86,3.62
Rogelio Funes Mori,FW,Mexico,31,Monterrey,1991,1,0,5,0.1,0,0,0,0,0,0,0,0,0.1,0.1,0.0,0.1,0,0,0,0.00,0.00,0.00,0.00,0.00,1.23,0.00,1.23,1.23,1.23
Cody Gakpo,"FW,MF",Netherlands,23,PSV Eindhoven,1999,5,5,450,5.0,3,0,3,3,0,0,0,0,0.3,0.3,0.6,0.9,14,11,27,0.60,0.00,0.60,0.60,0.60,0.06,0.12,0.18,0.06,0.18
Hernán Galíndez,GK,Ecuador,35,SD Aucas,1987,3,3,270,3.0,0,0,0,0,0,0,0,0,0.0,0.0,0.0,0.0,0,0,0,0.00,0.00,0.00,0.00,0.00,0.00,0.00,0.00,0.00,0.00
Jesús Gallardo,DF,Mexico,27,Monterrey,1994,3,3,270,3.0,0,0,0,0,0,0,0,0,0.1,0.1,0.0,0.1,4,7,14,0.00,0.00,0.00,0.00,0.00,0.04,0.01,0.05,0.04,0.05
Idrissa Gana Gueye,MF,Senegal,32,Everton,1989,3,3,270,3.0,0,0,0,0,0,0,2,0,0.3,0.3,0.1,0.4,6,10,8,0.00,0.00,0.00,0.00,0.00,0.11,0.03,0.14,0.11,0.14
Gavi,MF,Spain,17,Barcelona,2004,4,4,284,3.2,1,0,1,1,0,0,0,0,0.1,0.1,0.1,0.2,6,10,23,0.32,0.00,0.32,0.32,0.32,0.04,0.03,0.07,0.04,0.07
Sultan Al-Ghanam,"DF,MF",Saudi Arabia,28,Al-Nassr,1994,3,1,126,1.4,0,0,0,0,0,0,0,0,0.2,0.2,0.1,0.2,4,5,11,0.00,0.00,0.00,0.00,0.00,0.12,0.05,0.17,0.12,0.17
Nader Ghandri,DF,Tunisia,27,Club Africain,1995,1,1,90,1.0,0,0,0,0,0,0,0,0,0.0,0.0,0.0,0.0,0,1,0,0.00,0.00,0.00,0.00,0.00,0.00,0.00,0.00,0.00,0.00
Saman Ghoddos,MF,IR Iran,28,Brentford,1993,1,0,45,0.5,0,0,0,0,0,0,0,0,0.2,0.2,0.0,0.2,0,2,7,0.00,0.00,0.00,0.00,0.00,0.36,0.05,0.41,0.36,0.41
Ali Gholizadeh,"MF,FW",IR Iran,26,Charleroi,1996,3,2,199,2.2,0,1,1,0,0,0,0,0,0.0,0.0,0.2,0.2,4,5,11,0.00,0.45,0.45,0.00,0.45,0.01,0.07,0.09,0.01,0.09
Matthias Ginter,DF,Germany,28,Freiburg,1994,1,0,1,0.0,0,0,0,0,0,0,0,0,0.0,0.0,0.0,0.0,0,0,0,0.00,0.00,0.00,0.00,0.00,0.00,0.00,0.00,0.00,0.00
Olivier Giroud,FW,France,35,Milan,1986,6,6,419,4.7,4,0,4,4,0,0,1,0,3.4,3.4,0.1,3.5,1,9,10,0.86,0.00,0.86,0.86,0.86,0.72,0.03,0.76,0.72,0.76
Kamil Glik,DF,Poland,34,Benevento,1988,4,4,360,4.0,0,0,0,0,0,0,0,0,0.2,0.2,0.0,0.2,0,0,0,0.00,0.00,0.00,0.00,0.00,0.06,0.00,0.06,0.06,0.06
Serge Gnabry,"FW,MF",Germany,26,Bayern Munich,1995,3,3,263,2.9,1,1,2,1,0,0,0,0,1.1,1.1,1.5,2.6,4,7,25,0.34,0.34,0.68,0.34,0.68,0.37,0.51,0.88,0.37,0.88
Diego Godín,DF,Uruguay,36,Vélez Sarsfield,1986,2,2,151,1.7,0,0,0,0,0,0,0,0,0.1,0.1,0.0,0.1,0,4,1,0.00,0.00,0.00,0.00,0.00,0.03,0.00,0.03,0.03,0.03
Maxi Gómez,FW,Uruguay,25,Trabzonspor,1996,2,0,30,0.3,0,0,0,0,0,0,0,0,0.1,0.1,0.0,0.1,0,1,1,0.00,0.00,0.00,0.00,0.00,0.26,0.00,0.26,0.26,0.26
Papu Gómez,"MF,FW",Argentina,34,Sevilla,1988,2,2,107,1.2,0,0,0,0,0,0,0,0,0.0,0.0,0.0,0.0,2,5,9,0.00,0.00,0.00,0.00,0.00,0.03,0.00,0.03,0.03,0.03
Shūichi Gonda,GK,Japan,33,S-Pulse,1989,4,4,390,4.3,0,0,0,0,0,0,0,0,0.0,0.0,0.0,0.0,0,0,0,0.00,0.00,0.00,0.00,0.00,0.00,0.00,0.00,0.00,0.00
Craig Goodwin,MF,Australia,30,Adelaide,1991,4,3,234,2.6,1,1,2,1,0,0,0,0,0.3,0.3,0.6,0.9,3,10,15,0.38,0.38,0.77,0.38,0.77,0.11,0.25,0.36,0.11,0.36
Leon Goretzka,MF,Germany,27,Bayern Munich,1995,3,2,159,1.8,0,0,0,0,0,0,1,0,0.5,0.5,0.0,0.5,4,2,2,0.00,0.00,0.00,0.00,0.00,0.26,0.01,0.27,0.26,0.27
Mario Götze,MF,Germany,30,Eint Frankfurt,1992,2,0,36,0.4,0,0,0,0,0,0,0,0,0.1,0.1,0.1,0.2,2,2,6,0.00,0.00,0.00,0.00,0.00,0.21,0.29,0.50,0.21,0.50
Jack Grealish,FW,England,26,Manchester City,1995,5,0,86,1.0,1,0,1,1,0,0,0,0,0.6,0.6,0.1,0.8,4,7,12,1.05,0.00,1.05,1.05,1.05,0.69,0.12,0.81,0.69,0.81
Antoine Griezmann,MF,France,31,Atlético Madrid,1991,7,6,537,6.0,0,3,3,0,0,0,1,0,0.7,0.7,3.1,3.8,10,36,31,0.00,0.50,0.50,0.00,0.50,0.11,0.52,0.63,0.11,0.63
Kamil Grosicki,MF,Poland,34,Pogoń Szczecin,1988,1,0,4,0.0,0,0,0,0,0,0,0,0,0.0,0.0,0.1,0.1,0,0,3,0.00,0.00,0.00,0.00,0.00,0.00,1.69,1.69,0.00,1.69
Carlos Gruezo,MF,Ecuador,27,Augsburg,1995,1,1,45,0.5,0,0,0,0,0,0,0,0,0.0,0.0,0.0,0.0,1,1,0,0.00,0.00,0.00,0.00,0.00,0.00,0.00,0.00,0.00,0.00
Marko Grujić,MF,Serbia,26,Porto,1996,1,0,13,0.1,0,0,0,0,0,0,0,0,0.0,0.0,0.0,0.0,3,4,1,0.00,0.00,0.00,0.00,0.00,0.26,0.00,0.26,0.26,0.26
Andrés Guardado,MF,Mexico,35,Betis,1986,1,1,41,0.5,0,0,0,0,0,0,0,0,0.0,0.0,0.0,0.0,0,1,0,0.00,0.00,0.00,0.00,0.00,0.00,0.00,0.00,0.00,0.00
Nemanja Gudelj,"MF,DF",Serbia,30,Sevilla,1991,2,1,92,1.0,0,0,0,0,0,0,2,0,0.0,0.0,0.0,0.0,1,4,1,0.00,0.00,0.00,0.00,0.00,0.00,0.00,0.00,0.00,0.00
Cho Gue-sung,FW,Korea Republic,24,Jeonbuk,1998,4,3,275,3.1,2,0,2,2,0,0,1,0,1.1,1.1,0.0,1.1,0,4,13,0.65,0.00,0.65,0.65,0.65,0.35,0.01,0.36,0.35,0.36
Mattéo Guendouzi,"FW,MF",France,23,Marseille,1999,1,1,78,0.9,0,0,0,0,0,0,0,0,0.0,0.0,0.0,0.0,0,1,4,0.00,0.00,0.00,0.00,0.00,0.00,0.00,0.00,0.00,0.00
Raphaël Guerreiro,DF,Portugal,28,Dortmund,1993,4,3,279,3.1,1,2,3,1,0,0,0,0,0.4,0.4,0.5,0.9,10,13,20,0.32,0.65,0.97,0.32,0.97,0.14,0.17,0.30,0.14,0.30
Pape Gueye,MF,Senegal,23,Marseille,1999,3,1,153,1.7,0,0,0,0,0,0,0,0,0.1,0.1,0.2,0.3,1,7,4,0.00,0.00,0.00,0.00,0.00,0.06,0.11,0.18,0.06,0.18
Bruno Guimarães,MF,Brazil,24,Newcastle Utd,1997,2,0,69,0.8,0,0,0,0,0,0,1,0,0.7,0.7,0.0,0.7,2,8,3,0.00,0.00,0.00,0.00,0.00,0.92,0.00,0.92,0.92,0.92
İlkay Gündoğan,MF,Germany,31,Manchester City,1990,3,3,189,2.1,1,0,1,0,1,1,0,0,1.1,0.4,0.1,0.5,3,24,6,0.48,0.00,0.48,0.00,0.00,0.54,0.05,0.60,0.17,0.22
Erick Gutiérrez,MF,Mexico,26,PSV Eindhoven,1995,1,0,49,0.5,0,0,0,0,0,0,1,0,0.0,0.0,0.0,0.0,1,0,1,0.00,0.00,0.00,0.00,0.00,0.00,0.00,0.00,0.00,0.00
Joško Gvardiol,DF,Croatia,20,RB Leipzig,2002,7,7,690,7.7,1,0,1,1,0,0,0,0,0.1,0.1,0.0,0.2,11,32,4,0.13,0.00,0.13,0.13,0.13,0.02,0.01,0.03,0.02,0.03
Asiri Haitham,FW,Saudi Arabia,21,Al-Ahli,2001,1,0,2,0.0,0,0,0,0,0,0,0,0,0.0,0.0,0.0,0.0,0,0,0,0.00,0.00,0.00,0.00,0.00,0.00,0.00,0.00,0.00,0.00
Ehsan Hajsafi,"MF,DF",IR Iran,32,AEK Athens,1990,3,3,237,2.6,0,0,0,0,0,0,0,0,0.2,0.2,0.2,0.4,7,8,5,0.00,0.00,0.00,0.00,0.00,0.06,0.08,0.15,0.06,0.15
Achraf Hakimi,DF,Morocco,23,Paris S-G,1998,7,7,631,7.0,0,1,1,0,0,0,0,0,0.1,0.1,0.5,0.6,10,20,24,0.00,0.14,0.14,0.00,0.14,0.02,0.07,0.09,0.02,0.09
Abderrazak Hamdallah,FW,Morocco,31,Al-Ittihad,1990,4,0,68,0.8,0,0,0,0,0,0,0,0,0.4,0.4,0.0,0.4,3,0,5,0.00,0.00,0.00,0.00,0.00,0.52,0.00,0.52,0.52,0.52
Abdelkarim Hassan,DF,Qatar,28,Al Sadd,1993,3,3,270,3.0,0,0,0,0,0,0,0,0,0.3,0.3,0.0,0.3,14,11,5,0.00,0.00,0.00,0.00,0.00,0.10,0.01,0.11,0.10,0.11
Ali Al Hassan,MF,Saudi Arabia,25,Al-Nassr,1997,1,1,45,0.5,0,0,0,0,0,0,1,0,0.1,0.1,0.0,0.1,1,1,0,0.00,0.00,0.00,0.00,0.00,0.15,0.00,0.15,0.15,0.15
Abdulaziz Hatem,MF,Qatar,31,Al Rayyan SC,1990,3,2,196,2.2,0,0,0,0,0,0,0,0,0.0,0.0,0.0,0.0,2,2,3,0.00,0.00,0.00,0.00,0.00,0.01,0.01,0.02,0.01,0.02
Kai Havertz,FW,Germany,23,Chelsea,1999,2,1,102,1.1,2,0,2,2,0,0,0,0,1.4,1.4,0.2,1.6,1,4,8,1.76,0.00,1.76,1.76,1.76,1.19,0.17,1.36,1.19,1.36
Hassan Al-Haydos,MF,Qatar,31,Al Sadd,1990,3,3,206,2.3,0,0,0,0,0,0,0,0,0.0,0.0,0.6,0.6,5,12,8,0.00,0.00,0.00,0.00,0.00,0.01,0.27,0.27,0.01,0.27
Eden Hazard,MF,Belgium,31,Real Madrid,1991,3,2,124,1.4,0,0,0,0,0,0,0,0,0.1,0.1,0.0,0.1,5,7,7,0.00,0.00,0.00,0.00,0.00,0.04,0.01,0.05,0.04,0.05
Thorgan Hazard,FW,Belgium,29,Dortmund,1993,2,1,106,1.2,0,0,0,0,0,0,0,0,0.0,0.0,1.3,1.3,1,4,13,0.00,0.00,0.00,0.00,0.00,0.00,1.07,1.07,0.00,1.07
Hwang Hee-chan,"MF,FW",Korea Republic,26,Wolves,1996,2,1,115,1.3,1,0,1,1,0,0,1,0,0.9,0.9,0.0,1.0,7,3,16,0.78,0.00,0.78,0.78,0.78,0.72,0.03,0.75,0.72,0.75
Jordan Henderson,MF,England,31,Liverpool,1990,4,3,271,3.0,1,0,1,1,0,0,0,0,0.2,0.2,0.3,0.5,2,16,13,0.33,0.00,0.33,0.33,0.33,0.06,0.11,0.16,0.06,0.16
Wayne Hennessey,GK,Wales,35,Nott'ham Forest,1987,2,2,175,1.9,0,0,0,0,0,0,0,1,0.0,0.0,0.0,0.0,0,0,0,0.00,0.00,0.00,0.00,0.00,0.00,0.00,0.00,0.00,0.00
Lucas Hernández,DF,France,26,Bayern Munich,1996,1,1,12,0.1,0,0,0,0,0,0,0,0,0.0,0.0,0.0,0.0,0,1,2,0.00,0.00,0.00,0.00,0.00,0.00,0.00,0.00,0.00,0.00
Theo Hernández,DF,France,24,Milan,1997,6,5,508,5.6,1,2,3,1,0,0,1,0,0.4,0.4,1.2,1.6,18,23,33,0.18,0.35,0.53,0.18,0.53,0.07,0.22,0.29,0.07,0.29
Héctor Herrera,MF,Mexico,32,Houston Dynamo,1990,2,2,160,1.8,0,0,0,0,0,0,1,0,0.0,0.0,0.1,0.1,2,6,4,0.00,0.00,0.00,0.00,0.00,0.00,0.06,0.06,0.00,0.06
Son Heung-min,"FW,MF",Korea Republic,29,Tottenham,1992,4,4,360,4.0,0,1,1,0,0,0,0,0,0.4,0.4,1.0,1.4,12,8,33,0.00,0.25,0.25,0.00,0.25,0.11,0.24,0.35,0.11,0.35
Piero Hincapié,DF,Ecuador,20,Leverkusen,2002,3,3,270,3.0,0,0,0,0,0,0,0,0,0.0,0.0,0.0,0.0,1,11,0,0.00,0.00,0.00,0.00,0.00,0.00,0.00,0.00,0.00,0.00
Jonas Hofmann,FW,Germany,29,Gladbach,1992,2,0,30,0.3,0,0,0,0,0,0,0,0,0.3,0.3,0.1,0.3,1,1,3,0.00,0.00,0.00,0.00,0.00,0.82,0.16,0.98,0.82,0.98
Junior Hoilett,"FW,MF",Canada,32,Reading,1990,3,2,161,1.8,0,0,0,0,0,0,1,0,0.1,0.1,0.4,0.5,5,6,8,0.00,0.00,0.00,0.00,0.00,0.08,0.21,0.28,0.08,0.28
Martin Hongla,MF,Cameroon,24,Hellas Verona,1998,2,2,121,1.3,0,0,0,0,0,0,0,0,0.1,0.1,0.1,0.1,1,4,4,0.00,0.00,0.00,0.00,0.00,0.04,0.05,0.09,0.04,0.09
Ricardo Horta,FW,Portugal,27,Braga,1994,3,1,119,1.3,1,0,1,1,0,0,0,0,0.8,0.8,0.1,0.8,2,3,9,0.76,0.00,0.76,0.76,0.76,0.58,0.05,0.63,0.58,0.63
Hossein Hosseini,GK,IR Iran,29,Esteghlal,1992,2,1,161,1.8,0,0,0,0,0,0,0,0,0.0,0.0,0.0,0.0,0,0,0,0.00,0.00,0.00,0.00,0.00,0.00,0.00,0.00,0.00,0.00
Majid Hosseini,DF,IR Iran,25,Kayserispor,1996,3,3,270,3.0,0,0,0,0,0,0,1,0,0.0,0.0,0.0,0.0,0,4,0,0.00,0.00,0.00,0.00,0.00,0.00,0.00,0.00,0.00,0.00
Ajdin Hrustic,"MF,FW",Australia,25,Hellas Verona,1996,3,0,62,0.7,0,0,0,0,0,0,0,0,0.0,0.0,0.0,0.0,2,2,4,0.00,0.00,0.00,0.00,0.00,0.04,0.00,0.04,0.04,0.04
Atiba Hutchinson,MF,Canada,39,Beşiktaş,1983,3,2,159,1.8,0,0,0,0,0,0,0,0,0.1,0.1,0.0,0.1,1,15,1,0.00,0.00,0.00,0.00,0.00,0.07,0.00,0.07,0.07,0.07
Pierre Højbjerg,MF,Denmark,26,Tottenham,1995,3,3,270,3.0,0,0,0,0,0,0,0,0,0.0,0.0,0.0,0.1,0,29,5,0.00,0.00,0.00,0.00,0.00,0.01,0.01,0.02,0.01,0.02
Romario Ibarra,MF,Ecuador,27,Pachuca,1994,2,1,68,0.8,0,0,0,0,0,0,0,0,0.1,0.1,0.0,0.1,2,1,5,0.00,0.00,0.00,0.00,0.00,0.19,0.00,0.19,0.19,0.19
Ivan Ilić,MF,Serbia,21,Hellas Verona,2001,1,0,34,0.4,0,0,0,0,0,0,0,0,0.0,0.0,0.0,0.0,0,2,1,0.00,0.00,0.00,0.00,0.00,0.00,0.04,0.04,0.00,0.04
Hwang In-beom,MF,Korea Republic,25,Olympiacos,1996,4,4,334,3.7,0,0,0,0,0,0,0,0,0.2,0.2,0.1,0.3,5,37,6,0.00,0.00,0.00,0.00,0.00,0.06,0.02,0.08,0.06,0.08
Jackson Irvine,"MF,FW",Australia,29,St. Pauli,1993,4,4,354,3.9,0,0,0,0,0,0,2,0,0.5,0.5,0.0,0.6,2,17,5,0.00,0.00,0.00,0.00,0.00,0.13,0.01,0.14,0.13,0.14
Ko Itakura,DF,Japan,25,Gladbach,1997,3,3,270,3.0,0,1,1,0,0,0,2,0,0.2,0.2,0.1,0.2,3,5,1,0.00,0.33,0.33,0.00,0.33,0.05,0.03,0.08,0.05,0.08
Hiroki Ito,DF,Japan,23,Stuttgart,1999,1,0,45,0.5,0,0,0,0,0,0,0,0,0.0,0.0,0.0,0.0,2,10,2,0.00,0.00,0.00,0.00,0.00,0.00,0.09,0.09,0.00,0.09
Junya Ito,"MF,FW",Japan,29,Reims,1993,4,3,324,3.6,0,1,1,0,0,0,0,0,0.2,0.2,0.2,0.4,9,4,19,0.00,0.28,0.28,0.00,0.28,0.05,0.07,0.12,0.05,0.12
Yahya Jabrane,MF,Morocco,30,Wydad Casablanca,1991,2,0,15,0.2,0,0,0,0,0,0,0,0,0.0,0.0,0.0,0.0,0,0,0,0.00,0.00,0.00,0.00,0.00,0.00,0.00,0.00,0.00,0.00
Nicolas Jackson,FW,Senegal,20,Villarreal,2001,1,0,17,0.2,0,0,0,0,0,0,0,0,0.0,0.0,0.0,0.0,0,1,3,0.00,0.00,0.00,0.00,0.00,0.00,0.00,0.00,0.00,0.00
Lee Jae-sung,"MF,FW",Korea Republic,29,Mainz 05,1992,3,3,211,2.3,0,0,0,0,0,0,0,0,0.0,0.0,0.0,0.1,2,10,14,0.00,0.00,0.00,0.00,0.00,0.01,0.02,0.03,0.01,0.03
Alireza Jahanbakhsh,MF,IR Iran,28,Feyenoord,1993,2,1,59,0.7,0,0,0,0,0,0,2,0,0.2,0.2,0.0,0.2,2,3,5,0.00,0.00,0.00,0.00,0.00,0.29,0.00,0.29,0.29,0.29
Kristijan Jakić,FW,Croatia,25,Eint Frankfurt,1997,1,0,1,0.0,0,0,0,0,0,0,0,0,0.0,0.0,0.0,0.0,0,0,0,0.00,0.00,0.00,0.00,0.00,0.00,0.00,0.00,0.00,0.00
Ismail Jakobs,DF,Senegal,22,Monaco,1999,4,3,278,3.1,0,1,1,0,0,0,1,0,0.0,0.0,0.3,0.3,6,9,4,0.00,0.32,0.32,0.00,0.32,0.00,0.11,0.11,0.00,0.11
Abolfazl Jalali,DF,IR Iran,23,Esteghlal,1998,1,0,19,0.2,0,0,0,0,0,0,1,0,0.0,0.0,0.0,0.0,1,3,1,0.00,0.00,0.00,0.00,0.00,0.00,0.00,0.00,0.00,0.00
Daniel James,"FW,MF",Wales,24,Fulham,1997,3,2,154,1.7,0,0,0,0,0,0,1,0,0.0,0.0,0.0,0.0,0,0,10,0.00,0.00,0.00,0.00,0.00,0.00,0.02,0.02,0.00,0.02
Vincent Janssen,FW,Netherlands,27,Antwerp,1994,2,1,86,1.0,0,0,0,0,0,0,0,0,0.1,0.1,0.0,0.1,0,3,3,0.00,0.00,0.00,0.00,0.00,0.09,0.04,0.13,0.09,0.13
Ardon Jashari,FW,Switzerland,19,Luzern,2002,1,0,2,0.0,0,0,0,0,0,0,0,0,0.0,0.0,0.0,0.0,0,0,0,0.00,0.00,0.00,0.00,0.00,0.00,0.00,0.00,0.00,0.00
Issam Jebali,FW,Tunisia,30,Odense,1991,3,2,182,2.0,0,0,0,0,0,0,0,0,0.5,0.5,0.2,0.7,2,0,11,0.00,0.00,0.00,0.00,0.00,0.26,0.08,0.34,0.26,0.34
Artur Jędrzejczyk,DF,Poland,34,Legia Warsaw,1987,1,0,19,0.2,0,0,0,0,0,0,0,0,0.0,0.0,0.0,0.0,0,0,1,0.00,0.00,0.00,0.00,0.00,0.00,0.00,0.00,0.00,0.00
Mathias Jensen,MF,Denmark,26,Brentford,1996,2,1,84,0.9,0,0,0,0,0,0,1,0,0.1,0.1,0.4,0.5,1,5,8,0.00,0.00,0.00,0.00,0.00,0.11,0.38,0.50,0.11,0.50
Gabriel Jesus,FW,Brazil,25,Arsenal,1997,3,1,93,1.0,0,0,0,0,0,0,0,0,0.4,0.4,0.2,0.6,1,7,6,0.00,0.00,0.00,0.00,0.00,0.35,0.23,0.58,0.35,0.58
Raúl Jiménez,FW,Mexico,31,Wolves,1991,3,0,59,0.7,0,0,0,0,0,0,0,0,0.0,0.0,0.0,0.0,0,8,4,0.00,0.00,0.00,0.00,0.00,0.00,0.00,0.00,0.00,0.00
Kim Jin-su,DF,Korea Republic,30,Jeonbuk,1992,4,4,315,3.5,0,1,1,0,0,0,0,0,0.3,0.3,0.6,0.9,2,8,15,0.00,0.29,0.29,0.00,0.29,0.09,0.17,0.27,0.09,0.27
Brennan Johnson,"FW,MF",Wales,21,Nott'ham Forest,2001,3,0,91,1.0,0,0,0,0,0,0,0,0,0.2,0.2,0.0,0.2,5,0,5,0.00,0.00,0.00,0.00,0.00,0.21,0.00,0.21,0.21,0.21
Alistair Johnston,DF,Canada,23,CF Montréal,1998,3,3,270,3.0,0,0,0,0,0,0,1,0,0.8,0.8,0.2,1.0,2,14,6,0.00,0.00,0.00,0.00,0.00,0.27,0.06,0.33,0.27,0.33
Frenkie de Jong,MF,Netherlands,25,Barcelona,1997,5,5,475,5.3,1,1,2,1,0,0,1,0,0.9,0.9,0.2,1.1,7,26,8,0.19,0.19,0.38,0.19,0.38,0.18,0.04,0.22,0.18,0.22
Luuk de Jong,FW,Netherlands,31,PSV Eindhoven,1990,1,0,57,0.6,0,0,0,0,0,0,0,0,0.1,0.1,0.0,0.1,0,1,4,0.00,0.00,0.00,0.00,0.00,0.25,0.00,0.25,0.25,0.25
Luka Jović,FW,Serbia,24,Fiorentina,1997,1,0,36,0.4,0,0,0,0,0,0,1,0,0.1,0.1,0.2,0.2,1,0,3,0.00,0.00,0.00,0.00,0.00,0.13,0.40,0.53,0.13,0.53
Son Jun-ho,"MF,DF",Korea Republic,30,Shandong Lunen,1992,3,0,72,0.8,0,0,0,0,0,0,0,0,0.0,0.0,0.0,0.0,0,7,1,0.00,0.00,0.00,0.00,0.00,0.00,0.00,0.00,0.00,0.00
Vinicius Júnior,FW,Brazil,21,Real Madrid,2000,4,4,299,3.3,1,2,3,1,0,0,0,0,1.0,1.0,0.7,1.7,18,4,42,0.30,0.60,0.90,0.30,0.90,0.30,0.20,0.50,0.30,0.50
Josip Juranović,DF,Croatia,26,Celtic,1995,6,6,600,6.7,0,1,1,0,0,0,0,0,0.0,0.0,0.3,0.4,15,34,38,0.00,0.15,0.15,0.00,0.15,0.01,0.05,0.06,0.01,0.06
Daichi Kamada,"FW,MF",Japan,25,Eint Frankfurt,1996,4,4,322,3.6,0,0,0,0,0,0,0,0,0.6,0.6,0.0,0.7,5,13,15,0.00,0.00,0.00,0.00,0.00,0.18,0.01,0.19,0.18,0.19
Jakub Kamiński,MF,Poland,20,Wolfsburg,2002,4,2,233,2.6,0,0,0,0,0,0,0,0,0.4,0.3,0.2,0.5,3,0,13,0.00,0.00,0.00,0.00,0.00,0.14,0.09,0.23,0.10,0.19
Hossein Kanaanizadegan,DF,IR Iran,28,Al Ahli SC,1994,1,0,45,0.5,0,0,0,0,0,0,1,0,0.0,0.0,0.0,0.0,0,0,0,0.00,0.00,0.00,0.00,0.00,0.00,0.00,0.00,0.00,0.00
Harry Kane,FW,England,28,Tottenham,1993,5,5,402,4.5,2,3,5,1,1,2,0,0,2.7,1.1,1.5,2.6,7,18,24,0.45,0.67,1.12,0.22,0.90,0.60,0.33,0.93,0.25,0.58
Lee Kang-in,"MF,FW",Korea Republic,21,Mallorca,2001,4,1,147,1.6,0,1,1,0,0,0,1,0,0.2,0.2,0.3,0.4,4,11,5,0.00,0.61,0.61,0.00,0.61,0.09,0.17,0.27,0.09,0.27
Mohamed Kanno,"MF,FW",Saudi Arabia,27,Al-Hilal,1994,3,3,270,3.0,0,0,0,0,0,0,0,0,0.3,0.3,0.0,0.3,6,17,8,0.00,0.00,0.00,0.00,0.00,0.10,0.00,0.10,0.10,0.10
Fran Karačić,DF,Australia,26,Brescia,1996,2,1,93,1.0,0,0,0,0,0,0,0,0,0.2,0.2,0.1,0.3,2,7,3,0.00,0.00,0.00,0.00,0.00,0.17,0.09,0.27,0.17,0.27
Ali Karimi,MF,IR Iran,28,Kayserispor,1994,3,1,99,1.1,0,0,0,0,0,0,0,0,0.0,0.0,0.0,0.0,1,4,2,0.00,0.00,0.00,0.00,0.00,0.00,0.00,0.00,0.00,0.00
Mark-Anthony Kaye,MF,Canada,27,Toronto FC,1994,1,1,59,0.7,0,0,0,0,0,0,0,0,0.0,0.0,0.0,0.0,0,1,1,0.00,0.00,0.00,0.00,0.00,0.06,0.00,0.06,0.06,0.06
Wajdi Kechrida,DF,Tunisia,26,Atromitos,1995,3,1,111,1.2,0,0,0,0,0,0,1,0,0.0,0.0,0.1,0.1,2,5,11,0.00,0.00,0.00,0.00,0.00,0.00,0.08,0.08,0.00,0.08
Thilo Kehrer,DF,Germany,25,West Ham,1996,1,1,69,0.8,0,0,0,0,0,0,1,0,0.0,0.0,0.0,0.0,0,2,1,0.00,0.00,0.00,0.00,0.00,0.00,0.00,0.00,0.00,0.00
Bilal El Khannouss,MF,Morocco,18,Genk,2004,1,1,55,0.6,0,0,0,0,0,0,0,0,0.0,0.0,0.0,0.0,0,3,2,0.00,0.00,0.00,0.00,0.00,0.00,0.00,0.00,0.00,0.00
Wahbi Khazri,"FW,MF",Tunisia,31,Montpellier,1991,2,1,83,0.9,1,0,1,1,0,0,0,0,0.4,0.4,0.0,0.4,0,2,8,1.08,0.00,1.08,1.08,1.08,0.47,0.00,0.47,0.47,0.47
Musab Kheder,DF,Qatar,28,Al Sadd,1993,1,0,6,0.1,0,0,0,0,0,0,0,0,0.0,0.0,0.0,0.0,0,0,1,0.00,0.00,0.00,0.00,0.00,0.00,0.00,0.00,0.00,0.00
Boualem Khoukhi,DF,Qatar,31,Al Sadd,1990,3,3,270,3.0,0,0,0,0,0,0,0,0,0.0,0.0,0.0,0.0,2,4,0,0.00,0.00,0.00,0.00,0.00,0.00,0.00,0.00,0.00,0.00
Joshua Kimmich,"MF,DF",Germany,27,Bayern Munich,1995,3,3,270,3.0,0,0,0,0,0,0,1,0,0.4,0.4,1.1,1.5,4,28,16,0.00,0.00,0.00,0.00,0.00,0.12,0.37,0.49,0.12,0.49
Jakub Kiwior,DF,Poland,22,Spezia,2000,4,4,355,3.9,0,0,0,0,0,0,1,0,0.0,0.0,0.0,0.0,1,5,0,0.00,0.00,0.00,0.00,0.00,0.01,0.00,0.01,0.01,0.01
Simon Kjær,DF,Denmark,33,Milan,1989,1,1,64,0.7,0,0,0,0,0,0,0,0,0.0,0.0,0.0,0.0,0,4,0,0.00,0.00,0.00,0.00,0.00,0.00,0.00,0.00,0.00,0.00
Davy Klaassen,"MF,FW",Netherlands,29,Ajax,1993,4,3,190,2.1,1,2,3,1,0,0,0,0,0.2,0.2,0.3,0.5,0,6,9,0.47,0.95,1.42,0.47,1.42,0.11,0.14,0.25,0.11,0.25
Lukas Klostermann,DF,Germany,26,RB Leipzig,1996,2,0,66,0.7,0,0,0,0,0,0,0,0,0.0,0.0,0.0,0.0,1,4,1,0.00,0.00,0.00,0.00,0.00,0.00,0.00,0.00,0.00,0.00
Gregor Kobel,GK,Switzerland,24,Dortmund,1997,1,1,90,1.0,0,0,0,0,0,0,0,0,0.0,0.0,0.0,0.0,0,0,0,0.00,0.00,0.00,0.00,0.00,0.00,0.00,0.00,0.00,0.00
Koke,MF,Spain,30,Atlético Madrid,1992,2,0,52,0.6,0,0,0,0,0,0,0,0,0.0,0.0,0.0,0.0,0,2,1,0.00,0.00,0.00,0.00,0.00,0.00,0.00,0.00,0.00,0.00
Randal Kolo Muani,FW,France,23,Eint Frankfurt,1998,3,1,182,2.0,1,0,1,1,0,0,0,0,1.1,1.1,0.0,1.1,2,1,10,0.49,0.00,0.49,0.49,0.49,0.66,0.00,0.66,0.66,0.66
Ibrahima Konaté,DF,France,23,Liverpool,1999,5,3,294,3.3,0,0,0,0,0,0,0,0,0.4,0.4,0.4,0.7,1,18,1,0.00,0.00,0.00,0.00,0.00,0.12,0.12,0.24,0.12,0.24
Ismaël Koné,"MF,DF",Canada,20,CF Montréal,2002,3,0,109,1.2,0,0,0,0,0,0,0,0,0.0,0.0,0.1,0.1,2,7,1,0.00,0.00,0.00,0.00,0.00,0.00,0.05,0.05,0.00,0.05
Teun Koopmeiners,MF,Netherlands,24,Atalanta,1998,5,1,219,2.4,0,1,1,0,0,0,1,0,0.1,0.1,0.2,0.3,4,7,7,0.00,0.41,0.41,0.00,0.41,0.04,0.09,0.13,0.04,0.13
Filip Kostić,DF,Serbia,29,Juventus,1992,2,2,179,2.0,0,0,0,0,0,0,0,0,0.0,0.0,0.0,0.1,10,5,21,0.00,0.00,0.00,0.00,0.00,0.01,0.02,0.03,0.01,0.03
Kalidou Koulibaly,DF,Senegal,30,Chelsea,1991,4,4,360,4.0,1,0,1,1,0,0,1,0,0.5,0.5,0.0,0.5,0,11,0,0.25,0.00,0.25,0.25,0.25,0.12,0.01,0.13,0.12,0.13
Jules Koundé,DF,France,23,Barcelona,1998,6,5,480,5.3,0,0,0,0,0,0,1,0,0.2,0.2,0.1,0.3,7,20,3,0.00,0.00,0.00,0.00,0.00,0.04,0.01,0.05,0.04,0.05
Cheikhou Kouyaté,MF,Senegal,32,Nott'ham Forest,1989,1,1,72,0.8,0,0,0,0,0,0,0,0,0.0,0.0,0.0,0.0,0,1,2,0.00,0.00,0.00,0.00,0.00,0.00,0.05,0.05,0.00,0.05
Mateo Kovačić,MF,Croatia,28,Chelsea,1994,7,7,635,7.1,0,0,0,0,0,0,2,0,0.3,0.3,1.0,1.3,24,52,23,0.00,0.00,0.00,0.00,0.00,0.05,0.14,0.18,0.05,0.18
Andrej Kramarić,"FW,MF",Croatia,30,Hoffenheim,1991,7,7,474,5.3,2,0,2,2,0,0,0,0,1.6,1.6,0.2,1.9,10,7,44,0.38,0.00,0.38,0.38,0.38,0.31,0.04,0.36,0.31,0.36
Rasmus Kristensen,DF,Denmark,24,Leeds United,1997,3,3,224,2.5,0,0,0,0,0,0,1,0,0.0,0.0,0.0,0.0,6,23,23,0.00,0.00,0.00,0.00,0.00,0.00,0.01,0.01,0.00,0.01
Grzegorz Krychowiak,MF,Poland,32,Al-Shabab,1990,4,4,332,3.7,0,0,0,0,0,0,1,0,0.0,0.0,0.2,0.2,1,10,2,0.00,0.00,0.00,0.00,0.00,0.01,0.05,0.05,0.01,0.05
Takefusa Kubo,FW,Japan,21,Real Sociedad,2001,2,2,90,1.0,0,0,0,0,0,0,0,0,0.0,0.0,0.0,0.0,1,2,2,0.00,0.00,0.00,0.00,0.00,0.00,0.00,0.00,0.00,0.00
Mohammed Kudus,"FW,MF",Ghana,21,Ajax,2000,3,3,247,2.7,2,0,2,2,0,0,1,0,0.8,0.8,0.0,0.8,9,4,15,0.73,0.00,0.73,0.73,0.73,0.30,0.00,0.30,0.30,0.30
Pierre Kunde,MF,Cameroon,26,Olympiacos,1995,2,2,131,1.5,0,0,0,0,0,0,1,0,0.2,0.2,0.1,0.3,2,4,1,0.00,0.00,0.00,0.00,0.00,0.15,0.05,0.20,0.15,0.20
Garang Kuol,"FW,MF",Australia,17,Central Coast,2004,2,0,37,0.4,0,0,0,0,0,0,0,0,0.4,0.4,0.0,0.4,1,0,4,0.00,0.00,0.00,0.00,0.00,0.92,0.00,0.92,0.92,0.92
Daniel Kyereh,"MF,DF",Ghana,26,Freiburg,1996,3,0,33,0.4,0,0,0,0,0,0,0,0,0.0,0.0,0.0,0.0,1,2,2,0.00,0.00,0.00,0.00,0.00,0.00,0.00,0.00,0.00,0.00
Kwon Kyung-won,DF,Korea Republic,30,Gamba Osaka,1992,2,1,91,1.0,0,0,0,0,0,0,0,0,0.0,0.0,0.0,0.0,1,2,0,0.00,0.00,0.00,0.00,0.00,0.02,0.00,0.02,0.02,0.02
Aïssa Laïdouni,MF,Tunisia,25,Ferencváros,1996,3,3,243,2.7,0,1,1,0,0,0,1,0,0.1,0.1,0.4,0.6,8,18,9,0.00,0.37,0.37,0.00,0.37,0.05,0.16,0.21,0.05,0.21
Tariq Lamptey,DF,Ghana,21,Brighton,2000,2,1,102,1.1,0,0,0,0,0,0,1,0,0.1,0.1,0.0,0.1,4,2,3,0.00,0.00,0.00,0.00,0.00,0.06,0.00,0.06,0.06,0.06
Noa Lang,MF,Netherlands,22,Club Brugge,1999,1,0,8,0.1,0,0,0,0,0,0,1,0,0.0,0.0,0.0,0.0,0,0,0,0.00,0.00,0.00,0.00,0.00,,,,,
Aymeric Laporte,DF,Spain,28,Manchester City,1994,3,3,300,3.3,0,0,0,0,0,0,1,0,0.0,0.0,0.0,0.1,7,19,1,0.00,0.00,0.00,0.00,0.00,0.01,0.01,0.02,0.01,0.02
Cyle Larin,FW,Canada,27,Club Brugge,1995,3,2,137,1.5,0,0,0,0,0,0,0,0,0.2,0.2,0.5,0.7,3,5,6,0.00,0.00,0.00,0.00,0.00,0.16,0.34,0.49,0.16,0.49
Richie Laryea,"DF,MF",Canada,27,Toronto FC,1995,3,2,160,1.8,0,0,0,0,0,0,0,0,0.1,0.1,0.5,0.6,8,1,12,0.00,0.00,0.00,0.00,0.00,0.04,0.30,0.34,0.04,0.34
Darko Lazović,DF,Serbia,31,Hellas Verona,1990,1,0,25,0.3,0,0,0,0,0,0,0,0,0.0,0.0,0.0,0.0,1,0,1,0.00,0.00,0.00,0.00,0.00,0.05,0.00,0.05,0.05,0.05
Rafael Leão,FW,Portugal,23,Milan,1999,5,0,88,1.0,2,0,2,2,0,0,0,0,0.4,0.4,0.2,0.6,16,3,19,2.05,0.00,2.05,2.05,2.05,0.42,0.16,0.57,0.42,0.57
Mathew Leckie,"MF,FW",Australia,31,Melb City,1991,4,4,333,3.7,1,1,2,1,0,0,0,0,0.1,0.1,0.3,0.5,4,13,22,0.27,0.27,0.54,0.27,0.54,0.04,0.08,0.12,0.04,0.12
Robert Lewandowski,FW,Poland,33,Barcelona,1988,4,4,360,4.0,2,1,3,1,1,2,0,0,2.9,1.4,0.4,1.8,5,10,17,0.50,0.25,0.75,0.25,0.50,0.73,0.10,0.83,0.34,0.44
Matthijs de Ligt,DF,Netherlands,22,Bayern Munich,1999,2,1,91,1.0,0,0,0,0,0,0,1,0,0.0,0.0,0.0,0.0,0,2,2,0.00,0.00,0.00,0.00,0.00,0.00,0.00,0.00,0.00,0.00
Jesper Lindstrøm,"MF,FW",Denmark,22,Eint Frankfurt,2000,3,2,200,2.2,0,0,0,0,0,0,0,0,0.3,0.3,0.0,0.3,7,4,15,0.00,0.00,0.00,0.00,0.00,0.14,0.00,0.14,0.14,0.14
Marko Livaja,FW,Croatia,28,Hajduk Split,1993,6,3,241,2.7,1,1,2,1,0,0,0,0,0.8,0.8,0.1,0.9,1,8,21,0.37,0.37,0.75,0.37,0.75,0.31,0.03,0.34,0.31,0.34
Dominik Livaković,GK,Croatia,27,Dinamo Zagreb,1995,7,7,690,7.7,0,0,0,0,0,0,1,0,0.0,0.0,0.0,0.0,0,0,0,0.00,0.00,0.00,0.00,0.00,0.00,0.00,0.00,0.00,0.00
Marcos Llorente,DF,Spain,27,Atlético Madrid,1995,1,1,120,1.3,0,0,0,0,0,0,0,0,0.0,0.0,0.0,0.0,0,11,5,0.00,0.00,0.00,0.00,0.00,0.02,0.00,0.02,0.02,0.02
Hugo Lloris,GK,France,35,Tottenham,1986,6,6,570,6.3,0,0,0,0,0,0,0,0,0.0,0.0,0.0,0.0,0,0,0,0.00,0.00,0.00,0.00,0.00,0.00,0.00,0.00,0.00,0.00
Dejan Lovren,DF,Croatia,32,Zenit,1989,6,6,600,6.7,0,1,1,0,0,0,1,0,0.3,0.3,0.0,0.3,3,23,1,0.00,0.15,0.15,0.00,0.15,0.04,0.01,0.05,0.04,0.05
Hirving Lozano,FW,Mexico,26,Napoli,1995,3,3,252,2.8,0,0,0,0,0,0,0,0,0.2,0.2,1.0,1.2,12,9,33,0.00,0.00,0.00,0.00,0.00,0.07,0.36,0.42,0.07,0.42
Romelu Lukaku,FW,Belgium,29,Inter,1993,2,0,55,0.6,0,0,0,0,0,0,0,0,1.7,1.7,0.0,1.8,1,0,5,0.00,0.00,0.00,0.00,0.00,2.84,0.06,2.90,2.84,2.90
Saša Lukić,MF,Serbia,25,Torino,1996,3,3,245,2.7,0,0,0,0,0,0,2,0,0.1,0.1,0.0,0.1,3,9,3,0.00,0.00,0.00,0.00,0.00,0.02,0.00,0.02,0.02,0.02
Ali Maâloul,DF,Tunisia,32,Al Ahly,1990,1,1,90,1.0,0,0,0,0,0,0,0,0,0.0,0.0,0.0,0.0,0,5,9,0.00,0.00,0.00,0.00,0.00,0.00,0.00,0.00,0.00,0.00
Awer Mabil,MF,Australia,26,Cádiz,1995,2,0,24,0.3,0,0,0,0,0,0,0,0,0.0,0.0,0.0,0.0,1,0,1,0.00,0.00,0.00,0.00,0.00,0.00,0.00,0.00,0.00,0.00
Alexis Mac Allister,MF,Argentina,23,Brighton,1998,6,6,550,6.1,1,1,2,1,0,0,0,0,0.7,0.7,0.9,1.6,19,24,27,0.16,0.16,0.33,0.16,0.33,0.12,0.15,0.27,0.12,0.27
Jamie Maclaren,FW,Australia,28,Melb City,1993,3,0,55,0.6,0,0,0,0,0,0,0,0,0.0,0.0,0.0,0.0,2,0,4,0.00,0.00,0.00,0.00,0.00,0.00,0.08,0.08,0.00,0.08
Assim Madibo,MF,Qatar,25,Al Duhail SC,1996,2,2,153,1.7,0,0,0,0,0,0,1,0,0.0,0.0,0.0,0.0,1,5,1,0.00,0.00,0.00,0.00,0.00,0.00,0.02,0.02,0.00,0.02
Abdullah Madu,"DF,MF",Saudi Arabia,28,Al-Nassr,1993,1,0,45,0.5,0,0,0,0,0,0,1,0,0.0,0.0,0.0,0.0,0,1,0,0.00,0.00,0.00,0.00,0.00,0.00,0.00,0.00,0.00,0.00
Daizen Maeda,FW,Japan,24,Celtic,1997,3,3,180,2.0,1,0,1,1,0,0,0,0,0.5,0.5,0.0,0.5,2,1,5,0.50,0.00,0.50,0.50,0.50,0.24,0.00,0.24,0.24,0.24
Harry Maguire,DF,England,29,Manchester Utd,1993,5,5,429,4.8,0,1,1,0,0,0,1,0,0.4,0.4,0.0,0.4,10,26,1,0.00,0.21,0.21,0.00,0.21,0.08,0.01,0.09,0.08,0.09
Lovro Majer,"MF,FW",Croatia,24,Rennes,1998,7,1,130,1.4,1,0,1,1,0,0,0,0,0.7,0.7,0.1,0.8,5,5,16,0.69,0.00,0.69,0.69,0.69,0.67,0.07,0.74,0.67,0.74
Nemanja Maksimović,MF,Serbia,27,Getafe,1995,3,1,122,1.4,0,0,0,0,0,0,0,0,0.0,0.0,0.1,0.1,2,4,2,0.00,0.00,0.00,0.00,0.00,0.00,0.07,0.07,0.00,0.07
Abdulellah Al-Malki,MF,Saudi Arabia,27,Al-Hilal,1994,2,2,174,1.9,0,0,0,0,0,0,2,0,0.1,0.1,0.0,0.1,1,7,2,0.00,0.00,0.00,0.00,0.00,0.06,0.00,0.06,0.06,0.06
Steve Mandanda,GK,France,37,Rennes,1985,1,1,90,1.0,0,0,0,0,0,0,0,0,0.0,0.0,0.0,0.0,0,0,0,0.00,0.00,0.00,0.00,0.00,0.00,0.00,0.00,0.00,0.00
José María Giménez,DF,Uruguay,27,Atlético Madrid,1995,3,3,270,3.0,0,0,0,0,0,0,1,0,0.2,0.2,0.0,0.2,1,12,2,0.00,0.00,0.00,0.00,0.00,0.06,0.00,0.06,0.06,0.06
João Mário,"FW,MF",Portugal,29,Benfica,1993,2,1,84,0.9,0,0,0,0,0,0,0,0,0.0,0.0,0.0,0.0,2,2,8,0.00,0.00,0.00,0.00,0.00,0.00,0.00,0.00,0.00,0.00
Marquinhos,DF,Brazil,28,Paris S-G,1994,5,4,426,4.7,0,0,0,0,0,0,1,0,0.2,0.2,0.8,0.9,7,32,3,0.00,0.00,0.00,0.00,0.00,0.04,0.17,0.21,0.04,0.21
Henry Martín,FW,Mexico,29,América,1992,2,2,146,1.6,1,0,1,1,0,0,0,0,0.9,0.9,0.2,1.1,0,1,6,0.62,0.00,0.62,0.62,0.62,0.57,0.13,0.70,0.57,0.70
Gabriel Martinelli,FW,Brazil,20,Arsenal,2001,3,1,113,1.3,0,0,0,0,0,0,0,0,0.5,0.5,0.2,0.7,10,3,20,0.00,0.00,0.00,0.00,0.00,0.42,0.14,0.56,0.42,0.56
Carlos Martínez,DF,Costa Rica,23,San Carlos,1999,1,1,45,0.5,0,0,0,0,0,0,0,0,0.0,0.0,0.0,0.0,0,0,0,0.00,0.00,0.00,0.00,0.00,0.00,0.00,0.00,0.00,0.00
Emiliano Martínez,GK,Argentina,29,Aston Villa,1992,7,7,690,7.7,0,0,0,0,0,0,1,0,0.0,0.0,0.0,0.0,0,0,0,0.00,0.00,0.00,0.00,0.00,0.00,0.00,0.00,0.00,0.00
Lautaro Martínez,FW,Argentina,24,Inter,1997,6,2,241,2.7,0,0,0,0,0,0,0,0,1.9,1.9,0.0,1.9,1,0,21,0.00,0.00,0.00,0.00,0.00,0.87,0.02,0.89,0.87,0.89
Lisandro Martínez,DF,Argentina,24,Manchester Utd,1998,5,2,303,3.4,0,0,0,0,0,0,1,0,0.1,0.1,0.7,0.8,3,6,2,0.00,0.00,0.00,0.00,0.00,0.04,0.21,0.25,0.04,0.25
Pape Matar Sarr,MF,Senegal,19,Tottenham,2002,2,0,59,0.7,0,0,0,0,0,0,0,0,0.1,0.1,0.0,0.1,0,3,0,0.00,0.00,0.00,0.00,0.00,0.17,0.05,0.22,0.17,0.22
Rónald Matarrita,"DF,MF",Costa Rica,27,FC Cincinnati,1994,2,0,26,0.3,0,0,0,0,0,0,0,0,0.0,0.0,0.0,0.0,3,1,0,0.00,0.00,0.00,0.00,0.00,0.00,0.00,0.00,0.00,0.00
Eric Maxim Choupo-Moting,"FW,MF",Cameroon,33,Bayern Munich,1989,3,3,253,2.8,1,0,1,1,0,0,0,0,0.8,0.8,0.0,0.9,3,13,4,0.36,0.00,0.36,0.36,0.36,0.29,0.02,0.31,0.29,0.31
Noussair Mazraoui,DF,Morocco,24,Bayern Munich,1997,5,5,365,4.1,0,0,0,0,0,0,0,0,0.2,0.2,0.0,0.2,1,5,9,0.00,0.00,0.00,0.00,0.00,0.04,0.01,0.04,0.04,0.04
Kylian Mbappé,FW,France,23,Paris S-G,1998,7,6,598,6.6,8,2,10,6,2,2,0,0,5.2,3.6,1.3,5.0,40,25,79,1.20,0.30,1.51,0.90,1.20,0.82,0.21,1.04,0.58,0.79
Bryan Mbeumo,"FW,MF",Cameroon,22,Brentford,1999,3,3,233,2.6,0,0,0,0,0,0,0,0,0.2,0.2,0.3,0.5,2,3,17,0.00,0.00,0.00,0.00,0.00,0.08,0.11,0.19,0.08,0.19
Riley McGree,"FW,MF",Australia,23,Middlesbrough,1998,4,4,265,2.9,0,1,1,0,0,0,0,0,0.1,0.1,0.6,0.8,1,7,14,0.00,0.34,0.34,0.00,0.34,0.05,0.22,0.27,0.05,0.27
Weston McKennie,MF,United States,23,Juventus,1998,4,4,271,3.0,0,0,0,0,0,0,1,0,0.4,0.4,0.4,0.8,10,19,18,0.00,0.00,0.00,0.00,0.00,0.13,0.13,0.27,0.13,0.27
Hannibal Mejbri,MF,Tunisia,19,Birmingham City,2003,1,0,11,0.1,0,0,0,0,0,0,0,0,0.0,0.0,0.0,0.0,0,0,0,0.00,0.00,0.00,0.00,0.00,0.00,0.00,0.00,0.00,0.00
Memphis,FW,Netherlands,28,Barcelona,1994,5,3,297,3.3,1,0,1,1,0,0,1,0,1.5,1.5,0.5,2.0,7,6,32,0.30,0.00,0.30,0.30,0.30,0.44,0.16,0.61,0.44,0.61
Nuno Mendes,DF,Portugal,19,Paris S-G,2002,1,1,41,0.5,0,0,0,0,0,0,0,0,0.0,0.0,0.0,0.0,2,1,1,0.00,0.00,0.00,0.00,0.00,0.00,0.04,0.04,0.00,0.04
Jhegson Méndez,MF,Ecuador,25,LAFC,1997,2,2,180,2.0,0,0,0,0,0,0,2,0,0.0,0.0,0.1,0.1,0,6,1,0.00,0.00,0.00,0.00,0.00,0.00,0.07,0.07,0.00,0.07
Edouard Mendy,GK,Senegal,30,Chelsea,1992,4,4,360,4.0,0,0,0,0,0,0,0,0,0.0,0.0,0.0,0.0,0,0,0,0.00,0.00,0.00,0.00,0.00,0.00,0.01,0.01,0.00,0.01
Nampalys Mendy,MF,Senegal,29,Leicester City,1992,4,3,272,3.0,0,0,0,0,0,0,1,0,0.1,0.1,0.0,0.1,5,9,1,0.00,0.00,0.00,0.00,0.00,0.02,0.01,0.03,0.02,0.03
Gideon Mensah,DF,Ghana,23,Auxerre,1998,1,1,87,1.0,0,1,1,0,0,0,0,0,0.0,0.0,0.3,0.3,1,4,3,0.00,1.03,1.03,0.00,1.03,0.00,0.28,0.28,0.00,0.28
Chris Mepham,DF,Wales,24,Bournemouth,1997,3,3,270,3.0,0,0,0,0,0,0,1,0,0.0,0.0,0.2,0.2,0,13,0,0.00,0.00,0.00,0.00,0.00,0.00,0.07,0.07,0.00,0.07
Yassine Meriah,DF,Tunisia,28,Espérance de Tunis,1993,3,3,270,3.0,0,0,0,0,0,0,0,0,0.1,0.1,0.0,0.1,0,11,1,0.00,0.00,0.00,0.00,0.00,0.02,0.01,0.04,0.02,0.04
Dries Mertens,"MF,FW",Belgium,35,Galatasaray,1987,2,1,76,0.8,0,0,0,0,0,0,0,0,0.8,0.8,0.1,0.9,2,1,10,0.00,0.00,0.00,0.00,0.00,0.94,0.17,1.11,0.94,1.11
Lionel Messi,FW,Argentina,34,Paris S-G,1987,7,7,690,7.7,7,3,10,3,4,5,1,0,6.6,2.7,2.5,5.2,29,66,37,0.91,0.39,1.30,0.39,0.78,0.94,0.35,1.30,0.38,0.74
Thomas Meunier,DF,Belgium,30,Dortmund,1991,3,2,211,2.3,0,0,0,0,0,0,1,0,0.2,0.2,0.5,0.7,5,8,19,0.00,0.00,0.00,0.00,0.00,0.09,0.21,0.30,0.09,0.30
Nikola Milenković,DF,Serbia,24,Fiorentina,1997,3,3,270,3.0,0,0,0,0,0,0,2,0,0.2,0.2,0.0,0.2,2,10,2,0.00,0.00,0.00,0.00,0.00,0.06,0.00,0.06,0.06,0.06
Arkadiusz Milik,"FW,MF",Poland,28,Juventus,1994,3,1,101,1.1,0,0,0,0,0,0,1,0,0.2,0.2,0.1,0.3,1,1,4,0.00,0.00,0.00,0.00,0.00,0.22,0.09,0.31,0.22,0.31
Sergej Milinković-Savić,MF,Serbia,27,Lazio,1995,3,3,233,2.6,1,0,1,1,0,0,1,0,0.2,0.2,0.0,0.2,4,15,7,0.39,0.00,0.39,0.39,0.39,0.07,0.00,0.07,0.07,0.07
Vanja Milinković-Savić,GK,Serbia,25,Torino,1997,3,3,270,3.0,0,0,0,0,0,0,0,0,0.0,0.0,0.0,0.0,0,0,0,0.00,0.00,0.00,0.00,0.00,0.00,0.00,0.00,0.00,0.00
Éder Militão,DF,Brazil,24,Real Madrid,1998,4,4,347,3.9,0,0,0,0,0,0,1,0,0.2,0.2,0.0,0.2,6,21,8,0.00,0.00,0.00,0.00,0.00,0.05,0.01,0.05,0.05,0.05
Liam Millar,DF,Canada,22,Basel,1999,1,0,10,0.1,0,0,0,0,0,0,0,0,0.0,0.0,0.0,0.0,1,1,1,0.00,0.00,0.00,0.00,0.00,0.00,0.00,0.00,0.00,0.00
Kamal Miller,DF,Canada,25,CF Montréal,1997,3,3,270,3.0,0,0,0,0,0,0,1,0,0.0,0.0,0.0,0.0,0,13,1,0.00,0.00,0.00,0.00,0.00,0.00,0.00,0.00,0.00,0.00
Kim Min-jae,DF,Korea Republic,25,Napoli,1996,3,3,269,3.0,0,0,0,0,0,0,0,0,0.1,0.1,0.0,0.1,3,20,2,0.00,0.00,0.00,0.00,0.00,0.03,0.00,0.03,0.03,0.03
Takumi Minamino,FW,Japan,27,Monaco,1995,3,0,60,0.7,0,0,0,0,0,0,0,0,0.1,0.1,0.0,0.1,1,0,6,0.00,0.00,0.00,0.00,0.00,0.36,0.00,0.36,0.36,0.36
Kaoru Mitoma,MF,Japan,25,Brighton,1997,4,0,165,1.8,0,1,1,0,0,0,0,0,0.1,0.1,1.2,1.3,8,3,6,0.00,0.55,0.55,0.00,0.55,0.05,0.83,0.88,0.05,0.88
Aleksandar Mitrović,FW,Serbia,27,Fulham,1994,3,3,262,2.9,2,0,2,2,0,0,1,0,1.6,1.6,0.7,2.4,2,5,11,0.69,0.00,0.69,0.69,0.69,0.57,0.24,0.81,0.57,0.81
Stefan Mitrović,DF,Serbia,32,Getafe,1990,1,0,35,0.4,0,0,0,0,0,0,0,0,0.0,0.0,0.0,0.0,0,0,0,0.00,0.00,0.00,0.00,0.00,0.00,0.00,0.00,0.00,0.00
Filip Mladenović,DF,Serbia,30,Legia Warsaw,1991,1,1,65,0.7,0,0,0,0,0,0,0,0,0.0,0.0,0.0,0.0,0,1,4,0.00,0.00,0.00,0.00,0.00,0.03,0.00,0.03,0.03,0.03
Luka Modrić,MF,Croatia,36,Real Madrid,1985,7,7,653,7.3,0,0,0,0,0,0,1,0,0.4,0.4,0.7,1.1,21,82,21,0.00,0.00,0.00,0.00,0.00,0.06,0.11,0.16,0.06,0.16
Ismaeel Mohammad,DF,Qatar,32,Al Duhail SC,1990,2,2,174,1.9,0,1,1,0,0,0,1,0,0.4,0.4,0.1,0.5,6,1,9,0.00,0.52,0.52,0.00,0.52,0.21,0.04,0.26,0.21,0.26
Milad Mohammadi,DF,IR Iran,28,AEK Athens,1993,3,3,196,2.2,0,0,0,0,0,0,0,0,0.0,0.0,0.0,0.0,1,3,4,0.00,0.00,0.00,0.00,0.00,0.00,0.00,0.00,0.00,0.00
Sadegh Moharrami,DF,IR Iran,26,Dinamo Zagreb,1996,1,1,90,1.0,0,0,0,0,0,0,0,0,0.0,0.0,0.0,0.0,2,0,3,0.00,0.00,0.00,0.00,0.00,0.00,0.00,0.00,0.00,0.00
Nahuel Molina,DF,Argentina,24,Atlético Madrid,1998,7,6,567,6.3,1,1,2,1,0,0,0,0,0.5,0.5,0.3,0.8,10,15,32,0.16,0.16,0.32,0.16,0.32,0.07,0.05,0.12,0.07,0.12
César Montes,DF,Mexico,25,Monterrey,1997,3,3,270,3.0,0,1,1,0,0,0,0,0,0.2,0.2,0.5,0.7,3,12,1,0.00,0.33,0.33,0.00,0.33,0.06,0.17,0.23,0.06,0.23
Gonzalo Montiel,"DF,MF",Argentina,25,Sevilla,1997,4,1,118,1.3,0,0,0,0,0,0,3,0,0.0,0.0,0.3,0.3,4,4,11,0.00,0.00,0.00,0.00,0.00,0.02,0.40,0.43,0.02,0.43
Kim Moonhwan,DF,Korea Republic,26,Jeonbuk,1995,4,4,360,4.0,0,0,0,0,0,0,0,0,0.0,0.0,0.6,0.6,2,13,33,0.00,0.00,0.00,0.00,0.00,0.00,0.15,0.15,0.00,0.15
Kieffer Moore,FW,Wales,29,Bournemouth,1992,3,2,225,2.5,0,0,0,0,0,0,0,0,1.0,1.0,0.2,1.3,2,7,13,0.00,0.00,0.00,0.00,0.00,0.41,0.10,0.51,0.41,0.51
Shaq Moore,DF,United States,25,Nashville SC,1996,2,0,22,0.2,0,0,0,0,0,0,0,0,0.0,0.0,0.0,0.0,1,1,3,0.00,0.00,0.00,0.00,0.00,0.00,0.00,0.00,0.00,0.00
Aaron Mooy,MF,Australia,31,Celtic,1990,4,4,360,4.0,0,0,0,0,0,0,1,0,0.0,0.0,0.1,0.1,6,19,2,0.00,0.00,0.00,0.00,0.00,0.01,0.02,0.03,0.01,0.03
Álvaro Morata,FW,Spain,29,Atlético Madrid,1992,4,1,185,2.1,3,1,4,3,0,0,0,0,1.4,1.4,0.2,1.6,5,5,13,1.46,0.49,1.95,1.46,1.95,0.79,0.14,0.93,0.79,0.93
Héctor Moreno,DF,Mexico,34,Monterrey,1988,3,3,270,3.0,0,0,0,0,0,0,1,0,0.2,0.2,0.0,0.2,6,16,0,0.00,0.00,0.00,0.00,0.00,0.06,0.01,0.07,0.06,0.07
Hidemasa Morita,MF,Japan,27,Sporting CP,1995,3,3,285,3.2,0,0,0,0,0,0,0,0,0.2,0.2,0.1,0.2,3,11,4,0.00,0.00,0.00,0.00,0.00,0.05,0.03,0.08,0.05,0.08
Joe Morrell,MF,Wales,25,Portsmouth,1997,2,0,33,0.4,0,0,0,0,0,0,0,0,0.0,0.0,0.0,0.0,0,2,0,0.00,0.00,0.00,0.00,0.00,0.00,0.00,0.00,0.00,0.00
Jordan Morris,"FW,DF",United States,27,Seattle Sounders FC,1994,2,0,4,0.0,0,0,0,0,0,0,0,0,0.0,0.0,0.0,0.0,1,0,2,0.00,0.00,0.00,0.00,0.00,0.00,0.00,0.00,0.00,0.00
Youssoufa Moukoko,FW,Germany,17,Dortmund,2004,1,0,1,0.0,0,0,0,0,0,0,0,0,0.0,0.0,0.0,0.0,0,0,0,0.00,0.00,0.00,0.00,0.00,0.00,0.00,0.00,0.00,0.00
Mason Mount,MF,England,23,Chelsea,1999,4,2,186,2.1,0,0,0,0,0,0,0,0,0.2,0.2,0.0,0.2,3,9,17,0.00,0.00,0.00,0.00,0.00,0.10,0.02,0.12,0.10,0.12
Youssef Msakni,"MF,FW",Tunisia,31,Al-Arabi,1990,2,2,169,1.9,0,0,0,0,0,0,0,0,0.5,0.5,0.6,1.2,5,7,17,0.00,0.00,0.00,0.00,0.00,0.29,0.34,0.62,0.29,0.62
Thomas Müller,"FW,MF",Germany,32,Bayern Munich,1989,3,3,201,2.2,0,0,0,0,0,0,0,0,0.3,0.3,0.6,0.9,2,6,13,0.00,0.00,0.00,0.00,0.00,0.14,0.28,0.42,0.14,0.42
Munir,GK,Morocco,33,Al-Wehda,1989,1,1,90,1.0,0,0,0,0,0,0,0,0,0.0,0.0,0.0,0.0,0,0,0,0.00,0.00,0.00,0.00,0.00,0.00,0.00,0.00,0.00,0.00
Mohammed Muntari,"FW,MF",Qatar,28,Al Duhail SC,1993,3,0,63,0.7,1,0,1,1,0,0,0,0,0.2,0.2,0.0,0.2,0,0,0,1.43,0.00,1.43,1.43,1.43,0.30,0.03,0.33,0.30,0.33
Yunus Musah,MF,United States,19,Valencia,2002,4,4,343,3.8,0,0,0,0,0,0,0,0,0.3,0.3,0.1,0.4,14,23,16,0.00,0.00,0.00,0.00,0.00,0.08,0.02,0.11,0.08,0.11
Jamal Musiala,"MF,FW",Germany,19,Bayern Munich,2003,3,3,258,2.9,0,1,1,0,0,0,0,0,1.9,1.9,0.9,2.8,21,19,31,0.00,0.35,0.35,0.00,0.35,0.67,0.30,0.97,0.67,0.97
Joakim Mæhle,DF,Denmark,25,Atalanta,1997,3,3,249,2.8,0,0,0,0,0,0,0,0,0.0,0.0,0.0,0.1,3,8,32,0.00,0.00,0.00,0.00,0.00,0.01,0.01,0.03,0.01,0.03
Georges-Kévin N'Koudou,"FW,MF",Cameroon,27,Beşiktaş,1995,2,0,27,0.3,0,0,0,0,0,0,0,0,0.0,0.0,0.0,0.0,0,1,5,0.00,0.00,0.00,0.00,0.00,0.13,0.00,0.13,0.13,0.13
Yuto Nagatomo,"MF,DF",Japan,35,FC Tokyo,1986,4,4,209,2.3,0,0,0,0,0,0,0,0,0.0,0.0,0.1,0.1,5,4,8,0.00,0.00,0.00,0.00,0.00,0.00,0.05,0.05,0.00,0.05
Sami Al-Najei,MF,Saudi Arabia,25,Al-Nassr,1997,1,1,45,0.5,0,0,0,0,0,0,0,0,0.0,0.0,0.0,0.0,1,3,4,0.00,0.00,0.00,0.00,0.00,0.00,0.00,0.00,0.00,0.00
Keylor Navas,GK,Costa Rica,35,Paris S-G,1986,3,3,270,3.0,0,0,0,0,0,0,0,0,0.0,0.0,0.0,0.0,0,0,0,0.00,0.00,0.00,0.00,0.00,0.00,0.00,0.00,0.00,0.00
Iliman Ndiaye,"FW,MF",Senegal,22,Sheffield Utd,2000,3,2,135,1.5,0,1,1,0,0,0,0,0,0.1,0.1,0.2,0.3,3,0,16,0.00,0.67,0.67,0.00,0.67,0.09,0.14,0.22,0.09,0.22
Victor Nelsson,DF,Denmark,23,Galatasaray,1998,1,1,90,1.0,0,0,0,0,0,0,0,0,0.0,0.0,0.0,0.0,2,14,0,0.00,0.00,0.00,0.00,0.00,0.00,0.00,0.00,0.00,0.00
Manuel Neuer,GK,Germany,36,Bayern Munich,1986,3,3,270,3.0,0,0,0,0,0,0,0,0,0.0,0.0,0.0,0.0,0,0,0,0.00,0.00,0.00,0.00,0.00,0.00,0.00,0.00,0.00,0.00
Rúben Neves,MF,Portugal,25,Wolves,1997,5,4,268,3.0,0,0,0,0,0,0,1,0,0.1,0.1,0.0,0.1,0,19,1,0.00,0.00,0.00,0.00,0.00,0.03,0.01,0.04,0.03,0.04
Neymar,MF,Brazil,30,Paris S-G,1992,3,3,279,3.1,2,0,2,1,1,1,0,0,2.7,1.9,0.8,2.7,9,23,23,0.65,0.00,0.65,0.32,0.32,0.98,0.29,1.27,0.70,0.98
Moumi Ngamaleu,"FW,MF",Cameroon,27,Dynamo Mosc,1994,2,1,95,1.1,0,0,0,0,0,0,0,0,0.0,0.0,0.2,0.2,3,3,12,0.00,0.00,0.00,0.00,0.00,0.00,0.15,0.15,0.00,0.15
Jerome Ngom Mbekeli,MF,Cameroon,23,Colombe Sportive du Dja et Lobo,1998,1,0,5,0.1,0,0,0,0,0,0,0,0,0.0,0.0,0.1,0.1,1,0,2,0.00,0.00,0.00,0.00,0.00,0.00,2.23,2.23,0.00,2.23
Nicolas Nkoulou,DF,Cameroon,32,Aris,1990,2,2,180,2.0,0,1,1,0,0,0,1,0,0.3,0.3,0.0,0.3,0,2,1,0.00,0.50,0.50,0.00,0.50,0.14,0.00,0.14,0.14,0.14
Andries Noppert,GK,Netherlands,28,Heerenveen,1994,5,5,480,5.3,0,0,0,0,0,0,0,0,0.0,0.0,0.0,0.0,0,0,0,0.00,0.00,0.00,0.00,0.00,0.00,0.00,0.00,0.00,0.00
Ahmad Nourollahi,MF,IR Iran,29,Al-Ahli Dubai FC,1993,3,3,223,2.5,0,0,0,0,0,0,0,0,0.1,0.1,0.0,0.1,2,8,2,0.00,0.00,0.00,0.00,0.00,0.04,0.00,0.04,0.04,0.04
Olivier Ntcham,MF,Cameroon,26,Swansea City,1996,1,0,25,0.3,0,0,0,0,0,0,0,0,0.0,0.0,0.0,0.1,4,4,0,0.00,0.00,0.00,0.00,0.00,0.16,0.09,0.25,0.16,0.25
Matheus Nunes,MF,Portugal,23,Wolves,1998,2,1,73,0.8,0,0,0,0,0,0,0,0,0.0,0.0,0.1,0.1,1,0,3,0.00,0.00,0.00,0.00,0.00,0.03,0.12,0.14,0.03,0.14
Darwin Núñez,FW,Uruguay,22,Liverpool,1999,3,3,240,2.7,0,0,0,0,0,0,1,0,0.4,0.4,0.2,0.6,6,3,26,0.00,0.00,0.00,0.00,0.00,0.14,0.09,0.23,0.14,0.23
Christian Nørgaard,MF,Denmark,28,Brentford,1994,1,0,6,0.1,0,0,0,0,0,0,0,0,0.0,0.0,0.0,0.0,0,0,0,0.00,0.00,0.00,0.00,0.00,0.00,0.00,0.00,0.00,0.00
Guillermo Ochoa,GK,Mexico,36,América,1985,3,3,270,3.0,0,0,0,0,0,0,0,0,0.0,0.0,0.0,0.0,0,0,0,0.00,0.00,0.00,0.00,0.00,0.00,0.00,0.00,0.00,0.00
Denis Odoi,DF,Ghana,34,Club Brugge,1988,1,0,13,0.1,0,0,0,0,0,0,0,0,0.0,0.0,0.0,0.0,0,0,1,0.00,0.00,0.00,0.00,0.00,0.00,0.00,0.00,0.00,0.00
Noah Okafor,"FW,MF",Switzerland,22,RB Salzburg,2000,3,0,45,0.5,0,0,0,0,0,0,0,0,0.0,0.0,0.0,0.1,3,1,9,0.00,0.00,0.00,0.00,0.00,0.05,0.09,0.14,0.05,0.14
Mathías Olivera,DF,Uruguay,24,Napoli,1997,3,3,253,2.8,0,0,0,0,0,0,1,0,0.1,0.1,0.4,0.5,1,8,10,0.00,0.00,0.00,0.00,0.00,0.03,0.15,0.18,0.03,0.18
Dani Olmo,FW,Spain,24,RB Leipzig,1998,4,4,367,4.1,1,1,2,1,0,0,0,0,1.4,1.4,0.5,1.9,6,11,61,0.25,0.25,0.49,0.25,0.49,0.34,0.11,0.46,0.34,0.46
Amadou Onana,MF,Belgium,20,Everton,2001,2,1,104,1.2,0,0,0,0,0,0,2,0,0.5,0.5,0.0,0.5,0,2,2,0.00,0.00,0.00,0.00,0.00,0.40,0.00,0.40,0.40,0.40
André Onana,GK,Cameroon,26,Inter,1996,1,1,80,0.9,0,0,0,0,0,0,0,0,0.0,0.0,0.0,0.0,0,0,0,0.00,0.00,0.00,0.00,0.00,0.00,0.00,0.00,0.00,0.00
Gaël Ondoua,MF,Cameroon,26,Hannover 96,1995,2,0,47,0.5,0,0,0,0,0,0,0,0,0.0,0.0,0.0,0.0,0,5,0,0.00,0.00,0.00,0.00,0.00,0.00,0.00,0.00,0.00,0.00
Loïs Openda,FW,Belgium,22,Lens,2000,1,0,13,0.1,0,0,0,0,0,0,0,0,0.0,0.0,0.0,0.0,2,0,1,0.00,0.00,0.00,0.00,0.00,0.00,0.00,0.00,0.00,0.00
Mislav Oršić,FW,Croatia,29,Dinamo Zagreb,1992,6,1,162,1.8,1,2,3,1,0,0,0,0,0.4,0.4,1.1,1.4,10,5,15,0.56,1.11,1.67,0.56,1.67,0.23,0.68,0.90,0.23,0.90
Jonathan Osorio,"MF,FW",Canada,30,Toronto FC,1992,3,1,119,1.3,0,0,0,0,0,0,1,0,0.1,0.1,0.0,0.1,5,3,2,0.00,0.00,0.00,0.00,0.00,0.05,0.00,0.05,0.05,0.05
Nicolás Otamendi,DF,Argentina,34,Benfica,1988,7,7,690,7.7,0,1,1,0,0,0,2,0,0.0,0.0,0.2,0.2,7,34,2,0.00,0.13,0.13,0.00,0.13,0.00,0.02,0.03,0.00,0.03
Otávio,MF,Portugal,27,Porto,1995,3,3,196,2.2,0,0,0,0,0,0,0,0,0.1,0.1,0.4,0.5,2,12,11,0.00,0.00,0.00,0.00,0.00,0.05,0.17,0.22,0.05,0.22
Samuel Oum Gouet,MF,Cameroon,24,Mechelen,1997,2,1,100,1.1,0,0,0,0,0,0,0,0,0.0,0.0,0.0,0.0,0,3,0,0.00,0.00,0.00,0.00,0.00,0.00,0.00,0.00,0.00,0.00
Azzedine Ounahi,MF,Morocco,22,Angers,2000,7,6,568,6.3,0,0,0,0,0,0,1,0,0.3,0.3,0.5,0.8,16,26,19,0.00,0.00,0.00,0.00,0.00,0.05,0.08,0.13,0.05,0.13
Bryan Oviedo,DF,Costa Rica,32,Real Salt Lake,1990,3,3,260,2.9,0,0,0,0,0,0,0,0,0.0,0.0,0.0,0.0,5,4,10,0.00,0.00,0.00,0.00,0.00,0.00,0.00,0.00,0.00,0.00
Mohammed Al-Owais,GK,Saudi Arabia,30,Al-Hilal,1991,3,3,270,3.0,0,0,0,0,0,0,1,0,0.0,0.0,0.0,0.0,0,0,0,0.00,0.00,0.00,0.00,0.00,0.00,0.00,0.00,0.00,0.00
Juan Pablo Vargas,DF,Costa Rica,27,Millonarios,1995,1,1,90,1.0,1,0,1,1,0,0,0,0,0.5,0.5,0.0,0.5,0,0,0,1.00,0.00,1.00,1.00,1.00,0.46,0.00,0.46,0.46,0.46
Exequiel Palacios,"MF,DF",Argentina,23,Leverkusen,1998,3,0,50,0.6,0,0,0,0,0,0,0,0,0.1,0.1,0.1,0.1,1,3,2,0.00,0.00,0.00,0.00,0.00,0.12,0.12,0.24,0.12,0.24
João Palhinha,MF,Portugal,26,Fulham,1995,3,0,38,0.4,0,0,0,0,0,0,0,0,0.0,0.0,0.1,0.2,0,2,0,0.00,0.00,0.00,0.00,0.00,0.06,0.30,0.36,0.06,0.36
Lucas Paquetá,MF,Brazil,24,West Ham,1997,4,4,314,3.5,1,1,2,1,0,0,0,0,0.8,0.8,1.5,2.3,2,20,20,0.29,0.29,0.57,0.29,0.57,0.24,0.43,0.67,0.24,0.67
Leandro Paredes,MF,Argentina,27,Juventus,1994,5,2,225,2.5,0,0,0,0,0,0,2,0,0.0,0.0,0.0,0.1,3,14,1,0.00,0.00,0.00,0.00,0.00,0.01,0.02,0.03,0.01,0.03
Thomas Partey,MF,Ghana,29,Arsenal,1993,3,3,270,3.0,0,0,0,0,0,0,0,0,0.2,0.2,0.1,0.3,4,20,5,0.00,0.00,0.00,0.00,0.00,0.07,0.02,0.09,0.07,0.09
Mario Pašalić,"FW,MF",Croatia,27,Atalanta,1995,7,2,271,3.0,0,0,0,0,0,0,0,0,0.3,0.3,0.2,0.5,4,6,14,0.00,0.00,0.00,0.00,0.00,0.10,0.07,0.17,0.10,0.17
Benjamin Pavard,DF,France,26,Bayern Munich,1996,1,1,88,1.0,0,0,0,0,0,0,0,0,0.0,0.0,0.0,0.0,2,4,3,0.00,0.00,0.00,0.00,0.00,0.00,0.00,0.00,0.00,0.00
Strahinja Pavlović,DF,Serbia,21,RB Salzburg,2001,3,3,235,2.6,1,0,1,1,0,0,2,0,0.2,0.2,0.0,0.2,6,17,3,0.38,0.00,0.38,0.38,0.38,0.07,0.00,0.07,0.07,0.07
Pedri,MF,Spain,19,Barcelona,2002,4,4,356,4.0,0,0,0,0,0,0,0,0,0.0,0.0,0.8,0.8,15,51,10,0.00,0.00,0.00,0.00,0.00,0.00,0.22,0.22,0.00,0.22
Pedro,FW,Brazil,24,Flamengo,1997,2,0,64,0.7,0,0,0,0,0,0,0,0,0.5,0.5,0.0,0.5,0,0,5,0.00,0.00,0.00,0.00,0.00,1.39,0.00,1.39,1.39,1.39
Facundo Pellistri,"MF,FW",Uruguay,20,Manchester Utd,2001,3,2,181,2.0,0,0,0,0,0,0,0,0,0.2,0.2,0.2,0.4,2,5,20,0.00,0.00,0.00,0.00,0.00,0.08,0.09,0.17,0.08,0.17
Pepe,DF,Portugal,39,Porto,1983,4,4,360,4.0,1,0,1,1,0,0,0,0,0.5,0.5,0.0,0.5,5,15,0,0.25,0.00,0.25,0.25,0.25,0.12,0.00,0.12,0.12,0.12
Danilo Pereira,DF,Portugal,30,Paris S-G,1991,1,1,90,1.0,0,0,0,0,0,0,1,0,0.0,0.0,0.0,0.0,1,7,0,0.00,0.00,0.00,0.00,0.00,0.00,0.00,0.00,0.00,0.00
Ivan Perišić,"FW,DF",Croatia,33,Tottenham,1989,7,7,669,7.4,1,3,4,1,0,0,0,0,0.9,0.9,0.9,1.8,27,21,63,0.13,0.40,0.54,0.13,0.54,0.13,0.12,0.25,0.13,0.25
Bruno Petković,FW,Croatia,27,Dinamo Zagreb,1994,6,1,234,2.6,1,0,1,1,0,0,1,0,0.1,0.1,0.3,0.5,6,4,10,0.38,0.00,0.38,0.38,0.38,0.05,0.15,0.20,0.05,0.20
Germán Pezzella,DF,Argentina,30,Betis,1991,3,0,60,0.7,0,0,0,0,0,0,1,0,0.1,0.1,0.0,0.1,0,2,0,0.00,0.00,0.00,0.00,0.00,0.24,0.00,0.24,0.24,0.24
Kalvin Phillips,MF,England,26,Manchester City,1995,2,0,42,0.5,0,1,1,0,0,0,0,0,0.0,0.0,0.1,0.1,0,1,1,0.00,2.14,2.14,0.00,2.14,0.00,0.17,0.17,0.00,0.17
Krzysztof Piątek,FW,Poland,26,Salernitana,1995,2,0,28,0.3,0,0,0,0,0,0,0,0,0.0,0.0,0.0,0.0,0,0,1,0.00,0.00,0.00,0.00,0.00,0.09,0.00,0.09,0.09,0.09
Jordan Pickford,GK,England,28,Everton,1994,5,5,450,5.0,0,0,0,0,0,0,0,0,0.0,0.0,0.0,0.0,0,0,0,0.00,0.00,0.00,0.00,0.00,0.00,0.00,0.00,0.00,0.00
Orbelín Pineda,MF,Mexico,26,AEK Athens,1996,1,1,76,0.8,0,0,0,0,0,0,0,0,0.3,0.3,0.1,0.4,3,4,3,0.00,0.00,0.00,0.00,0.00,0.38,0.07,0.45,0.38,0.45
Gonzalo Plata,"MF,FW",Ecuador,21,Valladolid,2000,3,3,269,3.0,0,0,0,0,0,0,0,0,0.1,0.1,0.2,0.3,7,7,11,0.00,0.00,0.00,0.00,0.00,0.05,0.06,0.11,0.05,0.11
Jackson Porozo,DF,Ecuador,21,Troyes,2000,2,1,96,1.1,0,0,0,0,0,0,0,0,0.1,0.1,0.0,0.1,1,2,0,0.00,0.00,0.00,0.00,0.00,0.05,0.00,0.05,0.05,0.05
Morteza Pouraliganji,DF,IR Iran,30,Persepolis,1992,3,3,270,3.0,0,0,0,0,0,0,1,0,0.1,0.1,0.2,0.3,1,7,3,0.00,0.00,0.00,0.00,0.00,0.03,0.07,0.09,0.03,0.09
Ángelo Preciado,DF,Ecuador,24,Genk,1998,3,3,264,2.9,0,1,1,0,0,0,0,0,0.1,0.1,0.4,0.5,2,7,5,0.00,0.34,0.34,0.00,0.34,0.02,0.14,0.17,0.02,0.17
Christian Pulisic,"FW,MF",United States,23,Chelsea,1998,4,4,315,3.5,1,2,3,1,0,0,0,0,1.1,1.1,0.9,2.0,23,18,28,0.29,0.57,0.86,0.29,0.86,0.30,0.26,0.56,0.30,0.56
Adrien Rabiot,MF,France,27,Juventus,1995,6,5,483,5.4,1,1,2,1,0,0,1,0,1.0,1.0,0.9,1.9,10,18,18,0.19,0.19,0.37,0.19,0.37,0.19,0.16,0.36,0.19,0.36
Nemanja Radonjić,"DF,FW",Serbia,26,Torino,1996,3,0,60,0.7,0,0,0,0,0,0,0,0,0.1,0.1,0.0,0.1,3,0,6,0.00,0.00,0.00,0.00,0.00,0.15,0.05,0.19,0.15,0.19
Baba Rahman,DF,Ghana,27,Reading,1994,3,2,183,2.0,0,0,0,0,0,0,0,0,0.0,0.0,0.3,0.3,4,10,6,0.00,0.00,0.00,0.00,0.00,0.00,0.15,0.15,0.00,0.15
Gonçalo Ramos,"FW,MF",Portugal,20,Benfica,2001,4,2,152,1.7,3,1,4,3,0,0,0,0,1.5,1.5,0.4,2.0,1,3,12,1.78,0.59,2.37,1.78,2.37,0.91,0.24,1.15,0.91,1.15
Aaron Ramsey,MF,Wales,31,Nice,1990,3,3,266,3.0,0,0,0,0,0,0,1,0,0.0,0.0,0.0,0.1,3,8,9,0.00,0.00,0.00,0.00,0.00,0.01,0.01,0.02,0.01,0.02
Raphinha,FW,Brazil,25,Barcelona,1996,5,4,315,3.5,0,1,1,0,0,0,0,0,1.2,1.2,1.3,2.5,17,9,32,0.00,0.29,0.29,0.00,0.29,0.35,0.38,0.72,0.35,0.72
Marcus Rashford,FW,England,24,Manchester Utd,1997,5,1,140,1.6,3,0,3,3,0,0,0,0,1.6,1.6,0.0,1.6,5,4,17,1.93,0.00,1.93,1.93,1.93,1.01,0.00,1.01,1.01,1.01
David Raum,DF,Germany,24,RB Leipzig,1998,3,3,242,2.7,0,1,1,0,0,0,0,0,0.0,0.0,0.6,0.6,8,10,40,0.00,0.37,0.37,0.00,0.37,0.00,0.22,0.22,0.00,0.22
Bassam Al-Rawi,DF,Qatar,24,Al Duhail SC,1997,1,1,90,1.0,0,0,0,0,0,0,0,0,0.0,0.0,0.0,0.0,1,7,0,0.00,0.00,0.00,0.00,0.00,0.00,0.03,0.03,0.00,0.03
Tim Ream,DF,United States,34,Fulham,1987,4,4,360,4.0,0,0,0,0,0,0,1,0,0.3,0.3,0.0,0.3,4,20,0,0.00,0.00,0.00,0.00,0.00,0.07,0.00,0.07,0.07,0.07
Djorkaeff Reasco,FW,Ecuador,23,Newell's OB,1999,1,0,27,0.3,0,0,0,0,0,0,0,0,0.0,0.0,0.0,0.0,0,0,2,0.00,0.00,0.00,0.00,0.00,0.00,0.00,0.00,0.00,0.00
Gio Reyna,FW,United States,19,Dortmund,2002,2,0,53,0.6,0,0,0,0,0,0,0,0,0.1,0.1,0.2,0.2,2,2,3,0.00,0.00,0.00,0.00,0.00,0.10,0.28,0.38,0.10,0.38
Ramin Rezaeian,DF,IR Iran,32,Sepahan,1990,2,2,180,2.0,1,0,1,1,0,0,1,0,0.3,0.3,0.3,0.5,7,8,9,0.50,0.00,0.50,0.50,0.50,0.13,0.14,0.27,0.13,0.27
Everton Ribeiro,MF,Brazil,33,Flamengo,1989,1,0,36,0.4,0,0,0,0,0,0,0,0,0.0,0.0,0.1,0.1,4,3,5,0.00,0.00,0.00,0.00,0.00,0.00,0.21,0.21,0.00,0.21
Declan Rice,MF,England,23,West Ham,1999,5,5,417,4.6,0,0,0,0,0,0,0,0,0.0,0.0,0.0,0.0,8,22,4,0.00,0.00,0.00,0.00,0.00,0.00,0.01,0.01,0.00,0.01
Richarlison,FW,Brazil,25,Tottenham,1997,4,4,323,3.6,3,0,3,3,0,0,0,0,2.1,2.1,1.0,3.1,5,5,17,0.84,0.00,0.84,0.84,0.84,0.59,0.27,0.86,0.59,0.86
Fabian Rieder,FW,Switzerland,20,Young Boys,2002,2,1,68,0.8,0,0,0,0,0,0,1,0,0.0,0.0,0.2,0.2,1,1,2,0.00,0.00,0.00,0.00,0.00,0.00,0.25,0.25,0.00,0.25
Ró-Ró,DF,Qatar,31,Al Sadd,1990,3,3,262,2.9,0,0,0,0,0,0,0,0,0.1,0.1,0.0,0.1,3,7,7,0.00,0.00,0.00,0.00,0.00,0.02,0.00,0.02,0.02,0.02
Connor Roberts,DF,Wales,26,Burnley,1995,3,2,200,2.2,0,0,0,0,0,0,0,0,0.0,0.0,0.4,0.4,1,9,10,0.00,0.00,0.00,0.00,0.00,0.00,0.16,0.16,0.00,0.16
Antonee Robinson,DF,United States,24,Fulham,1997,4,4,359,4.0,0,0,0,0,0,0,0,0,0.0,0.0,0.3,0.3,18,18,27,0.00,0.00,0.00,0.00,0.00,0.00,0.07,0.07,0.00,0.07
Sergio Rochet,GK,Uruguay,29,Nacional,1993,3,3,270,3.0,0,0,0,0,0,0,0,0,0.0,0.0,0.0,0.0,0,0,0,0.00,0.00,0.00,0.00,0.00,0.00,0.00,0.00,0.00,0.00
Joe Rodon,DF,Wales,24,Rennes,1997,3,3,270,3.0,0,0,0,0,0,0,1,0,0.0,0.0,0.0,0.0,1,3,0,0.00,0.00,0.00,0.00,0.00,0.00,0.00,0.00,0.00,0.00
Rodri,DF,Spain,25,Manchester City,1996,4,4,390,4.3,0,0,0,0,0,0,0,0,0.0,0.0,0.2,0.2,13,37,3,0.00,0.00,0.00,0.00,0.00,0.01,0.04,0.05,0.01,0.05
Charly Rodríguez,MF,Mexico,25,Cruz Azul,1997,2,0,34,0.4,0,0,0,0,0,0,0,0,0.0,0.0,0.0,0.0,1,5,2,0.00,0.00,0.00,0.00,0.00,0.00,0.00,0.00,0.00,0.00
Guido Rodríguez,MF,Argentina,28,Betis,1994,1,1,56,0.6,0,0,0,0,0,0,0,0,0.0,0.0,0.0,0.0,0,1,0,0.00,0.00,0.00,0.00,0.00,0.00,0.00,0.00,0.00,0.00
Kevin Rodríguez,FW,Ecuador,22,,2000,2,0,2,0.0,0,0,0,0,0,0,0,0,0.1,0.1,0.0,0.1,0,0,1,0.00,0.00,0.00,0.00,0.00,4.23,0.00,4.23,4.23,4.23
Ricardo Rodríguez,DF,Switzerland,29,Torino,1992,4,4,359,4.0,0,0,0,0,0,0,0,0,0.0,0.0,0.2,0.2,9,20,18,0.00,0.00,0.00,0.00,0.00,0.00,0.04,0.04,0.00,0.04
Rodrygo,"MF,FW",Brazil,21,Real Madrid,2001,5,1,181,2.0,0,1,1,0,0,0,0,0,0.4,0.4,0.4,0.9,10,9,23,0.00,0.50,0.50,0.00,0.50,0.26,0.25,0.52,0.26,0.52
Mohamed Ali Ben Romdhane,MF,Tunisia,22,Espérance de Tunis,1999,1,1,73,0.8,0,0,0,0,0,0,0,0,0.0,0.0,0.0,0.0,5,3,4,0.00,0.00,0.00,0.00,0.00,0.00,0.00,0.00,0.00,0.00
Cristian Romero,DF,Argentina,24,Tottenham,1998,7,6,547,6.1,0,0,0,0,0,0,2,0,0.0,0.0,0.0,0.0,4,15,1,0.00,0.00,0.00,0.00,0.00,0.00,0.00,0.00,0.00,0.00
Cristiano Ronaldo,FW,Portugal,37,Manchester Utd,1985,5,3,290,3.2,1,0,1,0,1,1,0,0,1.6,0.8,0.1,1.0,8,6,25,0.31,0.00,0.31,0.00,0.00,0.51,0.04,0.55,0.26,0.30
Marten de Roon,MF,Netherlands,31,Atalanta,1991,5,3,184,2.0,0,0,0,0,0,0,0,0,0.0,0.0,0.0,0.0,0,6,2,0.00,0.00,0.00,0.00,0.00,0.00,0.00,0.00,0.00,0.00
Kye Rowles,DF,Australia,23,Hearts,1998,4,4,360,4.0,0,0,0,0,0,0,0,0,0.0,0.0,0.0,0.0,0,2,0,0.00,0.00,0.00,0.00,0.00,0.00,0.00,0.00,0.00,0.00
Antonio Rüdiger,DF,Germany,29,Real Madrid,1993,3,3,270,3.0,0,0,0,0,0,0,0,0,0.8,0.8,0.0,0.8,1,21,1,0.00,0.00,0.00,0.00,0.00,0.25,0.00,0.25,0.25,0.25
Bryan Ruiz,MF,Costa Rica,36,Alajuelense,1985,1,0,30,0.3,0,0,0,0,0,0,0,0,0.0,0.0,0.0,0.0,1,0,0,0.00,0.00,0.00,0.00,0.00,0.00,0.00,0.00,0.00,0.00
Mathew Ryan,GK,Australia,30,FC Copenhagen,1992,4,4,360,4.0,0,0,0,0,0,0,0,0,0.0,0.0,0.0,0.0,0,0,0,0.00,0.00,0.00,0.00,0.00,0.00,0.00,0.00,0.00,0.00
Youssouf Sabaly,DF,Senegal,29,Betis,1993,4,4,360,4.0,0,0,0,0,0,0,0,0,0.0,0.0,0.7,0.7,13,26,15,0.00,0.00,0.00,0.00,0.00,0.01,0.16,0.17,0.01,0.17
Abdelhamid Sabiri,MF,Morocco,25,Sampdoria,1996,5,2,181,2.0,0,1,1,0,0,0,1,0,0.1,0.1,0.9,1.0,2,1,2,0.00,0.50,0.50,0.00,0.50,0.08,0.53,0.60,0.08,0.60
Romain Saïss,DF,Morocco,32,Beşiktaş,1990,6,6,466,5.2,1,0,1,1,0,0,1,0,0.8,0.8,0.0,0.8,1,9,0,0.19,0.00,0.19,0.19,0.19,0.16,0.00,0.16,0.16,0.16
Bukayo Saka,FW,England,20,Arsenal,2001,4,4,288,3.2,3,0,3,3,0,0,0,0,0.6,0.6,0.7,1.3,11,10,34,0.94,0.00,0.94,0.94,0.94,0.20,0.20,0.40,0.20,0.40
Hiroki Sakai,"MF,DF",Japan,32,Urawa Reds,1990,2,1,119,1.3,0,0,0,0,0,0,0,0,0.5,0.5,0.1,0.6,0,6,3,0.00,0.00,0.00,0.00,0.00,0.54,0.07,0.61,0.54,0.61
Youstin Salas,"DF,MF",Costa Rica,25,Saprissa,1996,2,0,47,0.5,0,0,0,0,0,0,0,0,0.0,0.0,0.0,0.0,0,1,0,0.00,0.00,0.00,0.00,0.00,0.00,0.00,0.00,0.00,0.00
William Saliba,DF,France,21,Arsenal,2001,1,0,28,0.3,0,0,0,0,0,0,0,0,0.0,0.0,0.0,0.0,0,2,0,0.00,0.00,0.00,0.00,0.00,0.00,0.11,0.11,0.00,0.11
Mohammed Salisu,DF,Ghana,23,Southampton,1999,3,3,270,3.0,1,0,1,1,0,0,0,0,0.8,0.8,0.2,1.0,2,8,1,0.33,0.00,0.33,0.33,0.33,0.26,0.08,0.34,0.26,0.34
Tarek Salman,DF,Qatar,24,Al Sadd,1997,1,0,8,0.1,0,0,0,0,0,0,0,0,0.0,0.0,0.0,0.0,0,0,0,0.00,0.00,0.00,0.00,0.00,0.00,0.00,0.00,0.00,0.00
Alex Sandro,DF,Brazil,31,Juventus,1991,3,2,190,2.1,0,0,0,0,0,0,0,0,0.0,0.0,0.1,0.1,4,17,4,0.00,0.00,0.00,0.00,0.00,0.01,0.04,0.05,0.01,0.05
Leroy Sané,"FW,DF",Germany,26,Bayern Munich,1996,2,1,111,1.2,0,1,1,0,0,0,0,0,0.1,0.1,1.8,1.9,4,8,11,0.00,0.81,0.81,0.00,0.81,0.09,1.44,1.54,0.09,1.54
Na Sang-ho,FW,Korea Republic,25,FC Seoul,1996,2,1,119,1.3,0,0,0,0,0,0,0,0,0.0,0.0,0.1,0.2,1,4,18,0.00,0.00,0.00,0.00,0.00,0.03,0.09,0.12,0.03,0.12
Pablo Sarabia,FW,Spain,30,Paris S-G,1992,1,0,3,0.0,0,0,0,0,0,0,0,0,0.1,0.1,0.2,0.3,0,0,1,0.00,0.00,0.00,0.00,0.00,,,,,
Josh Sargent,FW,United States,22,Norwich City,2000,3,2,157,1.7,0,0,0,0,0,0,0,0,0.4,0.4,0.1,0.4,2,1,16,0.00,0.00,0.00,0.00,0.00,0.21,0.04,0.25,0.21,0.25
Jeremy Sarmiento,"MF,FW",Ecuador,19,Brighton,2002,3,0,85,0.9,0,0,0,0,0,0,0,0,0.1,0.1,0.1,0.1,5,3,4,0.00,0.00,0.00,0.00,0.00,0.07,0.09,0.15,0.07,0.15
Ismaila Sarr,"FW,MF",Senegal,24,Watford,1998,4,4,344,3.8,1,0,1,0,1,1,0,0,1.7,0.9,0.4,1.3,14,8,25,0.26,0.00,0.26,0.00,0.00,0.44,0.11,0.55,0.23,0.34
Ferjani Sassi,"MF,DF",Tunisia,30,Al Duhail SC,1992,2,0,48,0.5,0,0,0,0,0,0,1,0,0.0,0.0,0.0,0.0,0,6,2,0.00,0.00,0.00,0.00,0.00,0.04,0.00,0.04,0.04,0.04
Fabian Schär,DF,Switzerland,30,Newcastle Utd,1991,2,2,135,1.5,0,0,0,0,0,0,2,0,0.1,0.1,0.0,0.1,0,5,0,0.00,0.00,0.00,0.00,0.00,0.09,0.00,0.09,0.09,0.09
Nico Schlotterbeck,DF,Germany,22,Dortmund,1999,2,1,94,1.0,0,0,0,0,0,0,0,0,0.0,0.0,0.1,0.1,5,12,2,0.00,0.00,0.00,0.00,0.00,0.00,0.07,0.07,0.00,0.07
Kasper Schmeichel,GK,Denmark,35,Nice,1986,3,3,270,3.0,0,0,0,0,0,0,0,0,0.0,0.0,0.0,0.0,0,1,0,0.00,0.00,0.00,0.00,0.00,0.00,0.00,0.00,0.00,0.00
Haris Seferović,FW,Switzerland,30,Galatasaray,1992,3,0,71,0.8,0,0,0,0,0,0,0,0,0.2,0.2,0.0,0.2,2,1,2,0.00,0.00,0.00,0.00,0.00,0.24,0.03,0.27,0.24,0.27
Alidu Seidu,DF,Ghana,22,Clermont Foot,2000,2,2,155,1.7,0,0,0,0,0,0,2,0,0.0,0.0,0.0,0.0,3,3,4,0.00,0.00,0.00,0.00,0.00,0.01,0.00,0.01,0.01,0.01
Antoine Semenyo,"FW,MF",Ghana,22,Bristol City,2000,2,0,20,0.2,0,0,0,0,0,0,0,0,0.0,0.0,0.0,0.0,0,0,1,0.00,0.00,0.00,0.00,0.00,0.22,0.00,0.22,0.22,0.22
Kim Seung-gyu,GK,Korea Republic,31,Al-Shabab,1990,4,4,360,4.0,0,0,0,0,0,0,0,0,0.0,0.0,0.0,0.0,0,0,0,0.00,0.00,0.00,0.00,0.00,0.00,0.00,0.00,0.00,0.00
Paik Seung-ho,MF,Korea Republic,25,Jeonbuk,1997,1,0,26,0.3,1,0,1,1,0,0,0,0,0.0,0.0,0.0,0.0,1,4,0,3.46,0.00,3.46,3.46,3.46,0.15,0.00,0.15,0.15,0.15
Yasser Al-Shahrani,DF,Saudi Arabia,30,Al-Hilal,1992,1,1,89,1.0,0,0,0,0,0,0,0,0,0.0,0.0,0.0,0.0,0,2,0,0.00,0.00,0.00,0.00,0.00,0.00,0.00,0.00,0.00,0.00
Xherdan Shaqiri,"FW,MF",Switzerland,30,Chicago Fire,1991,3,3,229,2.5,1,1,2,1,0,0,0,0,0.3,0.3,0.9,1.2,4,16,21,0.39,0.39,0.79,0.39,0.79,0.12,0.37,0.49,0.12,0.49
Riyadh Sharahili,MF,Saudi Arabia,29,Abha,1993,1,0,54,0.6,0,0,0,0,0,0,0,0,0.0,0.0,0.0,0.0,0,0,0,0.00,0.00,0.00,0.00,0.00,0.00,0.05,0.05,0.00,0.05
Luke Shaw,DF,England,26,Manchester Utd,1995,5,5,424,4.7,0,1,1,0,0,0,0,0,0.1,0.1,0.8,0.9,14,37,30,0.00,0.21,0.21,0.00,0.21,0.02,0.16,0.18,0.02,0.18
Saad Al Sheeb,GK,Qatar,32,Al Sadd,1990,1,1,90,1.0,0,0,0,0,0,0,1,0,0.0,0.0,0.0,0.0,0,0,0,0.00,0.00,0.00,0.00,0.00,0.00,0.00,0.00,0.00,0.00
Saleh Al-Shehri,FW,Saudi Arabia,28,Al-Hilal,1993,3,3,223,2.5,1,0,1,1,0,0,1,0,0.1,0.1,0.1,0.2,3,0,8,0.40,0.00,0.40,0.40,0.40,0.03,0.05,0.09,0.03,0.09
André Silva,FW,Portugal,26,RB Leipzig,1995,1,0,26,0.3,0,0,0,0,0,0,0,0,0.0,0.0,0.1,0.1,2,1,4,0.00,0.00,0.00,0.00,0.00,0.00,0.21,0.21,0.00,0.21
António Silva,DF,Portugal,18,Benfica,2003,1,1,90,1.0,0,0,0,0,0,0,0,0,0.0,0.0,0.0,0.0,0,4,0,0.00,0.00,0.00,0.00,0.00,0.00,0.00,0.00,0.00,0.00
Bernardo Silva,MF,Portugal,27,Manchester City,1994,5,4,356,4.0,0,0,0,0,0,0,0,0,0.2,0.2,0.4,0.5,18,18,17,0.00,0.00,0.00,0.00,0.00,0.04,0.09,0.14,0.04,0.14
Thiago Silva,DF,Brazil,37,Chelsea,1984,4,4,390,4.3,0,1,1,0,0,0,0,0,0.2,0.2,0.9,1.1,3,21,0,0.00,0.23,0.23,0.00,0.23,0.04,0.23,0.27,0.04,0.27
Unai Simón,GK,Spain,25,Athletic Club,1997,4,4,390,4.3,0,0,0,0,0,0,0,0,0.0,0.0,0.0,0.0,0,1,0,0.00,0.00,0.00,0.00,0.00,0.00,0.00,0.00,0.00,0.00
Xavi Simons,"FW,MF",Netherlands,19,PSV Eindhoven,2003,1,0,9,0.1,0,0,0,0,0,0,0,0,0.0,0.0,0.0,0.0,3,3,0,0.00,0.00,0.00,0.00,0.00,0.00,0.00,0.00,0.00,0.00
Ellyes Skhiri,MF,Tunisia,27,Köln,1995,3,3,270,3.0,0,0,0,0,0,0,0,0,0.1,0.1,0.1,0.2,1,17,4,0.00,0.00,0.00,0.00,0.00,0.02,0.05,0.07,0.02,0.07
Michał Skóraś,MF,Poland,22,Lech Poznań,2000,1,0,45,0.5,0,0,0,0,0,0,0,0,0.0,0.0,0.0,0.0,0,0,5,0.00,0.00,0.00,0.00,0.00,0.04,0.00,0.04,0.04,0.04
Andreas Skov Olsen,"FW,MF",Denmark,22,Club Brugge,1999,2,2,132,1.5,0,0,0,0,0,0,0,0,0.2,0.2,0.0,0.2,7,4,23,0.00,0.00,0.00,0.00,0.00,0.16,0.00,0.16,0.16,0.16
Robert Skov,DF,Denmark,26,Hoffenheim,1996,1,0,22,0.2,0,0,0,0,0,0,1,0,0.0,0.0,0.0,0.0,0,2,6,0.00,0.00,0.00,0.00,0.00,0.00,0.00,0.00,0.00,0.00
Naïm Sliti,"MF,FW",Tunisia,29,Al-Ettifaq,1992,2,1,114,1.3,0,0,0,0,0,0,0,0,0.1,0.1,0.1,0.3,3,9,7,0.00,0.00,0.00,0.00,0.00,0.11,0.10,0.21,0.11,0.21
Carlos Soler,MF,Spain,25,Paris S-G,1997,2,0,92,1.0,1,0,1,1,0,0,0,0,0.5,0.5,0.2,0.7,4,10,2,0.98,0.00,0.98,0.98,0.98,0.78,0.26,1.04,0.78,1.04
Yuki Soma,"FW,MF",Japan,25,Grampus,1997,1,1,81,0.9,0,0,0,0,0,0,0,0,0.2,0.2,0.0,0.2,3,1,6,0.00,0.00,0.00,0.00,0.00,0.21,0.00,0.21,0.21,0.21
Yann Sommer,GK,Switzerland,33,Gladbach,1988,3,3,270,3.0,0,0,0,0,0,0,0,0,0.0,0.0,0.0,0.0,0,0,0,0.00,0.00,0.00,0.00,0.00,0.00,0.00,0.00,0.00,0.00
Borna Sosa,DF,Croatia,24,Stuttgart,1998,5,5,424,4.7,0,0,0,0,0,0,0,0,0.1,0.1,0.4,0.4,18,17,29,0.00,0.00,0.00,0.00,0.00,0.01,0.08,0.09,0.01,0.09
Harry Souttar,DF,Australia,23,Stoke City,1998,4,4,360,4.0,0,0,0,0,0,0,0,0,0.1,0.1,0.0,0.1,0,6,0,0.00,0.00,0.00,0.00,0.00,0.02,0.01,0.03,0.02,0.03
Djibril Sow,MF,Switzerland,25,Eint Frankfurt,1997,4,4,264,2.9,0,1,1,0,0,0,0,0,0.2,0.2,0.2,0.3,10,12,12,0.00,0.34,0.34,0.00,0.34,0.06,0.06,0.12,0.06,0.12
Josip Stanišić,DF,Croatia,22,Bayern Munich,2000,1,1,90,1.0,0,0,0,0,0,0,0,0,0.0,0.0,0.0,0.0,1,1,5,0.00,0.00,0.00,0.00,0.00,0.02,0.00,0.02,0.02,0.02
Renato Steffen,FW,Switzerland,30,Lugano,1991,1,0,32,0.4,0,0,0,0,0,0,0,0,0.0,0.0,0.0,0.0,1,3,1,0.00,0.00,0.00,0.00,0.00,0.00,0.00,0.00,0.00,0.00
Raheem Sterling,FW,England,27,Chelsea,1994,3,2,149,1.7,1,1,2,1,0,0,0,0,0.4,0.4,0.1,0.5,2,6,12,0.60,0.60,1.21,0.60,1.21,0.22,0.09,0.31,0.22,0.31
John Stones,DF,England,28,Manchester City,1994,5,5,434,4.8,0,0,0,0,0,0,0,0,0.3,0.3,0.1,0.4,4,25,0,0.00,0.00,0.00,0.00,0.00,0.06,0.01,0.08,0.06,0.08
Luis Suárez,FW,Uruguay,35,Nacional,1987,3,2,146,1.6,0,1,1,0,0,0,1,0,0.4,0.4,0.1,0.5,2,2,5,0.00,0.62,0.62,0.00,0.62,0.26,0.04,0.29,0.26,0.29
Niklas Süle,DF,Germany,26,Dortmund,1995,3,3,269,3.0,0,0,0,0,0,0,0,0,0.1,0.1,0.0,0.1,5,29,2,0.00,0.00,0.00,0.00,0.00,0.04,0.00,0.04,0.04,0.04
Kamaldeen Sulemana,FW,Ghana,20,Rennes,2002,2,0,58,0.6,0,0,0,0,0,0,1,0,0.1,0.1,0.0,0.1,3,1,6,0.00,0.00,0.00,0.00,0.00,0.09,0.00,0.09,0.09,0.09
Josip Šutalo,DF,Croatia,22,Dinamo Zagreb,2000,1,1,90,1.0,0,0,0,0,0,0,0,0,0.0,0.0,0.0,0.0,0,2,0,0.00,0.00,0.00,0.00,0.00,0.00,0.00,0.00,0.00,0.00
Karol Świderski,FW,Poland,25,Charlotte,1997,1,1,45,0.5,0,0,0,0,0,0,0,0,0.0,0.0,0.0,0.0,0,1,0,0.00,0.00,0.00,0.00,0.00,0.00,0.00,0.00,0.00,0.00
Wojciech Szczęsny,GK,Poland,32,Juventus,1990,4,4,360,4.0,0,0,0,0,0,0,0,0,0.0,0.0,0.0,0.0,0,0,0,0.00,0.00,0.00,0.00,0.00,0.00,0.00,0.00,0.00,0.00
Damian Szymański,MF,Poland,26,AEK Athens,1995,1,0,29,0.3,0,0,0,0,0,0,0,0,0.0,0.0,0.0,0.0,0,1,0,0.00,0.00,0.00,0.00,0.00,0.00,0.00,0.00,0.00,0.00
Sebastian Szymański,MF,Poland,23,Feyenoord,1999,2,2,134,1.5,0,0,0,0,0,0,0,0,0.0,0.0,0.0,0.0,0,4,5,0.00,0.00,0.00,0.00,0.00,0.00,0.00,0.00,0.00,0.00
Dušan Tadić,"MF,FW",Serbia,33,Ajax,1988,3,3,257,2.9,0,2,2,0,0,0,0,0,0.1,0.1,0.7,0.8,12,14,20,0.00,0.70,0.70,0.00,0.70,0.03,0.25,0.28,0.03,0.28
Nicolás Tagliafico,DF,Argentina,29,Lyon,1992,6,3,373,4.1,0,0,0,0,0,0,0,0,1.0,1.0,0.2,1.2,6,8,20,0.00,0.00,0.00,0.00,0.00,0.26,0.05,0.31,0.26,0.31
Montassar Talbi,DF,Tunisia,24,Lorient,1998,3,3,270,3.0,0,0,0,0,0,0,0,0,0.0,0.0,0.0,0.0,1,14,0,0.00,0.00,0.00,0.00,0.00,0.00,0.00,0.00,0.00,0.00
Hassan Al Tambakti,DF,Saudi Arabia,23,Al-Shabab,1999,2,2,180,2.0,0,0,0,0,0,0,1,0,0.0,0.0,0.0,0.0,1,3,0,0.00,0.00,0.00,0.00,0.00,0.00,0.00,0.00,0.00,0.00
Ao Tanaka,MF,Japan,23,Düsseldorf,1998,3,2,171,1.9,1,0,1,1,0,0,0,0,1.0,1.0,0.1,1.0,1,8,7,0.53,0.00,0.53,0.53,0.53,0.55,0.05,0.60,0.55,0.60
Shogo Taniguchi,DF,Japan,30,Kawa Frontale,1991,2,2,210,2.3,0,0,0,0,0,0,1,0,0.2,0.2,0.0,0.2,0,5,0,0.00,0.00,0.00,0.00,0.00,0.12,0.00,0.12,0.12,0.12
Mehdi Taremi,FW,IR Iran,29,Porto,1992,3,3,270,3.0,2,1,3,1,1,1,0,0,1.3,0.6,0.7,1.2,7,9,18,0.67,0.33,1.00,0.33,0.67,0.45,0.22,0.67,0.18,0.40
Kenneth Taylor,MF,Netherlands,20,Ajax,2002,1,0,5,0.1,0,0,0,0,0,0,0,0,0.0,0.0,0.0,0.0,0,0,1,0.00,0.00,0.00,0.00,0.00,0.00,0.00,0.00,0.00,0.00
Aurélien Tchouaméni,MF,France,22,Real Madrid,2000,7,7,621,6.9,1,0,1,1,0,0,1,0,0.3,0.3,1.0,1.4,8,50,6,0.14,0.00,0.14,0.14,0.14,0.05,0.16,0.21,0.05,0.21
Yeltsin Tejeda,MF,Costa Rica,30,Herediano,1992,3,3,269,3.0,1,1,2,1,0,0,0,0,0.4,0.4,0.1,0.5,0,9,1,0.33,0.33,0.67,0.33,0.67,0.14,0.02,0.17,0.14,0.17
Alex Telles,DF,Brazil,29,Sevilla,1992,2,1,59,0.7,0,0,0,0,0,0,0,0,0.0,0.0,0.0,0.0,0,4,0,0.00,0.00,0.00,0.00,0.00,0.00,0.00,0.00,0.00,0.00
Sorba Thomas,MF,Wales,22,Huddersfield,1999,1,0,1,0.0,0,0,0,0,0,0,0,0,0.0,0.0,0.0,0.0,1,0,2,0.00,0.00,0.00,0.00,0.00,0.00,0.00,0.00,0.00,0.00
Marcus Thuram,"FW,MF",France,24,Gladbach,1997,5,0,151,1.7,0,2,2,0,0,0,1,0,0.2,0.2,0.3,0.5,8,6,9,0.00,1.19,1.19,0.00,1.19,0.16,0.19,0.35,0.16,0.35
Youri Tielemans,MF,Belgium,25,Leicester City,1997,3,1,95,1.1,0,0,0,0,0,0,0,0,0.0,0.0,0.1,0.1,0,6,3,0.00,0.00,0.00,0.00,0.00,0.00,0.07,0.07,0.00,0.07
Jurriën Timber,DF,Netherlands,20,Ajax,2001,4,4,390,4.3,0,0,0,0,0,0,1,0,0.0,0.0,0.0,0.0,13,24,2,0.00,0.00,0.00,0.00,0.00,0.00,0.00,0.00,0.00,0.00
Karl Toko Ekambi,"FW,MF",Cameroon,29,Lyon,1992,3,2,166,1.8,0,0,0,0,0,0,0,0,0.2,0.2,0.3,0.4,7,2,8,0.00,0.00,0.00,0.00,0.00,0.10,0.14,0.24,0.10,0.24
Nouhou Tolo,DF,Cameroon,24,Seattle Sounders FC,1997,3,3,270,3.0,0,0,0,0,0,0,1,0,0.0,0.0,0.0,0.0,3,10,7,0.00,0.00,0.00,0.00,0.00,0.00,0.00,0.00,0.00,0.00
Takehiro Tomiyasu,"DF,MF",Japan,23,Arsenal,1998,3,1,187,2.1,0,0,0,0,0,0,0,0,0.0,0.0,0.2,0.2,0,7,2,0.00,0.00,0.00,0.00,0.00,0.00,0.11,0.11,0.00,0.11
Mehdi Torabi,MF,IR Iran,27,Persepolis,1994,3,0,62,0.7,0,0,0,0,0,0,0,0,0.1,0.1,0.6,0.7,2,6,2,0.00,0.00,0.00,0.00,0.00,0.18,0.82,1.00,0.18,1.00
Félix Torres Caicedo,DF,Ecuador,25,Santos,1997,3,3,270,3.0,0,1,1,0,0,0,0,0,0.1,0.1,0.4,0.6,0,2,0,0.00,0.33,0.33,0.00,0.33,0.04,0.15,0.19,0.04,0.19
Ferrán Torres,FW,Spain,22,Barcelona,2000,4,3,217,2.4,2,0,2,1,1,1,0,0,1.0,0.2,0.2,0.4,3,7,32,0.83,0.00,0.83,0.41,0.41,0.42,0.07,0.50,0.10,0.17
Gerson Torres,MF,Costa Rica,24,Herediano,1997,1,1,64,0.7,0,0,0,0,0,0,0,0,0.0,0.0,0.0,0.0,1,0,2,0.00,0.00,0.00,0.00,0.00,0.02,0.00,0.02,0.02,0.02
Pau Torres,DF,Spain,25,Villarreal,1997,1,1,90,1.0,0,0,0,0,0,0,0,0,0.0,0.0,0.0,0.0,2,7,0,0.00,0.00,0.00,0.00,0.00,0.00,0.00,0.00,0.00,0.00
Kieran Trippier,DF,England,31,Newcastle Utd,1990,3,2,206,2.3,0,0,0,0,0,0,0,0,0.0,0.0,0.1,0.2,1,17,8,0.00,0.00,0.00,0.00,0.00,0.02,0.07,0.09,0.02,0.09
Leandro Trossard,"FW,MF",Belgium,27,Brighton,1994,3,1,103,1.1,0,0,0,0,0,0,0,0,0.0,0.0,0.1,0.1,3,5,9,0.00,0.00,0.00,0.00,0.00,0.00,0.08,0.08,0.00,0.08
Matt Turner,GK,United States,27,Arsenal,1994,4,4,360,4.0,0,0,0,0,0,0,0,0,0.0,0.0,0.0,0.0,0,0,0,0.00,0.00,0.00,0.00,0.00,0.00,0.00,0.00,0.00,0.00
Ayase Ueda,FW,Japan,23,Cercle Brugge,1998,1,1,45,0.5,0,0,0,0,0,0,0,0,0.0,0.0,0.0,0.0,1,1,6,0.00,0.00,0.00,0.00,0.00,0.00,0.02,0.02,0.00,0.02
Hwang Ui-jo,"FW,MF",Korea Republic,29,Olympiacos,1992,4,1,106,1.2,0,0,0,0,0,0,0,0,0.5,0.5,0.0,0.5,0,0,3,0.00,0.00,0.00,0.00,0.00,0.40,0.00,0.40,0.40,0.40
Dayot Upamecano,DF,France,23,Bayern Munich,1998,5,5,480,5.3,0,0,0,0,0,0,0,0,0.0,0.0,0.1,0.1,2,26,2,0.00,0.00,0.00,0.00,0.00,0.01,0.02,0.03,0.01,0.03
Enner Valencia,"FW,MF",Ecuador,32,Fenerbahçe,1989,3,3,255,2.8,3,0,3,2,1,1,0,0,2.3,1.5,0.3,1.8,0,1,15,1.06,0.00,1.06,0.71,0.71,0.80,0.10,0.90,0.52,0.62
Federico Valverde,MF,Uruguay,23,Real Madrid,1998,3,3,270,3.0,0,0,0,0,0,0,0,0,0.2,0.2,0.4,0.6,7,29,4,0.00,0.00,0.00,0.00,0.00,0.06,0.14,0.20,0.06,0.20
Virgil van Dijk,DF,Netherlands,30,Liverpool,1991,5,5,480,5.3,0,0,0,0,0,0,0,0,0.2,0.2,0.1,0.3,0,18,0,0.00,0.00,0.00,0.00,0.00,0.04,0.03,0.07,0.04,0.07
Raphaël Varane,DF,France,29,Manchester Utd,1993,6,6,518,5.8,0,0,0,0,0,0,0,0,0.3,0.3,0.0,0.3,8,7,0,0.00,0.00,0.00,0.00,0.00,0.06,0.00,0.06,0.06,0.06
Guillermo Varela,DF,Uruguay,29,Flamengo,1993,3,2,183,2.0,0,0,0,0,0,0,0,0,0.0,0.0,0.1,0.1,3,5,11,0.00,0.00,0.00,0.00,0.00,0.00,0.05,0.05,0.00,0.05
Ruben Vargas,FW,Switzerland,23,Augsburg,1998,4,4,285,3.2,0,1,1,0,0,0,1,0,0.3,0.3,0.6,0.9,15,8,34,0.00,0.32,0.32,0.00,0.32,0.11,0.19,0.30,0.11,0.30
Matías Vecino,MF,Uruguay,30,Lazio,1991,3,2,195,2.2,0,0,0,0,0,0,0,0,0.1,0.1,0.0,0.1,0,9,3,0.00,0.00,0.00,0.00,0.00,0.05,0.00,0.05,0.05,0.05
Alexis Vega,FW,Mexico,24,Guadalajara,1997,3,3,193,2.1,0,0,0,0,0,0,0,0,0.8,0.8,0.1,0.9,2,6,13,0.00,0.00,0.00,0.00,0.00,0.39,0.06,0.44,0.39,0.44
Miloš Veljković,DF,Serbia,26,Werder Bremen,1995,3,3,221,2.5,0,0,0,0,0,0,0,0,0.0,0.0,0.0,0.0,2,5,0,0.00,0.00,0.00,0.00,0.00,0.00,0.00,0.00,0.00,0.00
Johan Venegas,"FW,MF",Costa Rica,33,Alajuelense,1988,1,1,73,0.8,0,0,0,0,0,0,0,0,0.0,0.0,0.0,0.0,2,1,3,0.00,0.00,0.00,0.00,0.00,0.00,0.00,0.00,0.00,0.00
Jordan Veretout,MF,France,29,Marseille,1993,1,1,62,0.7,0,0,0,0,0,0,0,0,0.0,0.0,0.0,0.0,0,2,1,0.00,0.00,0.00,0.00,0.00,0.00,0.00,0.00,0.00,0.00
Jan Vertonghen,DF,Belgium,35,Anderlecht,1987,3,3,270,3.0,0,0,0,0,0,0,0,0,0.2,0.2,0.0,0.2,1,8,0,0.00,0.00,0.00,0.00,0.00,0.06,0.00,0.06,0.06,0.06
Matías Viña,DF,Uruguay,24,Roma,1997,2,0,17,0.2,0,0,0,0,0,0,0,0,0.0,0.0,0.0,0.0,2,1,5,0.00,0.00,0.00,0.00,0.00,0.00,0.00,0.00,0.00,0.00
Vitinha,MF,Portugal,22,Paris S-G,2000,3,1,120,1.3,0,0,0,0,0,0,1,0,0.1,0.1,0.0,0.1,2,14,7,0.00,0.00,0.00,0.00,0.00,0.05,0.03,0.08,0.05,0.08
Steven Vitória,DF,Canada,35,Chaves,1987,3,3,270,3.0,0,0,0,0,0,0,1,0,0.0,0.0,0.0,0.0,0,10,0,0.00,0.00,0.00,0.00,0.00,0.00,0.00,0.00,0.00,0.00
Dušan Vlahović,FW,Serbia,22,Juventus,2000,2,1,79,0.9,1,0,1,1,0,0,0,0,0.8,0.8,0.0,0.8,0,1,3,1.14,0.00,1.14,1.14,1.14,0.92,0.00,0.92,0.92,0.92
Nikola Vlašić,"FW,MF",Croatia,24,Torino,1997,6,1,209,2.3,0,0,0,0,0,0,0,0,0.4,0.4,0.0,0.4,4,4,18,0.00,0.00,0.00,0.00,0.00,0.25,0.00,0.25,0.25,0.25
Mohammed Waad,"MF,DF",Qatar,22,Al Sadd,1999,2,0,28,0.3,0,0,0,0,0,0,0,0,0.0,0.0,0.0,0.0,0,0,1,0.00,0.00,0.00,0.00,0.00,0.00,0.00,0.00,0.00,0.00
Kyle Walker,DF,England,32,Manchester City,1990,3,3,236,2.6,0,0,0,0,0,0,0,0,0.0,0.0,0.0,0.0,3,18,4,0.00,0.00,0.00,0.00,0.00,0.00,0.00,0.00,0.00,0.00
Danny Ward,GK,Wales,28,Leicester City,1993,2,1,94,1.0,0,0,0,0,0,0,0,0,0.0,0.0,0.0,0.0,0,0,0,0.00,0.00,0.00,0.00,0.00,0.00,0.00,0.00,0.00,0.00
Kendall Waston,DF,Costa Rica,34,Saprissa,1988,3,2,225,2.5,0,0,0,0,0,0,0,0,0.2,0.2,0.0,0.2,0,0,0,0.00,0.00,0.00,0.00,0.00,0.06,0.00,0.06,0.06,0.06
Timothy Weah,FW,United States,22,Lille,2000,4,4,316,3.5,1,0,1,1,0,0,0,0,0.6,0.6,0.4,1.1,5,5,27,0.28,0.00,0.28,0.28,0.28,0.18,0.12,0.31,0.18,0.31
Wout Weghorst,FW,Netherlands,29,Beşiktaş,1992,4,0,64,0.7,2,0,2,2,0,0,1,0,0.2,0.2,0.0,0.2,0,3,1,2.81,0.00,2.81,2.81,2.81,0.52,0.08,0.60,0.52,0.60
Wéverton,GK,Brazil,34,Palmeiras,1987,1,0,11,0.1,0,0,0,0,0,0,0,0,0.0,0.0,0.0,0.0,0,0,0,0.00,0.00,0.00,0.00,0.00,0.00,0.00,0.00,0.00,0.00
Silvan Widmer,DF,Switzerland,29,Mainz 05,1993,3,3,265,2.9,0,1,1,0,0,0,1,0,0.0,0.0,0.8,0.9,5,14,15,0.00,0.34,0.34,0.00,0.34,0.01,0.29,0.30,0.01,0.30
Iñaki Williams,FW,Ghana,27,Athletic Club,1994,3,3,270,3.0,0,0,0,0,0,0,0,0,0.3,0.3,0.2,0.5,2,1,7,0.00,0.00,0.00,0.00,0.00,0.10,0.07,0.17,0.10,0.17
Neco Williams,DF,Wales,21,Nott'ham Forest,2001,3,3,204,2.3,0,0,0,0,0,0,0,0,0.1,0.1,0.1,0.2,6,5,11,0.00,0.00,0.00,0.00,0.00,0.04,0.03,0.07,0.04,0.07
Nico Williams,FW,Spain,19,Athletic Club,2002,4,1,146,1.6,0,0,0,0,0,0,0,0,0.1,0.1,0.0,0.1,6,4,25,0.00,0.00,0.00,0.00,0.00,0.07,0.00,0.07,0.07,0.07
Callum Wilson,FW,England,30,Newcastle Utd,1992,2,0,48,0.5,0,1,1,0,0,0,0,0,0.0,0.0,0.9,0.9,2,3,6,0.00,1.87,1.87,0.00,1.87,0.00,1.70,1.70,0.00,1.70
Harry Wilson,"MF,FW",Wales,25,Fulham,1997,3,2,160,1.8,0,0,0,0,0,0,0,0,0.1,0.1,0.5,0.6,2,3,6,0.00,0.00,0.00,0.00,0.00,0.05,0.28,0.33,0.05,0.33
Roan Wilson,MF,Costa Rica,20,Municipal Grecia,2002,1,0,1,0.0,0,0,0,0,0,0,0,0,0.0,0.0,0.0,0.0,0,0,1,0.00,0.00,0.00,0.00,0.00,0.00,0.00,0.00,0.00,0.00
Axel Witsel,MF,Belgium,33,Atlético Madrid,1989,3,3,270,3.0,0,0,0,0,0,0,0,0,0.0,0.0,0.0,0.1,2,16,3,0.00,0.00,0.00,0.00,0.00,0.01,0.02,0.02,0.01,0.02
Jeong Woo-yeong,MF,Korea Republic,22,Freiburg,1999,1,1,45,0.5,0,0,0,0,0,0,0,0,0.0,0.0,0.0,0.0,0,1,7,0.00,0.00,0.00,0.00,0.00,0.06,0.00,0.06,0.06,0.06
Jung Woo-young,MF,Korea Republic,32,Al Sadd,1989,4,4,303,3.4,0,0,0,0,0,0,2,0,0.0,0.0,0.1,0.2,1,24,1,0.00,0.00,0.00,0.00,0.00,0.01,0.04,0.05,0.01,0.05
Christopher Wooh,DF,Cameroon,20,Rennes,2001,1,1,90,1.0,0,0,0,0,0,0,0,0,0.0,0.0,0.0,0.0,0,2,0,0.00,0.00,0.00,0.00,0.00,0.04,0.00,0.04,0.04,0.04
David Wotherspoon,MF,Canada,32,St Johnstone,1990,1,0,15,0.2,0,0,0,0,0,0,0,0,0.0,0.0,0.0,0.0,0,0,2,0.00,0.00,0.00,0.00,0.00,0.00,0.00,0.00,0.00,0.00
Bailey Wright,DF,Australia,29,Sunderland,1992,1,0,17,0.2,0,0,0,0,0,0,0,0,0.0,0.0,0.0,0.0,0,1,0,0.00,0.00,0.00,0.00,0.00,0.00,0.00,0.00,0.00,0.00
Haji Wright,FW,United States,24,Antalyaspor,1998,4,1,137,1.5,1,0,1,1,0,0,0,0,0.5,0.5,0.0,0.6,4,2,7,0.66,0.00,0.66,0.66,0.66,0.35,0.02,0.37,0.35,0.37
Granit Xhaka,MF,Switzerland,29,Arsenal,1992,4,4,360,4.0,0,0,0,0,0,0,1,0,0.4,0.4,0.1,0.5,9,30,4,0.00,0.00,0.00,0.00,0.00,0.09,0.03,0.12,0.09,0.12
Miki Yamane,"DF,MF",Japan,28,Kawa Frontale,1993,1,1,61,0.7,0,0,0,0,0,0,1,0,0.0,0.0,0.1,0.1,1,4,3,0.00,0.00,0.00,0.00,0.00,0.00,0.11,0.11,0.00,0.11
Jawad El Yamiq,DF,Morocco,30,Valladolid,1992,6,3,309,3.4,0,0,0,0,0,0,0,0,0.1,0.1,0.0,0.1,0,5,0,0.00,0.00,0.00,0.00,0.00,0.03,0.00,0.03,0.03,0.03
Taha Yassine Khenissi,FW,Tunisia,30,Kuwait SC,1992,2,0,29,0.3,0,0,0,0,0,0,1,0,0.0,0.0,0.1,0.2,0,0,0,0.00,0.00,0.00,0.00,0.00,0.06,0.45,0.51,0.06,0.51
DeAndre Yedlin,DF,United States,28,Inter Miami,1993,2,0,33,0.4,0,0,0,0,0,0,0,0,0.0,0.0,0.0,0.0,2,2,2,0.00,0.00,0.00,0.00,0.00,0.00,0.00,0.00,0.00,0.00
Maya Yoshida,DF,Japan,33,Schalke 04,1988,4,4,390,4.3,0,1,1,0,0,0,1,0,0.0,0.0,0.4,0.4,2,7,0,0.00,0.23,0.23,0.00,0.23,0.00,0.09,0.09,0.00,0.09
Kim Young-gwon,DF,Korea Republic,32,Ulsan Hyundai,1990,4,4,350,3.9,1,0,1,1,0,0,1,0,0.8,0.8,0.2,0.9,1,19,0,0.26,0.00,0.26,0.26,0.26,0.19,0.05,0.24,0.19,0.24
Cho Yumin,FW,Korea Republic,25,Daejeon Citizen FC,1996,1,0,1,0.0,0,0,0,0,0,0,0,0,0.0,0.0,0.0,0.0,0,0,0,0.00,0.00,0.00,0.00,0.00,0.00,0.00,0.00,0.00,0.00
Denis Zakaria,MF,Switzerland,25,Chelsea,1996,2,0,59,0.7,0,0,0,0,0,0,0,0,0.0,0.0,0.0,0.0,0,1,1,0.00,0.00,0.00,0.00,0.00,0.07,0.00,0.07,0.07,0.07
Nicola Zalewski,MF,Poland,20,Roma,2002,2,1,65,0.7,0,0,0,0,0,0,0,0,0.0,0.0,0.0,0.0,1,1,5,0.00,0.00,0.00,0.00,0.00,0.00,0.00,0.00,0.00,0.00
Andre-Frank Zambo Anguissa,MF,Cameroon,26,Napoli,1995,3,3,260,2.9,0,1,1,0,0,0,0,0,0.1,0.1,0.0,0.1,5,11,9,0.00,0.35,0.35,0.00,0.35,0.02,0.00,0.02,0.02,0.02
Álvaro Zamora,MF,Costa Rica,20,Saprissa,2002,1,0,30,0.3,0,0,0,0,0,0,0,0,0.0,0.0,0.0,0.0,0,1,1,0.00,0.00,0.00,0.00,0.00,0.00,0.00,0.00,0.00,0.00
Anass Zaroury,FW,Morocco,21,Burnley,2000,1,0,27,0.3,0,0,0,0,0,0,0,0,0.0,0.0,0.0,0.0,2,0,2,0.00,0.00,0.00,0.00,0.00,0.00,0.00,0.00,0.00,0.00
Piotr Zieliński,"MF,FW",Poland,28,Napoli,1994,4,4,328,3.6,1,0,1,1,0,0,0,0,0.6,0.6,0.4,1.0,9,20,4,0.27,0.00,0.27,0.27,0.27,0.16,0.11,0.26,0.16,0.26
Walker Zimmerman,DF,United States,29,Nashville SC,1993,4,3,279,3.1,0,0,0,0,0,0,0,0,0.1,0.1,0.0,0.1,0,6,0,0.00,0.00,0.00,0.00,0.00,0.02,0.00,0.02,0.02,0.02
Andrija Živković,DF,Serbia,25,PAOK,1996,3,3,210,2.3,0,2,2,0,0,0,0,0,0.1,0.1,1.1,1.2,10,9,13,0.00,0.86,0.86,0.00,0.86,0.03,0.48,0.50,0.03,0.50
Hakim Ziyech,FW,Morocco,29,Chelsea,1993,7,7,635,7.1,1,1,2,1,0,0,0,0,0.4,0.4,0.7,1.1,20,28,31,0.14,0.14,0.28,0.14,0.28,0.06,0.10,0.16,0.06,0.16
Filip Đuričić,"MF,FW",Serbia,30,Sampdoria,1992,2,0,14,0.2,0,0,0,0,0,0,0,0,0.0,0.0,0.0,0.0,0,0,2,0.00,0.00,0.00,0.00,0.00,0.00,0.23,0.23,0.00,0.23
