Player,Pos,Squad,Age,Born,MP,Min,Min/MP,Min%,90s,Starts,Min/Start,MatchesCompleted,Subs,Min/Sub,unusedSub,PointsPerMatch,onGoalScored,onGoalAgainst,+/-,+/-/90,On-Off,onPitchxG,onPitchxGA,xG+/-,xG+/-/90,xGOn-Off
Brenden Aaronson,FW,United States,23,2000,1,5,5,1.9,0.1,0,,0,1,5,2,3.00,0,0,0,0.00,0.00,0.9,0.0,+0.9,+15.75,+15.50
Luis Abram,DF,Peru,27,1996,1,7,7,2.6,0.1,0,,0,1,7,2,1.00,0,0,0,0.00,+1.03,0.0,0.1,-0.1,-1.21,-0.08
Carlos Acevedo,GK,Mexico,27,1996,0,,,,,0,,0,0,,3,,,,,,,,,,,
Marcos Acuña,DF,Argentina,32,1991,2,96,48,16.8,1.1,1,88,0,1,8,4,3.00,3,0,+3,+2.81,+1.86,3.7,1.1,+2.6,+2.43,+1.61
Tyler Adams,MF,United States,24,1999,3,180,60,66.7,2.0,3,60,1,0,,0,1.00,3,2,+1,+0.50,+1.50,1.1,2.0,-0.9,-0.43,-2.90
Luis Advíncula,DF,Peru,33,1990,1,34,34,12.6,0.4,1,34,0,0,,2,1.00,0,0,0,0.00,+1.14,0.0,0.8,-0.7,-1.93,-0.92
Alfredo Aguilar,GK,Paraguay,35,1988,0,,,,,0,,0,0,,3,,,,,,,,,,,
Brandon Aguilera,MF,Costa Rica,20,2003,3,177,59,65.6,2.0,2,77,0,1,23,0,1.33,0,3,-3,-1.53,-2.49,0.2,4.9,-4.8,-2.42,-2.03
Ali Ahmed,"FW,DF",Canada,23,2000,3,131,44,24.3,1.5,1,76,0,2,28,3,0.67,1,1,0,0.00,+0.66,2.6,1.1,+1.5,+1.00,+1.40
Josimar Alcocer,"FW,MF",Costa Rica,19,2004,2,92,46,34.1,1.0,1,67,0,1,25,1,1.50,2,1,+1,+0.98,+2.50,0.4,0.8,-0.4,-0.39,+2.01
Omar Alderete,DF,Paraguay,27,1996,3,270,90,100.0,3.0,3,90,3,0,,0,0.00,3,8,-5,-1.67,,2.8,4.9,-2.1,-0.69,
Carmelo Algarañaz,FW,Bolivia,28,1996,3,195,65,72.2,2.2,2,86,1,1,24,0,0.00,1,7,-6,-2.77,+0.83,0.8,5.1,-4.2,-1.96,-0.22
Alisson,GK,Brazil,31,1992,4,360,90,100.0,4.0,4,90,4,0,,0,1.50,5,2,+3,+0.75,,6.3,3.2,+3.2,+0.79,
Gustavo Almada,GK,Bolivia,29,1994,0,,,,,0,,0,0,,3,,,,,,,,,,,
Miguel Almirón,FW,Paraguay,29,1994,3,180,60,66.7,2.0,3,60,0,0,,0,0.00,1,8,-7,-3.50,-5.50,1.3,4.5,-3.1,-1.57,-2.64
Júnior Alonso,DF,Paraguay,30,1993,0,,,,,0,,0,0,,3,,,,,,,,,,,
Roberto Alvarado,FW,Mexico,25,1998,1,13,13,4.8,0.1,0,,0,1,13,2,3.00,0,0,0,0.00,0.00,0.0,0.1,0.0,-0.27,-1.21
Edson Álvarez,MF,Mexico,26,1997,1,29,29,10.7,0.3,1,29,0,0,,0,3.00,0,0,0,0.00,0.00,0.3,0.2,+0.1,+0.18,-0.78
Julián Álvarez,FW,Argentina,24,2000,5,346,69,60.7,3.8,4,80,0,1,26,1,2.60,3,1,+2,+0.52,-1.89,5.8,2.8,+3.0,+0.79,-0.76
Michael Amir Murillo,DF,Panama,27,1996,4,315,79,87.5,3.5,4,79,3,0,,0,1.50,4,9,-5,-1.43,-3.43,2.1,5.0,-2.9,-0.84,-1.68
Eduardo Anderson,MF,Panama,23,2001,0,,,,,0,,0,0,,4,,,,,,,,,,,
Iván Anderson,DF,Panama,26,1997,0,,,,,0,,0,0,,4,,,,,,,,,,,
Karoy Anderson,MF,Jamaica,19,2004,2,31,16,11.5,0.3,0,,0,2,16,1,0.00,0,2,-2,-5.81,-4.30,0.1,1.1,-1.0,-2.90,-1.94
Kervin Andrade,MF,Venezuela,18,2005,1,17,17,4.7,0.2,0,,0,1,17,3,3.00,1,0,+1,+5.29,+4.24,0.6,0.1,+0.5,+2.69,+2.88
José Andrés Martínez,MF,Venezuela,29,1994,4,359,90,99.7,4.0,4,90,3,0,,0,2.50,7,2,+5,+1.25,+1.25,5.6,5.8,-0.2,-0.05,-0.05
Wilker Ángel,DF,Venezuela,30,1993,3,100,33,27.8,1.1,1,90,1,2,5,1,2.33,3,0,+3,+2.70,+2.01,2.0,2.0,0.0,0.00,+0.06
Michail Antonio,FW,Jamaica,33,1990,3,235,78,87.0,2.6,3,78,1,0,,0,0.00,1,6,-5,-1.91,+0.66,1.6,4.7,-3.0,-1.16,+0.12
Uriel Antuna,"FW,MF",Mexico,26,1997,3,173,58,64.1,1.9,2,75,0,1,24,0,1.33,1,1,0,0.00,0.00,2.4,1.7,+0.7,+0.35,-1.47
Jon Aramburu,DF,Venezuela,21,2002,3,260,87,72.2,2.9,3,87,2,0,,1,2.33,4,1,+3,+1.04,-0.76,3.4,4.9,-1.5,-0.53,-1.74
Guilherme Arana,DF,Brazil,26,1997,2,180,90,50.0,2.0,2,90,2,0,,2,1.00,0,0,0,0.00,-1.50,2.3,0.9,+1.4,+0.68,-0.22
Maximiliano Araújo,"FW,DF",Uruguay,23,2000,6,446,74,82.6,5.0,6,74,4,0,,0,1.83,9,3,+6,+1.21,+0.25,6.5,4.0,+2.4,+0.49,-1.39
Miguel Araujo,DF,Peru,29,1994,2,148,74,54.8,1.6,2,74,1,0,,0,0.50,0,0,0,0.00,+2.21,1.3,1.2,0.0,+0.02,+2.55
Ronald Araújo,DF,Uruguay,24,1999,4,257,64,47.6,2.9,4,64,2,0,,2,2.50,7,0,+7,+2.45,+2.45,5.6,0.7,+4.9,+1.70,+1.84
Alex Arce,FW,Paraguay,28,1995,2,150,75,55.6,1.7,2,75,0,0,,0,0.00,2,6,-4,-2.40,-1.65,1.6,4.3,-2.7,-1.63,-2.11
Gabriel Arias,GK,Chile,36,1987,1,90,90,33.3,1.0,1,90,1,0,,2,1.00,0,0,0,0.00,+0.50,0.5,1.1,-0.6,-0.56,+0.61
Jhon Arias,MF,Colombia,26,1997,6,483,81,84.7,5.4,6,81,2,0,,0,2.17,10,2,+8,+1.49,+0.46,7.7,2.4,+5.2,+0.97,+0.29
Santiago Arias,DF,Colombia,32,1992,3,183,61,32.1,2.0,1,120,1,2,32,3,2.00,1,1,0,0.00,-2.09,2.5,1.8,+0.7,+0.41,-0.71
Franco Armani,GK,Argentina,37,1986,0,,,,,0,,0,0,,6,,,,,,,,,,,
Gerardo Arteaga,DF,Mexico,25,1998,3,269,90,99.6,3.0,3,90,2,0,,0,1.33,1,1,0,0.00,0.00,4.6,2.1,+2.5,+0.85,-8.68
Yaser Asprilla,FW,Colombia,20,2003,1,19,19,3.3,0.2,0,,0,1,19,5,3.00,0,0,0,0.00,-1.47,0.3,0.0,+0.2,+1.06,+0.13
Abdiel Ayarza,MF,Panama,31,1992,4,63,16,17.5,0.7,0,,0,4,16,0,1.50,4,3,+1,+1.43,+2.94,0.9,1.9,-1.1,-1.53,-1.09
Theo Bair,FW,Canada,24,1999,1,14,14,2.6,0.2,0,,0,1,14,5,1.00,1,1,0,0.00,+0.51,0.1,0.9,-0.8,-5.17,-5.25
Fabián Balbuena,DF,Paraguay,32,1991,3,270,90,100.0,3.0,3,90,3,0,,0,0.00,3,8,-5,-1.67,,2.8,4.9,-2.1,-0.69,
Folarin Balogun,FW,United States,22,2001,3,175,58,64.8,1.9,3,58,0,0,,0,1.00,3,1,+2,+1.03,+2.92,0.9,1.0,0.0,-0.01,-1.56
Adam Bareiro,FW,Paraguay,27,1996,3,75,25,27.8,0.8,1,45,0,2,15,0,0.00,0,2,-2,-2.40,-1.02,0.2,0.6,-0.4,-0.49,+0.28
Jon Bell,DF,Jamaica,26,1997,1,90,90,33.3,1.0,1,90,1,0,,2,0.00,0,3,-3,-3.00,-1.50,0.5,2.0,-1.4,-1.43,-0.38
Eduard Bello,"FW,MF",Venezuela,28,1995,4,288,72,80.0,3.2,3,81,1,1,45,0,2.50,7,1,+6,+1.87,+3.12,4.5,3.5,+1.0,+0.31,+1.80
Rodrigo Bentancur,MF,Uruguay,26,1997,6,170,28,31.5,1.9,2,62,1,4,12,0,1.83,5,3,+2,+1.06,-0.16,2.6,2.6,+0.1,+0.03,-1.03
Bento,GK,Brazil,24,1999,0,,,,,0,,0,0,,4,,,,,,,,,,,
Lucas Beraldo,DF,Brazil,20,2003,0,,,,,0,,0,0,,4,,,,,,,,,,,
Di'Shon Bernard,DF,Jamaica,23,2000,2,112,56,41.5,1.2,2,56,0,0,,1,0.00,0,2,-2,-1.61,+0.67,0.5,2.5,-2.0,-1.59,-0.71
César Blackman,"MF,DF",Panama,25,1998,3,194,65,53.9,2.2,3,65,1,0,,1,2.00,4,5,-1,-0.46,+1.16,1.9,2.3,-0.4,-0.18,+0.98
Damián Bobadilla,"MF,FW",Paraguay,22,2001,3,197,66,73.0,2.2,2,83,0,1,32,0,0.00,3,6,-3,-1.37,+1.10,1.8,4.6,-2.8,-1.27,-2.13
Marcos Bolados,"FW,MF",Chile,27,1996,3,96,32,35.6,1.1,0,,0,3,32,0,0.67,0,1,-1,-0.94,-0.94,0.6,2.0,-1.3,-1.25,-0.44
Moïse Bombito,DF,Canada,23,2000,6,540,90,100.0,6.0,6,90,6,0,,0,1.00,4,7,-3,-0.50,,8.3,8.7,-0.4,-0.06,
Miguel Borja,FW,Colombia,31,1993,2,28,14,4.9,0.3,0,,0,2,14,4,1.50,1,1,0,0.00,-1.49,1.0,0.5,+0.5,+3.47,+2.60
Rafael Borré,FW,Colombia,28,1995,4,128,32,22.5,1.4,1,67,0,3,20,2,1.75,2,1,+1,+0.70,-0.93,1.1,1.2,0.0,-0.03,-1.16
Coniah Boyce-Clarke,GK,Jamaica,20,2003,0,,,,,0,,0,0,,3,,,,,,,,,,,
Alejandro Bran,MF,Costa Rica,22,2001,2,40,20,14.8,0.4,0,,0,2,20,1,2.00,0,0,0,0.00,+0.78,0.0,1.0,-1.0,-2.22,-0.59
Claudio Bravo,GK,Chile,40,1983,2,180,90,66.7,2.0,2,90,2,0,,0,0.50,0,1,-1,-0.50,-0.50,1.1,3.5,-2.3,-1.17,-0.61
Gleison Bremer,DF,Brazil,26,1997,0,,,,,0,,0,0,,4,,,,,,,,,,,
Jefferson Brenes,MF,Costa Rica,26,1997,3,165,55,61.1,1.8,2,70,0,1,25,0,1.33,2,1,+1,+0.55,+3.12,0.4,2.1,-1.7,-0.91,+2.08
Ben Brereton,FW,Chile,24,1999,3,44,15,16.3,0.5,0,,0,3,15,0,0.67,0,1,-1,-2.05,-2.05,0.2,1.7,-1.6,-3.18,-2.65
Tajon Buchanan,"MF,FW",Canada,24,1999,3,98,33,18.1,1.1,1,58,0,2,20,0,1.33,1,1,0,0.00,+0.61,2.7,1.1,+1.5,+1.39,+1.78
Hernesto Caballero,MF,Paraguay,32,1991,3,110,37,40.7,1.2,1,58,0,2,26,0,0.00,1,2,-1,-0.82,+1.43,1.5,0.3,+1.2,+0.96,+2.78
Carlos Cáceda,GK,Peru,32,1991,0,,,,,0,,0,0,,3,,,,,,,,,,,
Sebastián Cáceres,DF,Uruguay,24,1999,5,258,52,47.8,2.9,2,90,2,3,26,1,1.60,4,4,0,0.00,-2.23,3.1,3.5,-0.5,-0.16,-1.71
Jhonder Cádiz,FW,Venezuela,28,1995,3,85,28,23.6,0.9,0,,0,3,28,1,2.33,3,0,+3,+3.18,+2.52,0.9,2.2,-1.3,-1.40,-1.77
Jordy Caicedo,"FW,MF",Ecuador,26,1997,3,19,6,5.3,0.2,0,,0,3,6,1,1.33,2,0,+2,+9.47,+9.74,1.0,0.1,+0.9,+4.47,+4.41
Moisés Caicedo,MF,Ecuador,22,2001,4,360,90,100.0,4.0,4,90,4,0,,0,1.25,5,4,+1,+0.25,,5.4,4.2,+1.2,+0.29,
Alexander Callens,DF,Peru,31,1992,3,263,88,97.4,2.9,3,88,2,0,,0,0.33,0,3,-3,-1.03,-1.03,1.7,5.0,-3.3,-1.13,+0.08
Francisco Calvo,DF,Costa Rica,31,1992,3,270,90,100.0,3.0,3,90,3,0,,0,1.33,2,4,-2,-0.67,,0.6,5.7,-5.1,-1.72,
Joel Campbell,"MF,FW",Costa Rica,31,1992,3,133,44,49.3,1.5,1,67,0,2,33,0,1.33,2,3,-1,-0.68,-0.02,0.5,1.7,-1.2,-0.82,+1.76
Agustín Canobbio,MF,Uruguay,25,1998,1,1,1,0.2,0.0,0,,0,1,1,5,0.00,0,0,0,0.00,-1.17,0.2,0.4,-0.2,-18.65,-19.42
Valentin Carboni,FW,Argentina,18,2005,1,14,14,2.5,0.2,0,,0,1,14,5,3.00,1,0,+1,+6.43,+5.30,0.5,0.1,+0.4,+2.68,+1.63
Johnny Cardoso,MF,United States,22,2001,2,70,35,25.9,0.8,0,,0,2,35,1,1.50,0,1,-1,-1.29,-1.74,2.7,0.4,+2.3,+2.97,+3.28
Roberto Carlos Fernández,"FW,MF",Bolivia,24,1999,2,119,60,44.1,1.3,2,60,0,0,,1,0.00,0,4,-4,-3.03,-0.05,0.2,3.3,-3.1,-2.34,-0.80
Jorge Carrascal,"MF,FW",Colombia,25,1998,3,51,17,8.9,0.6,0,,0,3,17,3,1.33,2,1,+1,+1.76,+0.38,1.5,0.6,+0.9,+2.28,+1.44
Adalberto Carrasquilla,MF,Panama,25,1998,2,175,88,48.6,1.9,2,88,0,0,,0,1.50,2,3,-1,-0.51,+0.95,1.2,2.3,-1.1,-0.56,+0.14
André Carrillo,MF,Peru,32,1991,1,12,12,4.4,0.1,0,,0,1,12,2,0.00,0,0,0,0.00,+1.05,0.3,0.8,-0.5,-3.96,-2.96
Wilder Cartagena,MF,Peru,29,1994,3,225,75,83.3,2.5,3,75,2,0,,0,0.33,0,1,-1,-0.40,+3.60,1.6,3.1,-1.6,-0.62,+3.05
Cameron Carter-Vickers,DF,United States,26,1997,1,45,45,16.7,0.5,0,,0,1,45,2,0.00,0,1,-1,-2.00,-2.40,0.9,0.4,+0.6,+1.16,+0.75
Julio Cascante,DF,Costa Rica,30,1993,1,3,3,1.1,0.0,0,,0,1,3,2,3.00,0,0,0,0.00,+0.67,0.0,0.5,-0.5,-14.29,-12.71
Cristian Cásseres Jr.,MF,Venezuela,24,2000,3,149,50,41.4,1.7,2,52,0,1,45,1,2.33,1,2,-1,-0.60,-3.16,2.6,3.2,-0.6,-0.36,-0.54
Kevin Castaño,MF,Colombia,23,2000,4,81,20,14.2,0.9,0,,0,4,20,2,2.25,0,1,-1,-1.11,-2.95,1.2,1.2,0.0,+0.07,-0.95
Jesús Castillo,MF,Peru,22,2001,1,45,45,16.7,0.5,0,,0,1,45,2,0.00,0,2,-2,-4.00,-3.60,0.1,2.0,-1.8,-3.68,-3.05
Matías Catalán,DF,Chile,31,1992,0,,,,,0,,0,0,,3,,,,,,,,,,,
Renaldo Cephas,"MF,DF",Jamaica,24,1999,3,59,20,21.9,0.7,1,45,0,2,7,0,0.00,0,1,-1,-1.53,+0.61,0.5,0.8,-0.3,-0.42,+0.97
Boris Cespedes,MF,Bolivia,28,1995,2,152,76,56.3,1.7,2,76,1,0,,1,0.00,0,6,-6,-3.55,-1.26,0.2,3.5,-3.2,-1.91,-0.04
Kevin Chamorro,GK,Costa Rica,23,2000,0,,,,,0,,0,0,,3,,,,,,,,,,,
Jhon Chancellor,DF,Venezuela,32,1992,0,,,,,0,,0,0,,4,,,,,,,,,,,
Lucas Chávez,"FW,MF",Bolivia,20,2003,2,33,17,12.2,0.4,0,,0,2,17,1,0.00,0,4,-4,-10.91,-9.01,0.0,1.1,-1.1,-2.99,-1.25
Luis Chávez,MF,Mexico,28,1996,3,257,86,95.2,2.9,3,86,2,0,,0,1.33,1,1,0,0.00,0.00,4.7,2.0,+2.7,+0.94,+1.21
Mathieu Choiniere,MF,Canada,24,1999,2,109,55,20.2,1.2,1,90,1,1,19,4,0.50,2,2,0,0.00,+0.63,2.2,1.6,+0.6,+0.51,+0.72
José Cifuentes,MF,Ecuador,24,1999,0,,,,,0,,0,0,,4,,,,,,,,,,,
Anthony Contreras,FW,Costa Rica,24,2000,1,13,13,4.8,0.1,0,,0,1,13,2,3.00,0,0,0,0.00,+0.70,0.0,0.6,-0.6,-4.00,-2.40
José Contreras Verna,GK,Venezuela,29,1994,0,,,,,0,,0,0,,4,,,,,,,,,,,
Jhon Córdoba,FW,Colombia,30,1993,6,414,69,72.6,4.6,5,78,0,1,23,0,2.17,9,2,+7,+1.52,+0.37,6.9,1.9,+5.0,+1.10,+0.60
José Cordoba,DF,Panama,22,2001,4,360,90,100.0,4.0,4,90,4,0,,0,1.50,6,10,-4,-1.00,,3.1,5.6,-2.5,-0.63,
Derek Cornelius,DF,Canada,26,1997,6,429,72,79.4,4.8,5,81,4,1,24,0,1.00,2,6,-4,-0.84,-1.65,5.1,8.0,-2.9,-0.62,-2.71
Carlos Coronel,GK,Paraguay,27,1996,0,,,,,0,,0,0,,3,,,,,,,,,,,
Janner Corozo,FW,Ecuador,28,1995,1,1,1,0.3,0.0,0,,0,1,1,3,3.00,0,0,0,0.00,-0.25,0.0,0.0,0.0,0.00,-0.29
Brayan Cortés,GK,Chile,28,1995,0,,,,,0,,0,0,,3,,,,,,,,,,,
Jordi Cortizo,FW,Mexico,27,1996,1,5,5,1.9,0.1,0,,0,1,5,2,1.00,0,0,0,0.00,0.00,0.1,0.0,+0.1,+1.91,+1.04
Aldo Corzo,DF,Peru,34,1989,1,90,90,33.3,1.0,1,90,1,0,,2,0.00,0,2,-2,-2.00,-1.50,0.1,2.3,-2.2,-2.16,-1.53
Yan Couto,"DF,MF",Brazil,21,2002,0,,,,,0,,0,0,,4,,,,,,,,,,,
Maxime Crépeau,GK,Canada,29,1994,5,450,90,83.3,5.0,5,90,5,0,,1,1.00,2,5,-3,-0.60,-0.60,6.5,7.2,-0.7,-0.14,-0.47
Aarón Cruz,GK,Costa Rica,32,1991,0,,,,,0,,0,0,,3,,,,,,,,,,,
Andrés Cubas,MF,Paraguay,27,1996,2,170,85,63.0,1.9,2,85,1,0,,0,0.00,2,6,-4,-2.12,-1.22,1.6,4.5,-2.8,-1.51,-2.20
Héctor Cuellar,DF,Bolivia,23,2000,3,225,75,83.3,2.5,2,90,2,1,45,0,0.00,1,8,-7,-2.80,+1.20,0.9,6.1,-5.3,-2.10,-1.22
Jaume Cuéllar,FW,Bolivia,22,2001,1,17,17,6.3,0.2,0,,0,1,17,2,0.00,0,3,-3,-15.88,-13.75,0.0,0.8,-0.8,-4.07,-2.32
Carlos Cuesta,DF,Colombia,24,1999,5,480,96,84.2,5.3,5,96,5,0,,1,2.00,10,2,+8,+1.50,+0.50,8.7,2.7,+6.0,+1.20,+1.27
Christian Cueva,"MF,FW",Peru,32,1991,2,26,13,9.6,0.3,0,,0,2,13,1,0.00,0,1,-1,-3.46,-2.72,0.4,1.3,-0.9,-3.27,-2.37
Danilo,DF,Brazil,32,1991,4,360,90,100.0,4.0,4,90,4,0,,0,1.50,5,2,+3,+0.75,,6.3,3.2,+3.2,+0.79,
Jonathan David,"MF,FW",Canada,24,2000,6,446,74,82.6,5.0,5,84,3,1,24,0,1.00,3,6,-3,-0.61,-0.61,6.4,8.3,-2.0,-0.39,-1.91
Álvaro David Montero,GK,Colombia,28,1995,0,,,,,0,,0,0,,6,,,,,,,,,,,
Alphonso Davies,DF,Canada,23,2000,6,459,77,85.0,5.1,5,86,4,1,29,0,1.00,3,6,-3,-0.59,-0.59,6.4,8.3,-1.9,-0.37,-2.08
Víctor Dávila,FW,Chile,26,1997,3,230,77,85.2,2.6,3,77,1,0,,0,0.67,0,1,-1,-0.39,-0.39,1.5,3.7,-2.3,-0.88,+0.55
Erick Davis,DF,Panama,32,1991,4,352,88,97.8,3.9,4,88,3,0,,0,1.50,6,9,-3,-0.77,+10.48,3.0,4.8,-1.8,-0.46,+7.50
Shaquan Davis,GK,Jamaica,23,2000,0,,,,,0,,0,0,,3,,,,,,,,,,,
Giorgian De Arrascaeta,"MF,FW",Uruguay,29,1994,5,164,33,30.4,1.8,1,59,0,4,26,1,1.60,3,1,+2,+1.10,-0.10,3.3,1.7,+1.6,+0.85,+0.17
Luc De Fougerolles,DF,Canada,18,2005,1,66,66,12.2,0.7,1,66,0,0,,5,1.00,1,1,0,0.00,+0.57,1.7,0.4,+1.3,+1.79,+2.11
Nicolás De La Cruz,MF,Uruguay,26,1997,5,352,70,65.2,3.9,4,80,0,1,31,0,2.00,7,2,+5,+1.28,+0.32,5.7,1.7,+4.0,+1.03,+0.84
Rodrigo De Paul,MF,Argentina,29,1994,5,480,96,84.2,5.3,5,96,5,0,,1,2.60,7,1,+6,+1.13,-0.87,9.6,4.8,+4.8,+0.95,-0.66
Ángel Di María,"MF,FW",Argentina,35,1988,5,354,71,62.1,3.9,4,84,0,1,18,1,3.00,6,0,+6,+1.53,+0.69,7.2,2.6,+4.6,+1.16,+0.19
Ismael Díaz,MF,Panama,26,1997,1,6,6,1.7,0.1,0,,0,1,6,3,0.00,0,1,-1,-15.00,-14.24,0.0,0.8,-0.8,-11.83,-11.39
Luis Díaz,FW,Colombia,27,1997,6,507,85,88.9,5.6,6,85,1,0,,0,2.17,10,2,+8,+1.42,-0.01,7.8,2.7,+5.1,+0.91,-0.23
Paulo Díaz,DF,Chile,29,1994,2,180,90,66.7,2.0,2,90,2,0,,1,0.50,0,1,-1,-0.50,-0.50,1.1,3.5,-2.3,-1.17,-0.61
Kaheim Dixon,"MF,FW",Jamaica,19,2004,3,64,21,23.7,0.7,0,,0,3,21,0,0.00,0,4,-4,-5.63,-4.75,0.2,2.1,-1.9,-2.72,-2.02
Alexander Domínguez,GK,Ecuador,36,1987,4,360,90,100.0,4.0,4,90,4,0,,0,1.25,5,4,+1,+0.25,,5.4,4.2,+1.2,+0.29,
Jhon Durán,FW,Colombia,20,2003,1,14,14,2.5,0.2,0,,0,1,14,5,3.00,0,0,0,0.00,-1.46,0.0,0.0,0.0,-0.09,-1.04
Rodrigo Echeverría,MF,Chile,28,1995,3,177,59,65.6,2.0,2,86,1,1,6,0,0.67,0,1,-1,-0.51,-0.51,0.7,3.5,-2.8,-1.40,-1.26
Éderson,MF,Brazil,24,1999,1,18,18,5.0,0.2,0,,0,1,18,3,1.00,0,0,0,0.00,-0.79,0.1,0.5,-0.4,-2.17,-3.11
Jorge Eduardo Sánchez,DF,Mexico,26,1997,3,270,90,100.0,3.0,3,90,3,0,,0,1.33,1,1,0,0.00,,4.7,2.1,+2.6,+0.88,
Julio Enciso,"FW,MF",Paraguay,20,2004,3,251,84,93.0,2.8,3,84,1,0,,0,0.00,3,8,-5,-1.79,-1.79,2.8,4.7,-2.0,-0.70,-0.17
Endrick,FW,Brazil,17,2006,4,127,32,35.3,1.4,1,90,1,3,12,0,1.50,0,0,0,0.00,-1.16,1.1,0.9,+0.2,+0.11,-1.05
Matías Espinoza,DF,Paraguay,26,1997,2,162,81,60.0,1.8,2,81,1,0,,0,0.00,2,6,-4,-2.22,-1.39,1.6,4.4,-2.8,-1.54,-2.12
Stephen Eustáquio,MF,Canada,27,1996,5,431,86,79.8,4.8,5,86,4,0,,1,1.00,2,5,-3,-0.63,-0.63,6.2,7.2,-1.0,-0.21,-0.72
Evanilson,MF,Brazil,24,1999,1,4,4,1.1,0.0,0,,0,1,4,3,1.00,0,0,0,0.00,-0.76,0.0,0.0,0.0,-0.88,-1.69
Fernán Faerrón,DF,Costa Rica,23,2000,0,,,,,0,,0,0,,3,,,,,,,,,,,
José Fajardo,"FW,MF",Panama,30,1993,4,295,74,81.9,3.3,3,83,0,1,45,0,1.50,3,6,-3,-0.92,+0.47,2.4,4.4,-1.9,-0.58,+0.25
Edgardo Fariña,DF,Panama,22,2001,4,360,90,100.0,4.0,4,90,4,0,,0,1.50,6,10,-4,-1.00,,3.1,5.6,-2.5,-0.63,
Enzo Fernández,MF,Argentina,23,2001,5,351,70,61.6,3.9,4,82,1,1,25,1,2.60,4,0,+4,+1.03,-0.62,6.5,3.0,+3.5,+0.91,-0.48
Nicolás Fernández,DF,Chile,24,1999,1,4,4,1.5,0.0,0,,0,1,4,2,0.00,0,1,-1,-22.50,-22.50,0.0,0.9,-0.9,-20.64,-19.97
Nahuel Ferraresi,DF,Venezuela,25,1998,3,270,90,75.0,3.0,3,90,3,0,,1,2.33,4,2,+2,+0.67,-2.33,3.7,5.3,-1.6,-0.54,-1.98
Edison Flores,"FW,MF",Peru,29,1994,3,186,62,68.9,2.1,3,62,0,0,,0,0.33,0,1,-1,-0.48,+1.66,0.8,2.0,-1.2,-0.60,+1.72
Marcelo Flores,MF,Mexico,20,2003,0,,,,,0,,0,0,,3,,,,,,,,,,,
Alan Franco,MF,Ecuador,25,1998,4,344,86,95.6,3.8,4,86,2,0,,0,1.25,4,4,0,0.00,-5.63,4.8,4.2,+0.7,+0.18,-2.63
Thomas Galdames,DF,Chile,25,1998,1,61,61,22.6,0.7,0,,0,1,61,2,1.00,0,0,0,0.00,+0.43,0.4,0.9,-0.5,-0.71,+0.33
Hernán Galíndez,GK,Ecuador,36,1987,0,,,,,0,,0,0,,4,,,,,,,,,,,
Pedro Gallese,GK,Peru,33,1990,3,270,90,100.0,3.0,3,90,3,0,,0,0.33,0,3,-3,-1.00,,1.7,5.1,-3.4,-1.13,
Orlando Galo,MF,Costa Rica,23,2000,3,270,90,100.0,3.0,3,90,3,0,,0,1.33,2,4,-2,-0.67,,0.6,5.7,-5.1,-1.72,
Brian García,DF,Mexico,26,1997,0,,,,,0,,0,0,,3,,,,,,,,,,,
Alejandro Garnacho,FW,Argentina,19,2004,1,65,65,11.4,0.7,1,65,0,0,,5,3.00,1,0,+1,+1.38,+0.14,0.9,0.0,+0.9,+1.24,+0.17
Néstor Giménez,DF,Paraguay,26,1997,2,108,54,40.0,1.2,1,90,1,1,18,1,0.00,1,2,-1,-0.83,+1.39,1.2,0.5,+0.7,+0.58,+2.12
Santiago Giménez,FW,Mexico,22,2001,3,217,72,80.4,2.4,3,72,1,0,,0,1.33,0,1,-1,-0.41,-2.11,3.1,1.9,+1.2,+0.49,-2.02
João Gomes,MF,Brazil,22,2001,4,324,81,90.0,3.6,4,81,1,0,,0,1.50,5,2,+3,+0.83,+0.83,6.1,2.7,+3.4,+0.95,+1.62
Gustavo Gómez,DF,Paraguay,30,1993,0,,,,,0,,0,0,,3,,,,,,,,,,,
Freddy Góndola,MF,Panama,28,1995,3,45,15,12.5,0.5,0,,0,3,15,1,2.00,3,2,+1,+2.00,+3.43,0.5,1.2,-0.7,-1.34,-0.81
Alexander González,DF,Venezuela,31,1992,2,180,90,50.0,2.0,2,90,2,0,,2,3.00,5,1,+4,+2.00,+1.50,3.6,1.4,+2.2,+1.10,+2.29
Bryan González,DF,Mexico,20,2003,0,,,,,0,,0,0,,3,,,,,,,,,,,
Derlis González,MF,Paraguay,29,1994,1,8,8,3.0,0.1,0,,0,1,8,2,0.00,0,0,0,0.00,+1.72,0.6,0.0,+0.6,+6.51,+7.42
Nicolás González,"MF,FW",Argentina,25,1998,5,255,51,44.7,2.8,2,81,1,3,31,1,2.60,3,1,+2,+0.71,-1.01,4.4,2.5,+1.9,+0.75,-0.56
Joel Graterol,GK,Venezuela,26,1997,0,,,,,0,,0,0,,4,,,,,,,,,,,
Demarai Gray,"MF,FW",Jamaica,27,1996,3,198,66,73.3,2.2,2,77,0,1,45,0,0.00,1,4,-3,-1.36,+2.39,1.6,3.5,-1.9,-0.86,+1.23
Joao Grimaldo,MF,Peru,20,2003,1,20,20,7.4,0.2,0,,0,1,20,2,1.00,0,0,0,0.00,+1.08,0.5,0.1,+0.4,+1.65,+3.01
Carlos Gruezo,"MF,FW",Ecuador,28,1995,4,124,31,34.4,1.4,1,78,0,3,15,0,1.25,1,3,-2,-1.45,-2.60,2.1,1.6,+0.5,+0.38,+0.13
Eduardo Guerrero,FW,Panama,23,2000,4,114,29,31.7,1.3,1,45,0,3,23,0,1.50,4,5,-1,-0.79,+0.31,1.0,1.4,-0.4,-0.32,+0.45
Maximiliano Guerrero,FW,Chile,24,2000,0,,,,,0,,0,0,,3,,,,,,,,,,,
Paolo Guerrero,FW,Peru,40,1984,3,96,32,35.6,1.1,1,55,0,2,21,0,0.33,0,2,-2,-1.87,-1.36,0.8,2.1,-1.3,-1.26,-0.20
Bruno Guimarães,MF,Brazil,26,1997,4,332,83,92.2,3.7,4,83,1,0,,0,1.50,5,2,+3,+0.81,+0.81,6.2,3.1,+3.1,+0.84,+0.63
Luis Haquín,DF,Bolivia,26,1997,3,270,90,100.0,3.0,3,90,3,0,,0,0.00,1,10,-9,-3.00,,1.0,6.6,-5.7,-1.90,
Wes Harding,DF,Jamaica,27,1996,1,66,66,24.4,0.7,1,66,0,0,,2,0.00,0,2,-2,-2.73,-0.96,0.4,1.3,-0.9,-1.20,-0.03
Carlos Harvey,DF,Panama,23,2000,2,118,59,32.8,1.3,1,73,0,1,45,2,1.50,1,3,-2,-1.53,-0.78,1.2,1.3,-0.2,-0.13,+0.75
Michael Hector,DF,Jamaica,31,1992,3,158,53,58.5,1.8,1,90,1,2,34,0,0.00,1,5,-4,-2.28,-0.67,1.3,2.8,-1.6,-0.89,+0.71
Yangel Herrera,MF,Venezuela,26,1998,4,326,82,90.6,3.6,4,82,1,0,,0,2.50,6,2,+4,+1.10,-1.54,4.9,5.1,-0.2,-0.06,-0.15
Kyle Hiebert,DF,Canada,26,1997,0,,,,,0,,0,0,,6,,,,,,,,,,,
Piero Hincapié,DF,Ecuador,22,2002,4,360,90,100.0,4.0,4,90,4,0,,0,1.25,5,4,+1,+0.25,,5.4,4.2,+1.2,+0.29,
Ethan Horvath,GK,United States,28,1995,1,45,45,16.7,0.5,0,,0,1,45,2,0.00,0,1,-1,-2.00,-2.40,0.9,0.4,+0.6,+1.16,+0.75
César Huerta,"FW,MF",Mexico,23,2000,2,84,42,31.1,0.9,1,66,0,1,18,1,0.50,0,0,0,0.00,0.00,2.3,0.3,+2.0,+2.15,+1.84
José Hurtado,DF,Ecuador,22,2001,1,1,1,0.3,0.0,0,,0,1,1,3,1.00,0,0,0,0.00,-0.25,0.0,0.1,-0.1,-9.53,-9.85
Mauricio Isla,DF,Chile,35,1988,3,266,89,98.5,3.0,3,89,2,0,,0,0.67,0,0,0,0.00,+22.50,1.6,3.6,-2.0,-0.67,+19.97
Franco Israel,GK,Uruguay,23,2000,0,,,,,0,,0,0,,6,,,,,,,,,,,
Julio Joao Ortíz,MF,Ecuador,27,1996,0,,,,,0,,0,0,,4,,,,,,,,,,,
Sean Johnson,GK,United States,34,1989,0,,,,,0,,0,0,,3,,,,,,,,,,,
Alistair Johnston,DF,Canada,25,1998,6,511,85,94.6,5.7,6,85,5,0,,0,1.00,3,6,-3,-0.53,-0.53,8.1,7.5,+0.6,+0.10,+2.94
Julio José González,GK,Mexico,32,1991,3,270,90,100.0,3.0,3,90,3,0,,0,1.33,1,1,0,0.00,,4.7,2.1,+2.6,+0.88,
Vinicius Júnior,FW,Brazil,23,2000,3,250,83,69.4,2.8,3,83,2,0,,0,1.67,5,2,+3,+1.08,+1.08,5.3,2.3,+3.0,+1.09,+0.99
Adrian Jusino,DF,Bolivia,31,1992,0,,,,,0,,0,0,,3,,,,,,,,,,,
Leonel Justiniano,MF,Bolivia,31,1992,2,73,37,27.0,0.8,1,45,0,1,28,1,0.00,1,4,-3,-3.70,-0.96,0.6,1.2,-0.6,-0.71,+1.63
Kaku,"FW,MF",Paraguay,29,1995,2,35,18,13.0,0.4,0,,0,2,18,1,0.00,0,0,0,0.00,+1.91,0.6,0.1,+0.5,+1.35,+2.35
Richard King,DF,Jamaica,22,2001,1,4,4,1.5,0.0,0,,0,1,4,2,0.00,0,0,0,0.00,+2.03,0.0,0.0,0.0,-0.52,+0.67
Ismaël Koné,MF,Canada,21,2002,5,319,64,59.1,3.5,4,77,2,1,10,1,1.00,2,5,-3,-0.85,-0.85,4.2,6.2,-2.0,-0.58,-1.26
Benjamín Kuscevic,DF,Chile,27,1996,0,,,,,0,,0,0,,3,,,,,,,,,,,
Luca de la Torre,MF,United States,25,1998,1,13,13,4.8,0.1,0,,0,1,13,2,3.00,0,0,0,0.00,0.00,1.1,0.0,+1.1,+7.38,+7.19
Matías Lacava,MF,Venezuela,21,2002,1,7,7,1.9,0.1,0,,0,1,7,3,1.00,0,0,0,0.00,-1.27,0.0,0.1,-0.1,-1.85,-1.84
Kevon Lambert,"DF,MF",Jamaica,26,1997,0,,,,,0,,0,0,,3,,,,,,,,,,,
Carlos Lampe,GK,Bolivia,36,1987,0,,,,,0,,0,0,,3,,,,,,,,,,,
Gianluca Lapadula,FW,Peru,33,1990,3,194,65,71.9,2.2,2,80,1,1,35,0,0.33,0,1,-1,-0.46,+1.90,1.4,3.1,-1.7,-0.78,+1.25
Cyle Larin,FW,Canada,28,1995,5,396,79,73.3,4.4,5,79,1,0,,1,1.00,2,4,-2,-0.45,+0.17,4.9,5.3,-0.4,-0.08,-0.09
Richie Laryea,"DF,FW",Canada,29,1995,6,366,61,67.8,4.1,5,71,1,1,11,0,1.00,3,6,-3,-0.74,-0.74,4.5,6.5,-2.0,-0.49,-1.34
Ariel Lassiter,DF,Costa Rica,29,1994,2,134,67,49.6,1.5,2,67,0,0,,1,0.50,0,1,-1,-0.67,-0.01,0.1,3.9,-3.8,-2.55,-1.65
Joël Latibeaudière,"DF,MF",Jamaica,24,2000,3,259,86,95.9,2.9,3,86,1,0,,0,0.00,1,6,-5,-1.74,+6.44,1.8,4.8,-3.1,-1.07,+2.76
Greg Leigh,DF,Jamaica,29,1994,2,180,90,66.7,2.0,2,90,2,0,,0,0.00,1,4,-3,-1.50,+1.50,1.3,3.4,-2.1,-1.05,+0.38
Dexter Lembikisa,DF,Jamaica,20,2003,2,177,89,65.6,2.0,2,89,1,0,,1,0.00,1,3,-2,-1.02,+2.85,1.3,2.9,-1.7,-0.84,+0.97
Kahiser Lenis,MF,Panama,23,2000,2,47,24,13.1,0.5,0,,0,2,24,2,1.50,3,2,+1,+1.91,+3.35,1.0,0.6,+0.4,+0.86,+1.71
Jefferson Lerma,MF,Colombia,29,1994,5,422,84,74.0,4.7,5,84,2,0,,0,2.00,7,1,+6,+1.28,-0.54,6.4,2.3,+4.1,+0.86,-0.26
Igor Lichnovsky,DF,Chile,29,1994,3,270,90,100.0,3.0,3,90,3,0,,0,0.67,0,1,-1,-0.33,,1.6,4.5,-2.9,-0.96,
Giovani Lo Celso,MF,Argentina,27,1996,5,152,30,26.7,1.7,1,65,0,4,22,1,2.60,4,1,+3,+1.78,+0.70,4.1,0.8,+3.3,+2.33,+1.60
Layan Loor,DF,Ecuador,22,2001,0,,,,,0,,0,0,,4,,,,,,,,,,,
Marcos López,DF,Peru,24,1999,3,222,74,82.2,2.5,2,83,1,1,56,0,0.33,0,2,-2,-0.81,+1.06,1.5,3.8,-2.2,-0.91,+1.24
Damion Lowe,"MF,DF",Jamaica,30,1993,3,158,53,58.5,1.8,2,68,1,1,23,0,0.00,0,6,-6,-3.42,-3.42,0.7,3.7,-3.1,-1.74,-1.35
Jhon Lucumí,DF,Colombia,25,1998,1,25,25,4.4,0.3,1,25,0,0,,2,3.00,0,0,0,0.00,-1.49,0.1,0.4,-0.3,-1.07,-2.09
José Luis Rodríguez,MF,Panama,25,1998,1,83,83,23.1,0.9,1,83,0,0,,0,0.00,0,1,-1,-1.08,-0.11,0.5,1.2,-0.8,-0.83,-0.26
Douglas Luiz,MF,Brazil,25,1998,3,34,11,9.4,0.4,0,,0,3,11,1,1.67,0,0,0,0.00,-0.83,0.2,0.1,+0.1,+0.24,-0.61
Kristoffer Lund,DF,United States,21,2002,0,,,,,0,,0,0,,3,,,,,,,,,,,
Alexis Mac Allister,MF,Argentina,25,1998,5,443,89,77.7,4.9,5,89,3,0,,1,2.60,6,1,+5,+1.02,-1.11,9.2,4.2,+4.9,+1.00,-0.41
Deiver Machado,DF,Colombia,30,1993,1,45,45,7.9,0.5,1,45,0,0,,5,1.00,1,1,0,0.00,-1.54,0.6,0.1,+0.5,+1.02,+0.09
Darwin Machís,FW,Venezuela,30,1993,3,124,41,34.4,1.4,2,52,0,1,20,0,3.00,2,1,+1,+0.73,-0.80,2.3,2.6,-0.2,-0.17,-0.18
Warren Madrigal,"FW,MF",Costa Rica,19,2004,3,186,62,68.9,2.1,2,80,0,1,27,0,1.33,2,4,-2,-0.97,-0.97,0.5,3.9,-3.3,-1.62,+0.32
Gabriel Magalhães,DF,Brazil,26,1997,1,4,4,1.1,0.0,0,,0,1,4,3,3.00,0,0,0,0.00,-0.76,0.0,0.0,0.0,+0.64,-0.15
Christian Makoun,DF,Venezuela,23,2000,2,12,6,3.3,0.1,0,,0,2,6,2,3.00,1,0,+1,+7.50,+6.47,0.6,0.6,0.0,-0.36,-0.32
Jesús Manuel Sagredo,DF,Bolivia,29,1994,1,90,90,33.3,1.0,1,90,1,0,,2,0.00,0,2,-2,-2.00,+1.50,0.2,2.5,-2.3,-2.33,-0.64
José María Giménez,DF,Uruguay,29,1995,5,302,60,55.9,3.4,2,90,2,3,41,1,1.60,4,4,0,0.00,-2.65,3.7,4.4,-0.7,-0.20,-2.12
Nicolas Marichal,DF,Uruguay,22,2001,0,,,,,0,,0,0,,6,,,,,,,,,,,
Guillermo Maripán,DF,Chile,29,1994,1,90,90,33.3,1.0,1,90,1,0,,2,1.00,0,0,0,0.00,+0.50,0.5,1.1,-0.6,-0.56,+0.61
Marquinhos,DF,Brazil,29,1994,4,360,90,100.0,4.0,4,90,4,0,,0,1.50,5,2,+3,+0.75,,6.3,3.2,+3.2,+0.79,
Alex Marshall,MF,Jamaica,25,1998,1,4,4,1.5,0.0,0,,0,1,4,2,0.00,0,0,0,0.00,+2.03,0.0,0.0,0.0,-0.69,+0.49
Gabriel Martinelli,FW,Brazil,22,2001,2,12,6,3.3,0.1,0,,0,2,6,2,1.00,0,0,0,0.00,-0.78,0.2,0.0,+0.1,+1.08,+0.31
Guillermo Martínez Ayala,"FW,MF",Mexico,28,1995,3,77,26,28.5,0.9,0,,0,3,26,0,1.33,1,0,+1,+1.17,+1.64,1.8,0.3,+1.5,+1.71,+1.15
Cristian Martínez,MF,Panama,26,1997,4,273,68,75.8,3.0,4,68,0,0,,0,1.50,2,6,-4,-1.32,-1.32,2.1,3.3,-1.2,-0.40,+0.94
Emiliano Martínez,MF,Uruguay,24,1999,0,,,,,0,,0,0,,6,,,,,,,,,,,
Emiliano Martínez,GK,Argentina,31,1992,6,570,95,100.0,6.3,6,95,6,0,,0,2.67,9,1,+8,+1.26,,11.8,4.9,+6.9,+1.15,+1.15
Lautaro Martínez,FW,Argentina,26,1997,6,224,37,39.3,2.5,2,77,1,4,18,0,2.67,6,0,+6,+2.41,+1.89,6.0,2.1,+3.9,+1.75,+1.01
Lisandro Martínez,DF,Argentina,26,1998,5,467,93,81.9,5.2,5,93,4,0,,1,2.60,7,0,+7,+1.35,+0.48,9.6,4.4,+5.1,+1.06,-0.14
Lucas Martínez Quarta,DF,Argentina,27,1996,1,8,8,1.4,0.1,0,,0,1,8,5,3.00,1,0,+1,+11.25,+10.13,0.5,0.1,+0.4,+4.69,+3.65
Thomas Mcgill,GK,Canada,23,2000,0,,,,,0,,0,0,,6,,,,,,,,,,,
Weston McKennie,MF,United States,25,1998,3,257,86,95.2,2.9,3,86,2,0,,0,1.00,3,3,0,0.00,0.00,3.0,2.4,+0.5,+0.19,-7.19
Mark McKenzie,DF,United States,24,1999,0,,,,,0,,0,0,,3,,,,,,,,,,,
Diego Medina,"FW,MF",Bolivia,22,2002,2,63,32,23.3,0.7,1,46,0,1,17,1,0.00,0,5,-5,-7.14,-5.40,0.1,1.3,-1.2,-1.75,+0.19
Luis Mejía,GK,Panama,32,1991,0,,,,,0,,0,0,,4,,,,,,,,,,,
Santiago Mele,GK,Uruguay,26,1997,0,,,,,0,,0,0,,6,,,,,,,,,,,
Ángel Mena,"FW,MF",Ecuador,36,1988,2,26,13,7.2,0.3,0,,0,2,13,2,1.00,1,0,+1,+3.46,+3.46,0.5,0.1,+0.4,+1.33,+1.12
Cesar Menacho,FW,Bolivia,24,1999,1,45,45,16.7,0.5,1,45,0,0,,2,0.00,0,2,-2,-4.00,-1.20,0.1,0.5,-0.4,-0.88,+1.22
Lionel Messi,FW,Argentina,36,1987,5,425,85,74.6,4.7,5,85,4,0,,1,2.60,6,1,+5,+1.06,-0.80,9.0,4.4,+4.5,+0.96,-0.53
Andrés Micolta,DF,Ecuador,24,1999,0,,,,,0,,0,0,,4,,,,,,,,,,,
Éder Militão,DF,Brazil,26,1998,4,356,89,98.9,4.0,4,89,3,0,,0,1.50,5,2,+3,+0.76,+0.76,6.3,3.2,+3.1,+0.79,+0.15
Liam Millar,"FW,MF",Canada,24,1999,6,234,39,43.3,2.6,2,65,0,4,26,0,1.00,1,3,-2,-0.77,-0.48,2.8,4.1,-1.4,-0.52,-0.82
Kamal Miller,DF,Canada,26,1997,2,46,23,8.5,0.5,0,,0,2,23,4,2.00,1,0,+1,+1.96,+2.69,1.6,0.3,+1.3,+2.45,+2.75
Roderick Miller,DF,Panama,31,1992,3,225,75,62.5,2.5,3,75,2,0,,1,1.00,3,7,-4,-1.60,-1.60,1.6,4.0,-2.5,-0.98,-0.94
Yerry Mina,DF,Colombia,29,1994,2,81,41,14.2,0.9,0,,0,2,41,4,3.00,2,1,+1,+1.11,-0.36,1.2,0.8,+0.5,+0.51,-0.50
Alan Minda,"FW,MF",Ecuador,20,2003,4,78,20,21.7,0.9,0,,0,4,20,0,1.25,2,0,+2,+2.31,+2.63,1.4,0.5,+0.9,+1.05,+0.97
Bruno Miranda,"FW,DF",Bolivia,25,1998,2,94,47,34.8,1.0,1,66,0,1,28,1,0.00,1,4,-3,-2.87,+0.20,0.6,1.9,-1.2,-1.16,+1.13
Jeyland Mitchell,DF,Costa Rica,19,2004,3,270,90,100.0,3.0,3,90,3,0,,0,1.33,2,4,-2,-0.67,,0.6,5.7,-5.1,-1.72,
Johan Mojica,DF,Colombia,31,1992,6,525,88,92.1,5.8,5,96,5,1,45,0,2.17,11,2,+9,+1.54,+1.54,8.8,3.4,+5.4,+0.98,+0.37
Nahuel Molina,DF,Argentina,25,1998,5,328,66,57.5,3.6,3,86,0,2,35,1,2.60,4,1,+3,+0.82,-1.04,6.0,3.3,+2.7,+0.81,-0.58
Yeison Molina,DF,Costa Rica,25,1998,0,,,,,0,,0,0,,3,,,,,,,,,,,
César Montes,DF,Mexico,26,1997,3,225,75,83.3,2.5,3,75,2,0,,0,1.33,1,0,+1,+0.40,+2.40,3.2,1.0,+2.2,+0.88,-0.02
Gonzalo Montiel,DF,Argentina,27,1997,6,242,40,42.5,2.7,3,77,1,3,4,0,2.67,5,0,+5,+1.86,+1.04,5.8,1.6,+4.2,+1.57,+0.83
Shaq Moore,"DF,MF",United States,27,1996,0,,,,,0,,0,0,,3,,,,,,,,,,,
Joseph Mora,DF,Costa Rica,31,1993,3,133,44,49.3,1.5,1,87,0,2,23,0,1.33,2,3,-1,-0.68,-0.02,0.5,1.3,-0.9,-0.60,+2.21
Rodrigo Morínigo,GK,Paraguay,25,1998,3,270,90,100.0,3.0,3,90,3,0,,0,0.00,3,8,-5,-1.67,,2.8,4.9,-2.1,-0.69,
Orlando Mosquera,GK,Panama,29,1994,4,360,90,100.0,4.0,4,90,4,0,,0,1.50,6,10,-4,-1.00,,3.1,5.6,-2.5,-0.63,
Daniel Muñoz,DF,Colombia,27,1996,5,386,77,67.7,4.3,5,77,3,0,,0,2.60,11,2,+9,+2.10,+2.10,6.9,1.8,+5.2,+1.20,+0.85
Yunus Musah,MF,United States,21,2002,2,116,58,43.0,1.3,1,71,0,1,45,1,1.50,0,1,-1,-0.78,-1.36,2.1,1.5,+0.6,+0.48,-0.11
Nahitan Nández,DF,Uruguay,28,1995,5,433,87,80.2,4.8,5,87,4,0,,0,2.20,11,3,+8,+1.66,+2.50,8.4,3.5,+4.9,+1.01,+1.39
Miguel Navarro,DF,Venezuela,24,1999,3,270,90,75.0,3.0,3,90,3,0,,1,2.33,4,2,+2,+0.67,-2.33,3.7,5.3,-1.6,-0.54,-1.98
Shamar Nicholson,"FW,MF",Jamaica,26,1997,3,196,65,72.6,2.2,2,86,1,1,24,0,0.00,1,4,-3,-1.38,+2.27,1.3,3.5,-2.2,-1.02,+0.59
Darwin Núñez,FW,Uruguay,24,1999,6,472,79,87.4,5.2,6,79,2,0,,0,1.83,9,3,+6,+1.14,-0.18,7.4,3.9,+3.5,+0.66,-0.57
Marcelino Núñez,MF,Chile,23,2000,3,144,48,53.3,1.6,2,65,0,1,15,0,0.67,0,1,-1,-0.62,-0.62,1.1,2.6,-1.5,-0.93,+0.07
Brian Ocampo,MF,Uruguay,24,1999,0,,,,,0,,0,0,,6,,,,,,,,,,,
Lucas Olaza,DF,Uruguay,29,1994,2,33,17,6.1,0.4,0,,0,2,17,4,2.00,2,1,+1,+2.73,+1.66,1.5,0.2,+1.4,+3.68,+3.14
Cristian Olivera,"FW,DF",Uruguay,21,2002,4,144,36,26.7,1.6,0,,0,4,36,2,1.75,3,1,+2,+1.25,+0.11,3.6,1.4,+2.2,+1.38,+0.87
Mathías Olivera,DF,Uruguay,26,1997,5,374,75,69.3,4.2,5,75,3,0,,1,2.00,7,1,+6,+1.44,+0.90,6.7,2.0,+4.7,+1.13,+1.28
Tani Oluwaseyi,FW,Canada,23,2000,5,136,27,25.2,1.5,1,66,0,4,18,1,1.20,1,1,0,0.00,+0.67,3.5,0.8,+2.7,+1.82,+2.51
Joel Ordóñez,DF,Ecuador,19,2004,0,,,,,0,,0,0,,4,,,,,,,,,,,
Jesús Orozco,DF,Mexico,21,2002,0,,,,,0,,0,0,,3,,,,,,,,,,,
Darío Osorio,FW,Chile,20,2004,3,164,55,60.7,1.8,2,60,1,1,45,0,0.67,0,1,-1,-0.55,-0.55,0.4,3.5,-3.1,-1.69,-1.85
Jonathan Osorio,MF,Canada,31,1992,6,317,53,58.7,3.5,3,82,1,3,24,0,1.00,3,3,0,0.00,+1.21,6.3,3.3,+3.0,+0.84,+2.19
Yordan Osorio,DF,Venezuela,29,1994,4,359,90,99.7,4.0,4,90,3,0,,0,2.50,7,2,+5,+1.25,+1.25,5.6,5.8,-0.2,-0.05,-0.05
David Ospina,GK,Colombia,35,1988,0,,,,,0,,0,0,,6,,,,,,,,,,,
Nicolás Otamendi,DF,Argentina,35,1988,5,148,30,26.0,1.6,1,90,1,4,15,1,2.60,3,1,+2,+1.22,-0.06,4.0,1.0,+3.0,+1.90,+1.08
Juan Pablo Vargas,DF,Costa Rica,28,1995,3,270,90,100.0,3.0,3,90,3,0,,0,1.33,2,4,-2,-0.67,,0.6,5.7,-5.1,-1.72,
Willian Pacho,DF,Ecuador,22,2001,4,360,90,100.0,4.0,4,90,4,0,,0,1.25,5,4,+1,+0.25,,5.4,4.2,+1.2,+0.29,
Kendry Páez,"MF,FW",Ecuador,16,2007,4,306,77,85.0,3.4,4,77,0,0,,0,1.25,3,4,-1,-0.29,-3.63,4.2,4.0,+0.2,+0.05,-1.60
Exequiel Palacios,MF,Argentina,25,1998,2,103,52,18.1,1.1,1,90,1,1,13,4,3.00,2,0,+2,+1.75,+0.59,2.3,0.4,+1.9,+1.63,+0.66
Kasey Palmer,MF,Jamaica,27,1996,3,270,90,100.0,3.0,3,90,3,0,,0,0.00,1,7,-6,-2.00,,1.8,5.3,-3.5,-1.18,
Lucas Paquetá,MF,Brazil,26,1997,4,293,73,81.4,3.3,4,73,1,0,,0,1.50,5,2,+3,+0.92,+0.92,6.1,2.3,+3.8,+1.17,+2.05
Leandro Paredes,MF,Argentina,29,1994,3,176,59,30.9,2.0,2,76,0,1,24,3,3.00,3,0,+3,+1.53,+0.39,3.3,1.4,+1.9,+1.12,+0.04
Esteban Pavez,MF,Chile,33,1990,0,,,,,0,,0,0,,3,,,,,,,,,,,
Facundo Pellistri,FW,Uruguay,22,2001,6,447,75,82.8,5.0,6,75,2,0,,0,1.83,9,3,+6,+1.21,+0.24,7.0,3.8,+3.2,+0.65,-0.47
Sergio Peña,MF,Peru,28,1995,3,258,86,95.6,2.9,3,86,2,0,,0,0.33,0,3,-3,-1.05,-1.05,1.4,4.3,-2.9,-1.00,+2.96
Pepê,"DF,FW",Brazil,26,1997,0,,,,,0,,0,0,,4,,,,,,,,,,,
Ricardo Pepi,FW,United States,21,2003,3,95,32,35.2,1.1,0,,0,3,32,0,1.00,0,2,-2,-1.89,-2.92,3.1,1.5,+1.6,+1.55,+1.56
Fabrizio Peralta,MF,Paraguay,21,2002,0,,,,,0,,0,0,,2,,,,,,,,,,,
Andreas Pereira,MF,Brazil,28,1996,3,67,22,18.6,0.7,0,,0,3,22,1,1.67,0,0,0,0.00,-0.92,0.2,0.9,-0.7,-0.89,-2.06
Daniel Pereira,MF,Venezuela,23,2000,0,,,,,0,,0,0,,4,,,,,,,,,,,
César Pérez,MF,Chile,21,2002,1,9,9,3.3,0.1,0,,0,1,9,2,1.00,0,0,0,0.00,+0.34,0.0,0.3,-0.3,-3.12,-2.23
Germán Pezzella,DF,Argentina,32,1991,1,82,82,14.4,0.9,1,82,0,0,,5,3.00,1,0,+1,+1.10,-0.19,1.8,0.0,+1.7,+1.91,+0.95
Samuel Piette,MF,Canada,29,1994,0,,,,,0,,0,0,,6,,,,,,,,,,,
Orbelín Pineda,MF,Mexico,27,1996,3,146,49,54.1,1.6,2,67,0,1,13,0,1.33,0,0,0,0.00,0.00,3.1,0.7,+2.4,+1.48,+1.31
Ethan Pinnock,DF,Jamaica,30,1993,3,270,90,100.0,3.0,3,90,3,0,,0,0.00,1,7,-6,-2.00,,1.8,5.3,-3.5,-1.18,
Rafael Pires,GK,Brazil,34,1989,0,,,,,0,,0,0,,4,,,,,,,,,,,
Andy Polo,DF,Peru,29,1994,2,173,87,64.1,1.9,2,87,1,0,,0,0.50,0,1,-1,-0.52,+1.34,1.6,2.7,-1.1,-0.60,+1.49
Jackson Porozo,DF,Ecuador,23,2000,0,,,,,0,,0,0,,4,,,,,,,,,,,
Ángelo Preciado,DF,Ecuador,25,1998,4,359,90,99.7,4.0,4,90,3,0,,0,1.25,5,4,+1,+0.25,+0.25,5.4,4.1,+1.3,+0.32,+9.85
Erick Pulgar,MF,Chile,30,1994,3,210,70,77.8,2.3,2,83,1,1,45,0,0.67,0,0,0,0.00,+1.50,1.5,2.7,-1.2,-0.53,+1.96
Christian Pulisic,"FW,MF",United States,25,1998,3,270,90,100.0,3.0,3,90,3,0,,0,1.00,3,3,0,0.00,,4.1,2.5,+1.6,+0.54,
Julián Quiñones,"FW,MF",Mexico,26,1997,3,252,84,93.3,2.8,3,84,1,0,,0,1.33,1,1,0,0.00,0.00,3.2,2.0,+1.2,+0.41,-7.05
Juan Quintero,FW,Colombia,31,1993,3,49,16,8.6,0.5,0,,0,3,16,3,2.00,1,1,0,0.00,-1.55,1.1,0.7,+0.4,+2.05,+1.16
Haxzel Quirós,DF,Costa Rica,25,1998,2,180,90,66.7,2.0,2,90,2,0,,1,0.50,0,3,-3,-1.50,-2.50,0.2,4.6,-4.4,-2.20,-1.45
Piero Quispe,MF,Peru,22,2001,2,131,66,48.5,1.5,2,66,0,0,,1,0.50,0,0,0,0.00,+1.94,0.8,1.1,-0.3,-0.23,+1.75
Rodrigo Ramallo,FW,Bolivia,33,1990,1,44,44,16.3,0.5,0,,0,1,44,2,0.00,0,0,0,0.00,+3.58,0.1,2.0,-1.9,-3.78,-2.26
Eric Ramírez,FW,Venezuela,25,1998,2,17,9,4.7,0.2,0,,0,2,9,2,3.00,1,0,+1,+5.29,+4.24,0.6,0.0,+0.6,+3.27,+3.49
Iván Ramírez,DF,Paraguay,29,1994,1,17,17,6.3,0.2,0,,0,1,17,2,0.00,0,0,0,0.00,+1.78,0.6,0.0,+0.6,+3.06,+4.01
Moisés Ramírez,GK,Ecuador,23,2000,0,,,,,0,,0,0,,4,,,,,,,,,,,
José Rangel Aguilar,GK,Mexico,23,2000,0,,,,,0,,0,0,,3,,,,,,,,,,,
Raphinha,FW,Brazil,27,1996,4,259,65,71.9,2.9,3,80,1,1,19,0,1.50,1,1,0,0.00,-2.67,2.2,2.3,-0.1,-0.05,-2.99
Tim Ream,DF,United States,36,1987,3,263,88,97.4,2.9,3,88,1,0,,0,1.00,3,3,0,0.00,0.00,3.7,2.3,+1.4,+0.47,-2.53
Bobby Reid,"MF,FW",Jamaica,30,1993,2,169,85,62.6,1.9,2,85,1,0,,1,0.00,1,4,-3,-1.60,+1.08,1.2,3.4,-2.2,-1.15,+0.08
Israel Reyes,DF,Mexico,23,2000,1,45,45,16.7,0.5,0,,0,1,45,2,0.00,0,1,-1,-2.00,-2.40,1.5,1.0,+0.5,+0.90,+0.02
Bryan Reyna,"MF,FW",Peru,25,1998,2,91,46,33.7,1.0,1,62,0,1,29,1,0.00,0,2,-2,-1.98,-1.48,0.3,2.5,-2.2,-2.15,-1.53
Gio Reyna,"MF,FW",United States,21,2002,3,200,67,74.1,2.2,3,67,1,0,,0,1.00,3,2,+1,+0.45,+1.74,1.4,2.0,-0.7,-0.31,-3.28
Chris Richards,DF,United States,23,2000,3,270,90,100.0,3.0,3,90,3,0,,0,1.00,3,3,0,0.00,,4.1,2.5,+1.6,+0.54,
Tomás Rincón,MF,Venezuela,36,1988,3,33,11,9.2,0.4,0,,0,3,11,1,2.33,1,0,+1,+2.73,+1.63,0.7,0.1,+0.7,+1.80,+2.03
Richard Ríos,MF,Colombia,23,2000,6,448,75,78.6,5.0,6,75,2,0,,0,2.17,10,2,+8,+1.61,+0.87,7.4,2.3,+5.1,+1.02,+0.44
José Rivera,"FW,MF",Peru,26,1997,1,35,35,13.0,0.4,0,,0,1,35,2,0.00,0,1,-1,-2.57,-1.81,0.1,1.4,-1.3,-3.23,-2.42
Antonee Robinson,DF,United States,26,1997,3,270,90,100.0,3.0,3,90,3,0,,0,1.00,3,3,0,0.00,,4.1,2.5,+1.6,+0.54,
Miles Robinson,DF,United States,26,1997,0,,,,,0,,0,0,,3,,,,,,,,,,,
Yomar Rocha,"MF,DF",Bolivia,20,2003,2,135,68,50.0,1.5,2,68,0,0,,1,0.00,0,3,-3,-2.00,+2.00,0.2,2.7,-2.5,-1.64,+0.51
Sergio Rochet,GK,Uruguay,30,1993,6,540,90,100.0,6.0,6,90,6,0,,0,1.83,11,4,+7,+1.17,,9.2,4.7,+4.4,+0.73,
Brian Rodríguez,FW,Uruguay,23,2000,1,30,30,5.6,0.3,0,,0,1,30,5,1.00,1,1,0,0.00,-1.24,1.2,0.3,+0.9,+2.75,+2.13
Charly Rodríguez,MF,Mexico,27,1997,2,83,42,30.7,0.9,1,60,0,1,23,1,1.50,1,1,0,0.00,0.00,1.4,1.2,+0.2,+0.24,-0.93
Guido Rodríguez,MF,Argentina,29,1994,1,14,14,2.5,0.2,0,,0,1,14,5,3.00,1,0,+1,+6.43,+5.30,0.5,0.1,+0.4,+2.68,+1.63
James Rodríguez,"FW,MF",Colombia,32,1991,6,463,77,81.2,5.1,6,77,0,0,,0,2.17,11,2,+9,+1.75,+1.75,7.0,2.2,+4.7,+0.92,-0.07
Kevin Rodríguez,FW,Ecuador,23,2000,4,233,58,64.7,2.6,2,81,0,2,36,0,1.25,4,3,+1,+0.39,+0.39,3.0,2.4,+0.6,+0.23,-0.19
Rodrygo,FW,Brazil,23,2001,4,326,82,90.6,3.6,4,82,1,0,,0,1.50,5,2,+3,+0.83,+0.83,6.3,2.6,+3.7,+1.01,+2.32
Andy Rojas,FW,Costa Rica,18,2005,1,8,8,3.0,0.1,0,,0,1,8,2,0.00,0,0,0,0.00,+0.69,0.0,0.0,0.0,+0.37,+2.15
Matías Rojas,FW,Paraguay,28,1995,1,1,1,0.4,0.0,0,,0,1,1,1,0.00,0,0,0,0.00,+1.67,0.0,0.1,-0.1,-5.38,-4.70
Ángel Romero,MF,Paraguay,31,1992,2,56,28,20.7,0.6,0,,0,2,28,1,0.00,1,0,+1,+1.61,+4.13,1.1,0.1,+1.0,+1.59,+2.88
Cristian Romero,DF,Argentina,25,1998,5,480,96,84.2,5.3,5,96,5,0,,1,2.60,7,1,+6,+1.13,-0.87,9.6,4.8,+4.8,+0.95,-0.66
Diego Romero,GK,Peru,22,2001,0,,,,,0,,0,0,,3,,,,,,,,,,,
Luis Romo,MF,Mexico,28,1995,3,235,78,87.0,2.6,2,87,1,1,61,0,1.33,1,1,0,0.00,0.00,4.3,1.9,+2.5,+0.95,+0.53
Rafael Romo,GK,Venezuela,33,1990,4,360,90,100.0,4.0,4,90,4,0,,0,2.50,7,2,+5,+1.25,,5.6,5.8,-0.2,-0.05,
Salomón Rondón,FW,Venezuela,34,1989,4,334,84,92.8,3.7,4,84,1,0,,0,2.50,6,2,+4,+1.08,-2.38,5.0,4.3,+0.6,+0.17,+3.00
Gerónimo Rulli,GK,Argentina,31,1992,0,,,,,0,,0,0,,6,,,,,,,,,,,
Jacen Russell-Rowe,FW,Canada,21,2002,1,6,6,1.1,0.1,0,,0,1,6,5,0.00,0,1,-1,-15.00,-14.66,0.0,1.0,-1.0,-14.82,-14.92
José Sagredo,DF,Bolivia,29,1994,3,270,90,100.0,3.0,3,90,3,0,,0,0.00,1,10,-9,-3.00,,1.0,6.6,-5.7,-1.90,
César Samudio,GK,Panama,29,1994,0,,,,,0,,0,0,,4,,,,,,,,,,,
Alexis Sánchez,MF,Chile,35,1988,3,245,82,90.7,2.7,3,82,2,0,,0,0.67,0,0,0,0.00,+3.60,1.5,3.4,-1.9,-0.70,+2.91
Davinson Sánchez,DF,Colombia,27,1996,6,570,95,100.0,6.3,6,95,6,0,,0,2.17,12,3,+9,+1.42,,9.5,3.6,+5.9,+0.98,+0.98
Erick Sánchez,MF,Mexico,24,1999,2,19,10,7.0,0.2,0,,0,2,10,1,2.00,0,0,0,0.00,0.00,0.1,0.1,+0.1,+0.31,-0.61
Richard Sánchez,MF,Paraguay,27,1996,0,,,,,0,,0,0,,3,,,,,,,,,,,
Anderson Santamaría,"DF,FW",Peru,32,1992,1,29,29,10.7,0.3,0,,0,1,29,2,0.00,0,1,-1,-3.10,-2.36,0.3,1.6,-1.3,-3.95,-3.16
Josh Sargent,"FW,MF",United States,23,2000,2,24,12,8.9,0.3,0,,0,2,12,1,0.00,0,0,0,0.00,0.00,0.6,0.2,+0.5,+1.75,+1.33
Jeremy Sarmiento,"FW,MF",Ecuador,21,2002,4,301,75,83.6,3.3,4,75,0,0,,0,1.25,4,2,+2,+0.60,+2.12,4.7,3.5,+1.2,+0.37,+0.43
Fernando Saucedo,MF,Bolivia,33,1990,2,100,50,37.0,1.1,1,90,1,1,10,1,0.00,0,3,-3,-2.70,+0.48,0.2,2.6,-2.5,-2.21,-0.50
Jefferson Savarino,MF,Venezuela,27,1996,3,59,20,16.4,0.7,1,45,0,2,7,1,2.33,0,0,0,0.00,-1.50,0.2,1.4,-1.2,-1.90,-2.21
Sávio,FW,Brazil,19,2004,4,119,30,33.1,1.3,1,71,0,3,16,0,1.50,4,1,+3,+2.27,+2.27,4.2,1.3,+2.9,+2.17,+2.06
Joe Scally,DF,United States,21,2002,3,258,86,95.6,2.9,3,86,2,0,,0,1.00,3,3,0,0.00,0.00,3.8,2.3,+1.5,+0.52,-0.43
Telasco Segovia,MF,Venezuela,20,2003,1,73,73,20.3,0.8,1,73,0,0,,3,3.00,2,0,+2,+2.47,+1.52,1.4,0.4,+0.9,+1.14,+1.49
Douglas Sequeira,MF,Costa Rica,20,2003,0,,,,,0,,0,0,,3,,,,,,,,,,,
Patrick Sequeira,GK,Costa Rica,24,1999,3,270,90,100.0,3.0,3,90,3,0,,0,1.33,2,4,-2,-0.67,,0.6,5.7,-5.1,-1.72,
Jacob Shaffelburg,"FW,MF",Canada,24,1999,6,346,58,64.1,3.8,4,67,1,2,39,0,1.00,4,5,-1,-0.26,+0.67,6.0,6.7,-0.6,-0.16,-0.28
Luis Sinisterra,FW,Colombia,24,1999,3,33,11,5.8,0.4,0,,0,3,11,3,2.33,2,0,+2,+5.45,+4.28,1.4,0.5,+0.9,+2.58,+1.75
Oliver Sonne,DF,Peru,23,2000,2,97,49,35.9,1.1,1,90,1,1,7,1,0.50,0,2,-2,-1.86,-1.34,0.1,2.4,-2.2,-2.09,-1.49
Ramón Sosa,FW,Paraguay,24,1999,3,135,45,50.0,1.5,1,90,1,2,23,0,0.00,2,2,0,0.00,+3.33,1.6,0.8,+0.8,+0.52,+2.42
Yeferson Soteldo,"FW,MF",Venezuela,26,1997,4,278,70,77.2,3.1,3,82,0,1,31,0,2.50,5,2,+3,+0.97,-1.22,4.3,3.8,+0.5,+0.17,+0.97
Dayne St. Clair,GK,Canada,26,1997,1,90,90,16.7,1.0,1,90,1,0,,5,1.00,2,2,0,0.00,+0.60,1.9,1.6,+0.3,+0.33,+0.47
Luis Suárez,FW,Uruguay,37,1987,4,79,20,14.6,0.9,0,,0,4,20,2,1.75,2,1,+1,+1.14,-0.03,2.2,1.4,+0.8,+0.94,+0.25
Marcelo Suarez,"DF,MF",Bolivia,22,2001,2,135,68,50.0,1.5,1,90,1,1,45,1,0.00,1,6,-5,-3.33,-0.67,0.7,2.2,-1.5,-0.98,+1.83
Gabriel Suazo,DF,Chile,26,1997,3,206,69,76.3,2.3,3,69,2,0,,0,0.67,0,1,-1,-0.44,-0.44,1.2,3.6,-2.4,-1.04,-0.30
Nicolás Tagliafico,DF,Argentina,31,1992,6,447,75,78.4,5.0,5,89,3,1,2,0,2.67,6,1,+5,+1.01,-1.19,8.1,3.5,+4.6,+0.99,-0.36
Gerald Taylor,DF,Costa Rica,22,2001,2,91,46,33.7,1.0,1,90,1,1,1,1,2.00,2,1,+1,+0.99,+2.50,0.4,1.1,-0.8,-0.74,+1.47
Miguel Terceros,"MF,FW",Bolivia,19,2004,3,192,64,71.1,2.1,2,74,0,1,45,0,0.00,1,4,-3,-1.41,+5.52,0.9,5.1,-4.2,-1.95,-0.18
Adalid Terrazas,"MF,FW",Bolivia,23,2000,2,37,19,13.7,0.4,0,,0,2,19,1,0.00,1,3,-2,-4.86,-2.16,0.5,1.0,-0.5,-1.23,+0.77
Malik Tillman,MF,United States,21,2002,1,2,2,0.7,0.0,0,,0,1,2,2,0.00,0,0,0,0.00,0.00,0.2,0.2,0.0,-0.01,-0.56
Robson Tomé,MF,Bolivia,21,2002,0,,,,,0,,0,0,,3,,,,,,,,,,,
Félix Torres Caicedo,DF,Ecuador,27,1997,4,360,90,100.0,4.0,4,90,4,0,,0,1.25,5,4,+1,+0.25,,5.4,4.2,+1.2,+0.29,
Matt Turner,GK,United States,29,1994,3,225,75,83.3,2.5,3,75,2,0,,0,1.00,3,2,+1,+0.40,+2.40,3.1,2.1,+1.0,+0.41,-0.75
Manfred Ugalde,FW,Costa Rica,21,2002,2,108,54,40.0,1.2,2,54,0,0,,0,0.50,0,1,-1,-0.83,-0.28,0.1,3.5,-3.4,-2.82,-1.84
Manuel Ugarte Ribeiro,MF,Uruguay,22,2001,6,493,82,91.3,5.5,6,82,4,0,,0,1.83,10,3,+7,+1.28,+1.28,7.8,4.0,+3.9,+0.71,-0.34
Mateus Uribe,MF,Colombia,32,1991,6,219,37,38.4,2.4,1,90,1,5,26,0,2.17,7,2,+5,+2.05,+1.03,4.6,1.9,+2.7,+1.21,+0.44
Ramiro Vaca,"FW,MF",Bolivia,24,1999,3,169,56,62.6,1.9,2,77,0,1,16,0,0.00,1,4,-3,-1.60,+3.75,0.8,4.4,-3.6,-1.91,-0.03
Diego Valdés,FW,Chile,30,1994,1,45,45,16.7,0.5,1,45,0,0,,0,1.00,0,0,0,0.00,+0.40,0.8,0.1,+0.7,+1.34,+2.76
Enner Valencia,FW,Ecuador,34,1989,3,190,63,52.8,2.1,3,63,1,0,,0,0.67,0,1,-1,-0.47,-1.53,2.2,1.9,+0.3,+0.13,-0.35
Omar Valencia,DF,Panama,19,2004,1,8,8,2.2,0.1,0,,0,1,8,3,0.00,0,1,-1,-11.25,-10.48,0.1,0.8,-0.7,-7.96,-7.50
Federico Valverde,MF,Uruguay,25,1998,6,529,88,98.0,5.9,6,88,4,0,,0,1.83,8,3,+5,+0.85,-15.51,8.5,4.7,+3.8,+0.65,-4.01
Guillermo Varela,DF,Uruguay,30,1993,2,46,23,8.5,0.5,0,,0,2,23,3,0.50,0,1,-1,-1.96,-3.41,0.0,0.4,-0.3,-0.44,-1.35
Camilo Vargas,GK,Colombia,34,1989,6,570,95,100.0,6.3,6,95,6,0,,0,2.17,12,3,+9,+1.42,,9.5,3.6,+5.9,+0.98,+0.98
Eduardo Vargas,FW,Chile,34,1989,3,195,65,72.2,2.2,3,65,0,0,,0,0.67,0,0,0,0.00,+1.20,1.1,2.8,-1.6,-0.76,+0.73
Kenneth Vargas,FW,Costa Rica,21,2002,0,,,,,0,,0,0,,3,,,,,,,,,,,
Johan Vásquez,DF,Mexico,25,1998,3,270,90,100.0,3.0,3,90,3,0,,0,1.33,1,1,0,0.00,,4.7,2.1,+2.6,+0.88,
Alexis Vega,"MF,DF",Mexico,26,1997,2,31,16,11.5,0.3,0,,0,2,16,1,0.50,0,0,0,0.00,0.00,1.6,0.1,+1.5,+4.44,+4.02
Gustavo Velásquez,DF,Paraguay,32,1991,3,253,84,93.7,2.8,3,84,2,0,,0,0.00,3,8,-5,-1.78,-1.78,2.2,4.9,-2.7,-0.94,-4.01
Gabriel Villamíl,MF,Bolivia,22,2001,3,242,81,89.6,2.7,3,81,2,0,,0,0.00,0,8,-8,-2.98,+0.24,0.4,6.0,-5.6,-2.07,-1.63
Mathías Villasanti,"MF,FW",Paraguay,27,1997,3,242,81,89.6,2.7,3,81,1,0,,0,0.00,3,8,-5,-1.86,-1.86,2.2,4.8,-2.6,-0.96,-2.63
Matías Viña,DF,Uruguay,26,1997,5,353,71,65.4,3.9,5,71,1,0,,1,2.20,9,2,+7,+1.78,+1.78,6.5,2.8,+3.6,+0.92,+0.53
Guillermo Vizcarra,GK,Bolivia,30,1993,3,270,90,100.0,3.0,3,90,3,0,,0,0.00,1,10,-9,-3.00,,1.0,6.6,-5.7,-1.90,
Jahmali Waite,GK,Jamaica,25,1998,3,270,90,100.0,3.0,3,90,3,0,,0,0.00,1,7,-6,-2.00,,1.8,5.3,-3.5,-1.18,
Joel Waterman,DF,Canada,28,1996,0,,,,,0,,0,0,,6,,,,,,,,,,,
Timothy Weah,FW,United States,23,2000,2,102,51,37.8,1.1,2,51,0,0,,0,1.50,2,0,+2,+1.76,+2.84,1.6,0.3,+1.3,+1.19,+1.05
Jovani Welch,MF,Panama,24,1999,3,205,68,56.9,2.3,2,90,1,1,26,1,1.00,3,8,-5,-2.20,-2.78,1.8,3.3,-1.5,-0.67,-0.10
Wendell,DF,Brazil,30,1993,2,175,88,48.6,1.9,2,88,1,0,,2,2.00,5,2,+3,+1.54,+1.54,4.0,2.3,+1.7,+0.90,+0.21
Haji Wright,MF,United States,25,1998,1,12,12,4.4,0.1,0,,0,1,12,2,0.00,0,0,0,0.00,0.00,0.3,0.2,+0.1,+0.95,+0.43
César Yanis,MF,Panama,28,1996,1,1,1,0.3,0.0,0,,0,1,1,3,3.00,1,0,+1,+90.00,+91.25,0.1,0.0,+0.1,+8.99,+9.65
John Yeboah,FW,Ecuador,23,2000,3,109,36,30.3,1.2,2,49,0,1,12,1,1.33,3,1,+2,+1.65,+2.01,2.6,1.3,+1.3,+1.07,+1.11
Édgar Yoel Bárcenas,MF,Panama,30,1993,4,358,90,99.4,4.0,4,90,3,0,,0,1.50,5,9,-4,-1.01,-1.01,3.0,5.5,-2.5,-0.64,-1.92
Carlos Zambrano,DF,Peru,34,1989,3,258,86,95.6,2.9,3,86,2,0,,0,0.33,0,3,-3,-1.05,-1.05,1.4,4.3,-2.9,-1.00,+2.96
Álvaro Zamora,"FW,MF",Costa Rica,21,2002,3,157,52,58.1,1.7,2,67,0,1,23,0,1.33,0,3,-3,-1.72,-2.52,0.1,4.5,-4.3,-2.47,-1.81
Franco Zanelatto,MF,Peru,23,2000,1,28,28,10.4,0.3,0,,0,1,28,2,0.00,0,1,-1,-3.21,-2.47,0.1,1.4,-1.3,-4.04,-3.25
Cristián Zavala,"FW,MF",Chile,24,1999,0,,,,,0,,0,0,,3,,,,,,,,,,,
