Player,Nation,Pos,Squad,Age,Born,90s,PassAtt,Live,Dead,FK,ThroughBalls,SideSwitch,Cross,Throw-Ins,Corners,InSwingCorner,OutSwingCorner,StraightCorner,PassesCmp,PassOffside,PassesBlocked
Ahmed Abdullahi,NGA,FW,Gent,19,2004,0.3,6,4,2,0,0,0,1,0,0,0,0,0,4,0,0
Shuto Abe,JPN,MF,RWD Molenbeek,25,1997,16.4,697,681,10,5,1,2,9,1,0,0,0,0,525,6,19
Abner,BRA,"DF,MF",RWD Molenbeek,27,1996,20.6,873,705,165,12,0,3,56,153,0,0,0,0,651,3,19
Francis Abu,GHA,MF,Cercle Brugge,22,2001,4.5,231,206,23,18,0,0,9,1,4,1,3,0,163,2,3
Tayo Adaramola,IRL,DF,RWD Molenbeek,19,2003,6.4,245,202,43,3,0,1,20,40,0,0,0,0,182,0,9
Noah Adedeji,BEL,"MF,FW",Genk,18,2005,0.2,15,15,0,0,0,0,0,0,0,0,0,0,12,0,1
Jonathan Afolabi,IRL,FW,Kortrijk,23,2000,4.4,86,84,2,0,1,0,3,0,0,0,0,0,58,0,0
Brian Agbor,CMR,DF,Gent,22,2001,2.3,143,135,8,4,0,4,0,4,0,0,0,0,123,0,2
Takahiro Akimoto,JPN,DF,OH Leuven,25,1998,2.9,129,101,28,2,0,0,2,26,0,0,0,0,99,0,2
Carlos Alberto,BRA,"FW,MF",RWD Molenbeek,21,2002,7.3,104,94,6,0,1,1,2,5,0,0,0,0,76,4,2
Josimar Alcocer,CRC,"FW,MF",Westerlo,19,2004,0.3,8,7,1,0,0,0,1,1,0,0,0,0,6,0,0
Toby Alderweireld,BEL,DF,Antwerp,34,1989,28.9,2335,2215,112,82,3,25,7,10,0,0,0,0,2010,8,9
Ryan Alebiosu,ENG,"DF,MF",Kortrijk,21,2001,3.9,160,120,40,1,0,0,23,39,0,0,0,0,107,0,7
Teddy Alloh,FRA,DF,Eupen,21,2002,2.2,93,69,24,1,0,0,5,23,0,0,0,0,78,0,4
Éder Álvarez Balanta,COL,MF,Club Brugge,30,1993,5.5,292,285,7,5,0,4,2,2,0,0,0,0,226,0,5
Steven Alzate,COL,MF,Standard Liège,24,1998,18.5,1024,966,55,42,7,6,19,6,6,3,3,0,864,3,15
Thierry Ambrose,GLP,FW,Kortrijk,26,1997,0.6,15,15,0,0,0,0,2,0,0,0,0,0,11,0,1
Mohamed Amoura,ALG,FW,Union SG,23,2000,15.9,367,352,12,1,1,2,31,7,1,0,0,0,220,3,27
Francis Amuzu,BEL,FW,Anderlecht,23,1999,6.3,181,169,12,4,0,0,22,5,3,1,0,0,141,0,8
Frederic Ananou,TOG,"DF,MF",Sint-Truiden,25,1997,6.0,290,254,36,3,1,1,11,33,0,0,0,0,250,0,5
Stelios Andreou,CYP,DF,Charleroi,21,2002,26.8,1064,1002,59,20,0,9,6,32,0,0,0,0,842,3,14
Nilson Angulo,ECU,"FW,MF",Anderlecht,20,2003,0.5,36,36,0,0,0,0,3,0,0,0,0,0,24,0,2
Bill Antonio,ZIM,"MF,FW",Mechelen,20,2002,6.4,185,161,24,0,1,0,27,24,0,0,0,0,120,0,13
Kristian Arnstad,NOR,"DF,MF",Anderlecht,19,2003,7.2,398,345,53,8,0,3,11,42,3,2,0,0,308,0,10
Tolu Arokodare,NGA,FW,Genk,22,2000,14.5,294,290,2,0,0,0,2,0,0,0,0,0,200,2,6
Gerardo Arteaga,MEX,DF,Genk,24,1998,13.4,733,616,116,17,0,2,33,99,0,0,0,0,588,1,16
Isaac Asante,GHA,"DF,MF",Mechelen,20,2002,0.1,2,2,0,0,0,0,0,0,0,0,0,0,1,0,0
Dirk Asare,BEL,MF,Mechelen,19,2004,0.0,1,1,0,0,0,0,0,0,0,0,0,0,0,0,0
Majeed Ashimeru,GHA,MF,Anderlecht,25,1997,1.3,60,59,1,0,0,0,0,0,0,0,0,0,48,0,0
Christalino Atemona,GER,DF,Kortrijk,21,2002,1.1,41,41,0,0,0,0,0,0,0,0,0,0,31,0,1
Lynnt Audoor,BEL,MF,Kortrijk,19,2003,4.5,190,182,8,5,0,1,2,1,2,1,1,0,155,0,5
Ludwig Augustinsson,SWE,DF,Anderlecht,29,1994,18.1,1089,911,176,28,0,5,76,137,11,6,1,0,851,2,22
Felipe Augusto,BRA,"FW,MF",Cercle Brugge,19,2004,4.9,95,94,1,0,0,0,8,0,0,0,0,0,50,0,4
Felipe Avenatti,URU,"FW,MF",Kortrijk,30,1993,17.4,607,583,21,2,6,6,3,2,1,0,0,0,382,3,13
Gastón Ávila,ARG,DF,Antwerp,21,2001,2.0,130,114,16,5,0,3,4,11,0,0,0,0,103,0,3
Youssouph Badji,SEN,"FW,MF",Charleroi,21,2001,10.4,285,275,9,0,0,1,4,2,0,0,0,0,194,1,8
Bilal Bafdili,BEL,"MF,FW",Mechelen,18,2004,1.9,51,45,6,1,0,0,6,0,4,2,1,0,38,0,0
Jonas Bager,DEN,DF,Charleroi,27,1996,16.7,609,582,26,18,0,3,6,7,0,0,0,0,466,1,5
Brandon Baiye,BEL,MF,Eupen,22,2000,23.0,890,863,22,22,0,7,5,0,0,0,0,0,735,5,18
Michel-Ange Balikwisha,BEL,"FW,MF",Antwerp,22,2001,19.8,851,734,113,17,2,3,127,17,78,24,22,0,627,4,34
William Balikwisha,COD,MF,Standard Liège,24,1999,12.1,555,543,10,1,3,4,49,0,1,1,0,0,424,2,24
Sacha Banse,BFA,MF,Standard Liège,22,2001,0.5,17,15,2,1,1,1,0,0,0,0,0,0,12,0,1
Ezechiel Banzuzi,NED,MF,OH Leuven,18,2005,19.4,686,673,12,11,2,4,10,1,0,0,0,0,496,1,14
Víctor Barberá,ESP,"FW,MF",Club Brugge,18,2004,0.4,9,9,0,0,0,0,1,0,0,0,0,0,4,0,0
Joselpho Barnes,GHA,"FW,MF",Sint-Truiden,21,2001,4.8,104,97,7,0,0,0,4,3,0,0,0,0,74,0,3
Jacob Barrett Laursen,DEN,DF,Standard Liège,28,1994,1.7,67,51,16,2,0,1,1,14,0,0,0,0,55,0,1
Norman Bassette,BEL,"FW,MF",Mechelen,18,2004,6.4,103,95,8,0,0,0,9,0,0,0,0,0,57,0,8
Jelle Bataille,BEL,DF,Antwerp,24,1999,24.2,1920,1628,287,21,1,7,74,263,3,0,2,0,1568,5,44
David Bates,SCO,DF,Mechelen,26,1996,23.2,1356,1315,38,30,1,2,0,7,0,0,0,0,1205,3,5
Emin Bayram,TUR,DF,Westerlo,20,2003,21.9,1243,1180,59,44,2,13,6,3,0,0,0,0,1009,4,11
Rafik Belghali,ALG,DF,Mechelen,21,2002,2.9,168,143,23,1,0,0,7,22,0,0,0,0,140,2,4
Nadhir Benbouali,ALG,"FW,MF",Charleroi,23,2000,3.7,112,109,3,0,1,0,1,0,0,0,0,0,76,0,5
Ján Bernát,SVK,MF,Westerlo,22,2001,0.0,2,2,0,0,0,0,0,0,0,0,0,0,1,0,1
Antoine Bernier,BEL,"FW,MF",Charleroi,25,1997,7.4,153,151,2,0,0,0,9,2,0,0,0,0,115,0,6
Adriano Bertaccini,BEL,"MF,FW",Sint-Truiden,22,2000,0.4,9,8,1,0,0,0,0,1,0,0,0,0,6,0,0
Mickaël Biron,MTQ,"FW,MF",RWD Molenbeek,25,1997,16.1,362,326,32,5,3,0,27,4,4,3,0,0,246,4,10
Nathan Bitumazala,FRA,"MF,FW",Eupen,20,2002,1.3,33,31,2,0,0,0,3,0,0,0,0,0,25,0,2
Eric Bocat,FRA,"DF,MF",Sint-Truiden,24,1999,27.2,1469,1240,226,13,1,3,80,212,1,0,0,0,1171,3,26
Arnaud Bodart,BEL,GK,Standard Liège,25,1998,29.0,952,664,285,61,0,0,0,0,0,0,0,0,639,3,1
Merveille Bokadi,COD,DF,Standard Liège,31,1992,14.5,790,746,42,31,2,1,1,2,0,0,0,0,686,2,2
Sinan Bolat,TUR,GK,Westerlo,34,1988,26.0,985,746,236,52,0,1,0,0,0,0,0,0,731,3,0
Boli Bolingoli-Mbombo,BEL,DF,Mechelen,28,1995,0.9,52,42,10,0,0,0,1,10,0,0,0,0,44,0,0
Christopher Bonsu Baah,GHA,FW,Genk,18,2004,13.2,486,471,13,1,2,7,23,12,0,0,0,0,341,2,26
Jordan Bos,AUS,DF,Westerlo,20,2002,19.0,895,732,160,4,2,0,39,156,0,0,0,0,670,3,29
Mohamed Bouchouari,BEL,DF,Anderlecht,22,2000,0.0,4,4,0,0,0,0,1,0,0,0,0,0,3,0,0
Mehdi Boukamir,MAR,DF,Charleroi,19,2004,5.2,240,224,15,7,0,0,2,6,0,0,0,0,178,1,3
Dedryck Boyata,BEL,"DF,MF",Club Brugge,32,1990,2.0,101,94,7,2,0,0,0,0,0,0,0,0,82,0,0
Jonatan Braut Brunes,NOR,FW,OH Leuven,22,2000,11.8,217,184,30,0,1,1,0,1,0,0,0,0,139,3,9
Archie Brown,ENG,DF,Gent,21,2002,18.3,1035,810,224,12,0,10,86,209,3,0,0,0,726,1,37
Massimo Bruno,BEL,"MF,FW",Kortrijk,29,1993,12.6,550,498,48,14,2,4,33,11,16,8,4,0,406,4,12
Tajon Buchanan,CAN,DF,Club Brugge,24,1999,9.2,517,411,104,9,0,2,31,95,0,0,0,0,394,2,12
Christian Burgess,ENG,DF,Union SG,31,1991,27.5,1430,1351,77,67,0,5,4,7,0,0,0,0,1181,2,6
Jean Butez,FRA,GK,Antwerp,28,1995,30.0,1410,1214,193,62,2,5,0,0,0,0,0,0,1085,3,2
Etienne Camara,FRA,MF,Charleroi,20,2003,3.8,185,185,0,0,0,1,4,0,0,0,0,0,134,0,5
Ilay Camara,BEL,"DF,MF",RWD Molenbeek,20,2003,17.8,701,539,162,13,4,2,49,133,16,3,7,0,506,0,25
Cihan Çanak,TUR,"DF,MF",Standard Liège,18,2005,6.9,298,225,68,19,1,0,56,36,11,9,2,0,201,5,6
Alessio Castro-Montes,BEL,DF,Gent,26,1997,0.7,70,62,8,1,0,1,1,7,0,0,0,0,49,0,2
Alessio Castro-Montes,BEL,DF,Union SG,26,1997,20.8,934,849,82,6,2,7,86,51,25,1,20,0,684,3,41
Nacer Chadli,BEL,"MF,FW",Westerlo,33,1989,7.9,345,332,11,2,2,2,15,9,0,0,0,0,270,2,10
Youssef Challouk,BEL,"MF,FW",Kortrijk,27,1995,0.5,25,25,0,0,1,0,3,0,0,0,0,0,19,0,0
Regan Charles-Cook,GRN,"FW,MF",Eupen,26,1997,14.9,351,317,34,0,1,1,18,10,2,0,0,0,268,0,16
Isaac Christie-Davies,WAL,MF,Eupen,25,1997,6.3,294,286,8,8,0,0,3,0,0,0,0,0,236,0,12
Elias Cobbaut,BEL,DF,Mechelen,25,1997,24.0,1441,1378,52,36,1,19,10,5,0,0,0,0,1218,11,9
Valentin Cojocaru,ROU,GK,OH Leuven,27,1995,3.0,100,73,26,6,0,0,0,1,0,0,0,0,92,1,0
Antoine Colassin,BEL,FW,Anderlecht,22,2001,0.1,6,6,0,0,0,0,0,0,0,0,0,0,6,0,0
Jo Coppens,BEL,GK,Sint-Truiden,32,1990,4.0,199,176,23,9,0,0,0,0,0,0,0,0,162,0,0
Kobe Corbanie,BEL,"DF,MF",Antwerp,18,2005,1.6,97,81,16,0,0,0,3,16,0,0,0,0,71,0,4
Gaëtan Coucke,BEL,GK,Mechelen,24,1998,30.0,1094,780,313,61,0,3,0,0,0,0,0,0,801,1,0
Soumaïla Coulibaly,FRA,DF,Antwerp,19,2003,15.1,1258,1209,48,17,0,7,1,6,0,0,0,0,1160,1,2
Carlos Cuesta,COL,DF,Genk,24,1999,22.8,1285,1214,68,47,1,5,1,11,0,0,0,0,1115,3,7
Hugo Cuypers,BEL,FW,Gent,26,1997,18.1,441,421,16,0,2,4,10,2,0,0,0,0,300,4,20
Oday Dabbagh,PLE,FW,Charleroi,24,1998,16.3,452,422,28,0,0,2,13,2,0,0,0,0,343,2,15
Erdon Daci,MKD,FW,Westerlo,25,1998,7.7,172,156,16,0,0,1,9,0,0,0,0,0,116,0,12
Jón Dagur Þorsteinsson,ISL,"FW,MF",OH Leuven,24,1998,20.3,753,646,99,21,1,4,95,35,39,10,15,0,489,8,42
Niklo Dailly,BEL,"MF,DF",RWD Molenbeek,21,2001,3.6,113,107,6,0,0,2,4,6,0,0,0,0,82,0,5
Jesper Daland,NOR,DF,Cercle Brugge,23,2000,28.1,1108,1081,23,21,0,1,4,2,0,0,0,0,709,4,15
Achraf Dari,MAR,DF,Charleroi,24,1999,3.5,147,140,6,6,0,1,0,0,0,0,0,0,97,1,1
Jason Davidson,AUS,DF,Eupen,32,1991,25.9,1588,1343,233,38,2,18,74,195,0,0,0,0,1120,12,38
Isaak Davies,WAL,FW,Kortrijk,21,2001,19.2,272,228,42,0,0,1,16,1,0,0,0,0,180,2,26
Maxim De Cuyper,BEL,DF,Club Brugge,22,2000,24.0,1790,1460,325,41,2,26,153,203,81,64,8,0,1423,5,22
Ritchie De Laet,BEL,DF,Antwerp,34,1988,10.9,758,654,100,15,1,1,13,83,0,0,0,0,632,4,6
Dion De Neve,BEL,"DF,MF",Kortrijk,21,2002,21.4,935,722,212,6,0,3,118,206,0,0,0,0,612,1,40
Alexis De Sart,BEL,MF,RWD Molenbeek,26,1996,5.4,213,204,6,4,4,0,3,2,0,0,0,0,144,3,5
Julien De Sart,BEL,MF,Gent,28,1994,28.3,1739,1661,67,58,4,68,20,4,4,1,2,0,1297,11,26
Tibe De Vlieger,BEL,"MF,FW",Gent,17,2005,0.4,30,29,1,0,0,0,1,1,0,0,0,0,22,0,0
Nils De Wilde,BEL,MF,Cercle Brugge,20,2003,8.0,295,266,27,24,1,1,7,1,2,0,2,0,188,2,5
Zeno Debast,BEL,DF,Anderlecht,19,2003,27.5,1996,1910,81,66,2,49,7,9,0,0,0,0,1687,5,11
Massimo Decoene,BEL,FW,Kortrijk,19,2004,0.1,13,11,2,0,0,0,1,2,0,0,0,0,9,0,0
Robbe Decostere,BEL,DF,Cercle Brugge,25,1998,0.0,7,5,2,0,0,0,0,2,0,0,0,0,4,0,0
Théo Defourny,BEL,GK,RWD Molenbeek,31,1992,29.8,894,564,324,95,0,3,0,0,0,0,0,0,581,6,0
Tristan Degreef,BEL,MF,Anderlecht,18,2005,0.0,2,2,0,0,0,0,0,0,0,0,0,0,1,0,0
Thomas Delaney,DEN,"MF,DF",Anderlecht,31,1991,10.1,507,489,17,8,0,2,11,3,0,0,0,0,353,1,14
Martin Delavallée,BEL,GK,Charleroi,19,2004,0.0,3,1,2,0,0,0,0,0,0,0,0,0,3,0,0
Hannes Delcroix,BEL,DF,Anderlecht,24,1999,0.1,1,1,0,0,0,0,0,0,0,0,0,0,1,0,0
Mathias Delorge,BEL,MF,Sint-Truiden,19,2004,29.5,1885,1792,88,76,3,35,11,11,1,0,0,0,1625,5,28
Olivier Deman,BEL,"DF,MF",Cercle Brugge,23,2000,4.2,214,158,56,0,0,0,19,56,0,0,0,0,154,0,5
Kévin Denkey,TOG,FW,Cercle Brugge,22,2000,27.7,668,637,27,1,6,1,2,3,0,0,0,0,444,4,32
Jerome Deom,BEL,"MF,FW",Eupen,24,1999,8.5,296,271,24,4,3,2,24,8,12,6,4,0,212,1,14
Laurent Depoitre,BEL,FW,Gent,34,1988,4.3,124,119,4,0,1,1,1,0,0,0,0,0,81,1,3
Gilles Dewaele,BEL,"DF,MF",Standard Liège,27,1996,7.5,464,373,91,9,0,0,24,77,5,1,4,0,329,0,17
Sada Diallo,BEL,"MF,DF",RWD Molenbeek,21,2002,1.0,45,42,3,1,0,0,0,2,0,0,0,0,36,0,2
Amadou Diawara,GUI,MF,Anderlecht,26,1997,6.6,278,275,3,3,1,1,0,0,0,0,0,0,235,0,2
Moussa Djenepo,MLI,"DF,FW",Standard Liège,25,1998,16.6,479,456,19,7,3,1,35,10,2,1,0,0,371,4,17
Noah Dodeigne,BEL,"DF,FW",Standard Liège,20,2003,0.4,19,14,5,4,0,0,1,1,0,0,0,0,15,0,0
Kasper Dolberg,DEN,FW,Anderlecht,25,1997,23.9,399,388,8,0,0,1,6,2,0,0,0,0,297,3,12
Joren Dom,BEL,"MF,DF",OH Leuven,33,1989,16.0,565,499,62,6,2,4,22,54,2,1,1,0,374,4,11
Djovkar Doudaev,BEL,DF,RWD Molenbeek,19,2003,2.3,113,108,5,0,0,1,1,5,0,0,0,0,95,0,3
Mahamadou Doumbia,MLI,MF,Antwerp,19,2004,4.1,151,149,2,1,0,0,3,1,0,0,0,0,127,0,4
Souleyman Doumbia,CIV,DF,Standard Liège,26,1996,6.2,441,371,70,13,1,3,8,52,5,3,0,0,368,0,8
Vetle Dragsnes,NOR,"DF,MF",Charleroi,29,1994,19.5,911,740,170,4,1,1,40,164,2,0,0,0,677,1,19
Denis Drăguș,ROU,FW,Standard Liège,24,1999,3.5,78,78,0,0,1,1,4,0,0,0,0,0,48,0,4
Anders Dreyer,DEN,"FW,MF",Anderlecht,25,1998,24.9,936,822,106,30,5,7,94,15,53,24,6,0,659,8,34
Olivier Dumont,BEL,MF,Sint-Truiden,21,2002,0.9,39,37,2,0,0,0,0,1,0,0,0,0,30,0,0
Maxime Dupé,FRA,GK,Anderlecht,30,1993,7.0,268,221,47,11,0,0,0,0,0,0,0,0,216,0,0
Pierre Dwomoh,BEL,MF,RWD Molenbeek,19,2004,25.3,986,963,19,16,6,2,13,3,0,0,0,0,774,4,18
Aron Dønnum,NOR,"DF,FW",Standard Liège,25,1998,4.8,197,150,47,4,1,8,23,31,12,5,6,1,133,0,2
Malcolm Ebiowei,ENG,"FW,MF",RWD Molenbeek,19,2003,1.6,46,39,7,3,1,0,7,1,3,1,0,0,31,0,2
Dennis Eckert,GER,FW,Union SG,26,1997,12.6,248,226,21,0,1,0,11,0,0,0,0,0,180,1,4
Malamine Efekele,FRA,"FW,MF",Cercle Brugge,19,2004,2.0,39,36,3,0,0,0,1,0,0,0,0,0,27,0,1
Chidera Ejuke,NGA,"FW,DF",Antwerp,25,1998,14.7,797,755,39,9,9,6,60,15,15,6,4,0,643,3,19
Jurgen Ekkelenkamp,NED,MF,Antwerp,23,2000,23.5,933,899,31,13,3,7,14,13,0,0,0,0,798,3,16
Renaud Emond,BEL,FW,Standard Liège,31,1991,1.1,23,23,0,0,0,0,0,0,0,0,0,0,12,0,1
Renaud Emond,BEL,FW,Eupen,31,1991,4.8,107,104,1,0,1,2,1,1,0,0,0,0,70,2,3
Romaric Etonde,FRA,MF,Cercle Brugge,18,2005,0.1,3,3,0,0,0,0,0,0,0,0,0,0,3,0,0
Alieu Fadera,GAM,"FW,DF",Genk,21,2001,10.7,388,371,15,4,2,2,29,11,0,0,0,0,284,2,13
Noah Fadiga,SEN,"DF,FW",Gent,23,1999,4.6,184,156,28,2,0,0,8,26,0,0,0,0,139,0,5
Matias Fernandez-Pardo,BEL,"FW,MF",Gent,18,2005,2.1,68,66,2,0,0,1,5,0,0,0,0,0,56,0,2
Fabio Ferraro,BEL,MF,RWD Molenbeek,20,2002,0.2,5,4,1,0,0,0,0,1,0,0,0,0,5,0,0
Oleksandr Filin,RUS,DF,Eupen,27,1996,9.7,491,469,21,15,0,2,4,0,0,0,0,0,378,1,5
Matteo Filorizzo,BEL,"FW,MF",Eupen,17,2006,0.4,7,7,0,0,0,0,2,0,0,0,0,0,3,0,1
Seydou Fini,ITA,"DF,FW",Standard Liège,17,2006,0.5,31,29,2,0,1,0,3,2,0,0,0,0,25,0,0
Alfreð Finnbogason,ISL,FW,Eupen,34,1989,12.5,320,296,18,1,0,2,4,3,1,0,0,0,201,6,11
Mathias Fixelles,BEL,MF,Westerlo,26,1996,6.4,307,293,14,7,1,7,12,5,1,0,1,0,232,0,10
Alexis Flips,FRA,"FW,MF",Anderlecht,23,2000,4.2,192,168,21,6,2,2,30,3,10,6,2,0,136,3,2
Malick Fofana,BEL,"DF,MF",Gent,18,2005,12.7,546,470,76,3,1,3,48,73,0,0,0,0,437,0,21
Núrio Fortuna,ANG,"DF,MF",Gent,28,1995,4.4,234,211,22,11,0,3,4,11,0,0,0,0,174,1,4
Marlon Fossey,USA,DF,Standard Liège,24,1998,18.0,965,756,208,10,0,2,49,197,1,0,0,0,726,1,31
Iver Fossum,NOR,"MF,FW",Kortrijk,27,1996,1.9,58,54,3,0,0,1,2,1,2,1,0,0,45,1,1
Daam Foulon,BEL,"DF,MF",Mechelen,24,1999,28.2,1565,1302,258,18,2,5,97,240,0,0,0,0,1171,5,51
Guillaume François,BEL,DF,Union SG,33,1990,0.8,17,16,1,1,0,0,3,0,0,0,0,0,10,0,0
Matija Frigan,CRO,FW,Westerlo,20,2003,11.2,186,165,21,2,2,1,5,2,0,0,0,0,121,0,10
Haruya Fujii,JPN,DF,Kortrijk,22,2000,5.0,220,211,9,8,0,0,1,1,0,0,0,0,170,0,1
Joel Fujita,JPN,MF,Sint-Truiden,21,2002,9.9,554,529,22,8,5,3,8,2,1,1,0,0,450,3,7
Matías Galarza,ARG,MF,Genk,21,2002,14.4,766,735,24,22,4,6,6,2,0,0,0,0,609,7,17
Omri Gandelman,ISR,MF,Gent,23,2000,8.7,318,309,7,4,2,3,3,3,0,0,0,0,216,2,13
Munashe Garan'anga,ZIM,DF,Mechelen,22,2001,4.9,241,211,28,4,0,0,1,24,0,0,0,0,182,2,4
Federico Gattoni,ARG,DF,Anderlecht,24,1999,1.1,84,82,2,1,0,0,0,0,0,0,0,0,79,0,0
Yann Gboho,FRA,"MF,FW",Cercle Brugge,22,2001,15.4,382,373,4,1,9,2,7,0,0,0,0,0,241,5,27
Théo Gécé,BEL,MF,RWD Molenbeek,22,2001,1.4,47,46,1,1,0,1,0,0,0,0,0,0,33,0,1
Pieter Gerkens,BEL,"MF,FW",Gent,27,1995,10.1,459,432,26,5,1,8,30,2,18,5,9,1,337,1,14
Nick Gillekens,BEL,GK,Westerlo,28,1995,4.0,176,146,29,4,0,1,0,0,0,0,0,0,137,1,1
Bruno Godeau,BEL,DF,Sint-Truiden,31,1992,27.5,2174,2077,90,63,2,31,7,10,0,0,0,0,1909,7,20
Fernand Gouré,CIV,"FW,MF",Westerlo,21,2002,0.3,12,12,0,0,0,0,1,0,0,0,0,0,5,0,1
Makhtar Gueye,SEN,FW,RWD Molenbeek,25,1997,24.2,546,532,11,1,4,2,4,1,0,0,0,0,304,3,18
Parfait Guiagon,CIV,"FW,MF",Charleroi,22,2001,15.2,539,531,5,1,2,2,5,3,0,0,0,0,421,3,30
Muhammed Gümüskaya,TUR,MF,Westerlo,22,2001,0.9,46,43,3,2,0,0,3,1,0,0,0,0,30,0,3
Pape Habib Guèye,SEN,FW,Kortrijk,23,1999,0.1,3,3,0,0,0,0,0,0,0,0,0,0,0,0,1
Anouar Ait El Hadj,BEL,"MF,FW",Genk,21,2002,3.1,140,130,10,0,0,0,10,4,5,1,3,0,105,0,4
Bakary Haidara,CIV,DF,Westerlo,18,2005,3.9,168,162,5,4,0,2,0,0,0,0,0,0,136,1,2
Geoffry Hairemans,BEL,"FW,MF",Mechelen,31,1991,23.1,1417,1232,180,50,7,21,135,37,78,35,25,0,1066,5,27
Daiki Hashioka,JPN,"DF,MF",Sint-Truiden,24,1999,16.7,907,791,114,3,0,3,43,111,0,0,0,0,734,2,22
Dogucan Haspolat,TUR,MF,Westerlo,23,2000,5.2,303,282,19,8,0,1,12,1,7,2,3,0,237,2,10
Ibe Hautekiet,BEL,DF,Standard Liège,21,2002,0.6,34,26,8,1,0,1,1,7,0,0,0,0,18,0,3
Isaac Hayden,ENG,MF,Standard Liège,28,1995,7.4,414,393,20,20,1,1,0,0,0,0,0,0,369,1,6
Thorgan Hazard,BEL,"FW,MF",Anderlecht,30,1993,15.3,747,678,65,17,4,9,55,17,25,10,10,0,599,4,22
David Henen,TOG,"MF,DF",Kortrijk,27,1996,2.9,118,97,21,5,0,2,5,15,1,0,0,0,87,0,7
Laurent Henkinet,BEL,GK,Standard Liège,30,1992,1.0,32,29,3,1,0,0,0,0,0,0,0,0,27,0,0
Jonathan Heris,BEL,DF,RWD Molenbeek,32,1990,9.7,445,383,62,12,1,3,15,50,0,0,0,0,348,0,7
Daan Heymans,BEL,"MF,FW",Charleroi,24,1999,18.5,827,810,12,2,2,10,28,4,0,0,0,0,576,5,16
Bryan Heynen,BEL,MF,Genk,26,1997,23.5,867,840,16,10,4,6,17,2,0,0,0,0,607,11,30
Andrew Hjulsager,DEN,"MF,DF",Gent,28,1995,7.9,312,286,21,2,1,1,41,7,12,4,5,2,210,5,12
Raphael Holzhauser,AUT,MF,OH Leuven,30,1993,0.8,46,38,8,2,0,1,7,0,5,1,3,0,34,0,2
Shion Homma,JPN,FW,Club Brugge,22,2000,0.1,3,3,0,0,0,0,0,0,0,0,0,0,3,0,0
Patrik Hrošovský,SVK,MF,Genk,31,1992,23.7,1116,1052,61,35,3,10,40,3,20,9,8,0,891,3,12
Guillaume Hubert,BEL,GK,RWD Molenbeek,29,1994,0.2,13,10,3,1,0,0,0,0,0,0,0,0,7,0,0
Nathan Huygevelde,BEL,MF,Union SG,19,2004,0.0,2,2,0,0,0,0,0,0,0,0,0,0,2,0,0
Hong Hyunseok,KOR,MF,Gent,24,1999,17.5,989,903,83,28,11,5,72,9,46,24,12,2,743,3,32
Mounaim El Idrissy,FRA,"FW,MF",Kortrijk,24,1999,8.1,278,241,35,3,0,3,13,25,0,0,0,0,172,2,11
Marco Ilaimaharitra,MAD,MF,Charleroi,28,1995,23.7,1381,1297,77,44,5,12,54,13,17,6,8,0,1071,7,39
George Ilenikhena,FRA,FW,Antwerp,16,2006,10.8,146,134,12,3,0,0,3,0,0,0,0,0,102,0,2
Joachim Imbrechts,SWE,GK,Union SG,21,2001,0.2,5,5,0,0,0,0,0,0,0,0,0,0,3,0,0
Ryotaro Ito,JPN,MF,Sint-Truiden,25,1998,19.8,1095,1011,75,32,3,14,35,5,18,11,5,0,955,9,19
Nordin Jackers,BEL,GK,Club Brugge,25,1997,2.9,109,74,35,5,0,0,0,0,0,0,0,0,80,0,0
Vincent Janssen,NED,"FW,MF",Antwerp,29,1994,25.6,865,804,56,8,4,24,14,9,0,0,0,0,663,5,22
Wolke Janssens,BEL,DF,Sint-Truiden,28,1995,3.7,251,242,9,3,0,1,0,6,0,0,0,0,230,0,1
Edisson Jordanov,BUL,"DF,MF",Westerlo,30,1993,6.5,321,266,52,0,0,1,14,52,0,0,0,0,247,3,11
Ferran Jutglà,ESP,FW,Club Brugge,24,1999,13.7,379,370,8,0,3,2,20,2,1,0,0,0,277,1,10
Elton Kabangu,BEL,"FW,MF",Union SG,25,1998,1.4,57,51,6,0,1,0,3,2,0,0,0,0,44,0,2
Abdoul Kader Yaméogo,CIV,DF,Club Brugge,18,2004,0.1,9,9,0,0,0,0,0,0,0,0,0,0,9,0,0
Abdelkahar Kadri,ALG,"MF,FW",Kortrijk,23,2000,25.4,1323,1162,157,70,7,7,111,13,70,35,23,0,991,4,25
Marco Kana,BEL,MF,Anderlecht,20,2002,0.2,6,6,0,0,0,0,0,0,0,0,0,0,5,0,0
Marco Kana,BEL,"MF,DF",Kortrijk,20,2002,14.5,667,648,18,17,0,4,4,1,0,0,0,0,529,1,15
Ismaël Kandouss,MAR,DF,Gent,25,1997,24.0,1451,1392,55,33,1,14,4,22,0,0,0,0,1208,4,13
Wilfried Kanga,CIV,FW,Standard Liège,25,1998,25.7,422,396,24,0,2,1,22,0,0,0,0,0,283,2,19
Kings Kangwa,ZAM,MF,Kortrijk,24,1999,1.8,97,95,2,0,0,0,4,1,0,0,0,0,82,0,0
Hayao Kawabe,JPN,"MF,FW",Standard Liège,27,1995,21.5,792,642,143,38,5,4,106,5,73,33,26,0,543,7,23
Fatih Kaya,,FW,Sint-Truiden,23,1999,13.0,233,214,19,0,4,3,4,3,0,0,0,0,178,0,10
Joris Kayembe,COD,DF,Genk,28,1994,14.1,877,708,163,18,0,9,49,145,0,0,0,0,672,6,22
Emilio Kehrer,GER,"MF,DF",Cercle Brugge,21,2002,0.4,18,18,0,0,0,0,0,0,0,0,0,0,11,0,0
Amadou Keita,GUI,"MF,FW",Eupen,21,2001,15.1,572,558,8,4,1,1,8,4,0,0,0,0,464,6,20
Mandela Keita,BEL,MF,OH Leuven,21,2002,0.7,35,35,0,0,0,1,0,0,0,0,0,0,33,0,0
Mandela Keita,BEL,MF,Antwerp,21,2002,16.5,1029,1003,26,20,0,5,0,6,0,0,0,0,918,0,9
Gyrano Kerk,SUR,"FW,MF",Antwerp,27,1995,9.8,293,283,10,1,1,0,24,9,0,0,0,0,183,0,21
Bilal El Khannouss,MAR,MF,Genk,19,2004,24.2,1489,1252,229,57,8,26,169,37,105,29,54,0,1086,8,43
Sofian Kiyine,MAR,"MF,FW",OH Leuven,25,1997,3.2,118,112,5,1,1,5,10,1,3,2,1,0,78,1,8
Willian Klaus,BRA,DF,RWD Molenbeek,29,1994,13.8,562,550,11,8,1,1,0,2,0,0,0,0,469,1,3
Stefan Knežević,SUI,DF,Charleroi,26,1996,9.2,395,360,34,13,1,0,3,17,0,0,0,0,287,1,6
Hervé Koffi,BFA,GK,Charleroi,26,1996,26.0,938,686,250,82,0,6,0,0,0,0,0,0,622,2,1
Aboubakary Koita,MTN,"MF,FW",Sint-Truiden,24,1998,25.3,828,740,84,13,11,17,71,15,55,39,1,0,638,4,26
Mory Konaté,GUI,"MF,DF",Mechelen,29,1993,13.5,566,557,8,6,0,1,3,2,0,0,0,0,462,1,9
Youssouf Koné,MLI,DF,RWD Molenbeek,28,1995,6.2,290,270,20,10,0,4,5,10,0,0,0,0,227,0,3
Jan Král,CZE,DF,Eupen,24,1999,9.0,550,524,24,13,1,4,2,1,0,0,0,0,416,2,4
Sven Kums,BEL,MF,Gent,35,1988,21.5,1498,1304,187,70,6,14,105,14,88,31,26,2,1251,7,21
Bram Lagae,BEL,DF,Gent,19,2004,1.5,96,93,3,2,0,0,0,1,0,0,0,0,89,0,0
Konstantinos Laifis,CYP,DF,Standard Liège,30,1993,18.7,1114,1050,63,29,0,7,2,22,0,0,0,0,939,1,15
Boris lambert,BEL,"MF,DF",Eupen,23,2000,15.8,699,683,14,13,1,13,7,1,0,0,0,0,506,2,11
Loïc Lapoussin,MAD,"DF,MF",Union SG,27,1996,23.0,1167,1072,88,16,3,7,57,68,4,0,0,0,906,7,37
Lion Lauberbach,GER,FW,Mechelen,25,1998,19.2,399,392,5,1,1,1,7,0,0,0,0,0,290,2,14
Dimitri Lavalée,BEL,DF,Mechelen,26,1997,2.1,168,153,13,2,0,2,0,2,0,0,0,0,141,2,0
Florian Le Joncour,FRA,DF,RWD Molenbeek,28,1995,9.7,531,431,99,22,1,6,0,51,0,0,0,0,407,1,5
Félix Lemaréchal,FRA,"MF,FW",Cercle Brugge,19,2003,17.4,767,695,71,26,5,4,84,3,38,12,26,0,510,1,30
Theo Leoni,BEL,MF,Anderlecht,23,2000,21.1,1278,1212,60,29,3,6,36,13,10,3,3,0,1075,6,15
Fedde Leysen,BEL,DF,Union SG,20,2003,3.7,194,155,39,5,0,0,1,34,0,0,0,0,138,0,2
Tobe Leysen,BEL,GK,OH Leuven,21,2002,16.0,631,411,217,75,0,4,0,0,0,0,0,0,414,3,1
Jonas Lietaert,BEL,"DF,MF",Cercle Brugge,19,2004,1.9,100,76,23,0,0,0,3,23,0,0,0,0,44,1,0
Heinz Lindner,AUT,GK,Union SG,33,1990,1.0,25,21,4,0,0,0,0,0,0,0,0,0,22,0,0
Justin Lonwijk,SUR,"MF,FW",Anderlecht,23,1999,0.5,18,18,0,0,0,0,0,0,0,0,0,0,12,0,0
Senne Lynen,BEL,MF,Union SG,24,1999,2.0,134,118,16,5,0,0,8,1,10,5,2,0,109,0,4
Kevin Mac Allister,ARG,DF,Union SG,25,1997,21.0,1273,1040,232,28,2,0,3,173,0,0,0,0,1047,1,12
Koki Machida,JPN,DF,Union SG,25,1997,22.2,1353,1173,174,20,1,3,11,153,0,0,0,0,1081,6,15
Nicolas Madsen,DEN,MF,Westerlo,23,2000,23.5,1140,979,155,64,2,17,109,25,66,26,31,0,869,6,20
Mathieu Maertens,BEL,"FW,MF",OH Leuven,28,1995,7.7,203,188,13,2,0,1,7,9,0,0,0,0,141,2,12
Gary Magnée,BEL,"DF,MF",Eupen,23,1999,21.8,955,709,243,28,4,4,136,136,79,31,30,0,657,3,23
Christ Makosso,CGO,DF,RWD Molenbeek,19,2004,4.0,171,162,6,6,0,2,1,0,0,0,0,0,104,3,1
Yonas Malede,ISR,"FW,MF",Mechelen,23,1999,3.6,105,99,6,2,0,1,14,3,0,0,0,0,80,0,3
Kristiyan Malinov,BUL,MF,Kortrijk,29,1994,9.7,422,407,13,9,1,0,2,3,1,0,0,0,328,2,11
Mark Mampasi,UKR,DF,Kortrijk,20,2003,18.9,729,691,35,20,0,5,1,15,0,0,0,0,553,3,8
Damien Marcq,FRA,DF,Charleroi,34,1988,15.8,707,663,43,14,0,9,3,4,0,0,0,0,576,1,9
Théo Maréchal,NED,"MF,FW",Eupen,18,2005,0.1,2,2,0,0,0,0,0,0,0,0,0,0,0,0,0
Eliot Matazo,BEL,MF,Antwerp,21,2002,0.2,25,24,1,0,0,2,2,0,1,0,1,0,18,0,0
Yusuke Matsuo,JPN,"MF,FW",Westerlo,26,1997,9.3,234,226,6,0,0,0,16,1,1,1,0,0,157,2,11
Youssef Maziz,FRA,"MF,FW",OH Leuven,25,1998,17.6,708,578,127,43,3,7,112,9,67,33,24,0,464,3,23
Dylan Mbayo,BEL,"FW,MF",Kortrijk,21,2001,5.0,142,135,7,0,0,1,8,6,0,0,0,0,107,0,7
Isaac Mbenza,BEL,"DF,FW",Charleroi,27,1996,17.5,747,592,149,33,5,9,130,38,77,27,40,0,509,6,18
Pathé Mboup,SEN,"MF,FW",RWD Molenbeek,19,2003,8.5,232,225,6,0,1,2,9,1,1,0,1,0,165,1,14
Mark McKenzie,USA,DF,Genk,24,1999,20.9,1369,1276,86,56,1,10,0,5,0,0,0,0,1183,7,4
Dire Mebude,SCO,"MF,FW",Westerlo,19,2004,1.1,30,28,2,0,1,0,1,2,0,0,0,0,23,0,1
Brandon Mechele,BEL,DF,Club Brugge,30,1993,29.8,2062,2000,59,43,0,14,1,6,0,0,0,0,1785,3,15
Nayel Mehssatou,CHI,"DF,MF",Kortrijk,21,2002,21.4,964,764,196,27,1,9,63,146,23,4,9,1,717,4,26
Bjorn Meijer,NED,DF,Club Brugge,20,2003,14.9,880,722,155,7,0,1,63,148,0,0,0,0,653,3,36
Hamza Mendyl,MAR,"DF,MF",OH Leuven,25,1997,16.7,616,504,110,6,0,0,30,104,0,0,0,0,460,2,16
Xavier Mercier,FRA,"MF,FW",RWD Molenbeek,34,1989,14.6,633,526,102,33,10,3,91,6,40,21,18,0,433,5,13
Billel Messaoudi,ALG,"DF,MF",Kortrijk,25,1997,0.3,14,14,0,0,0,0,0,0,0,0,0,0,11,0,1
Senna Miangue,BEL,DF,Cercle Brugge,26,1997,8.0,399,302,96,4,0,1,14,92,0,0,0,0,224,1,10
Alex Mighten,ENG,MF,Kortrijk,21,2002,2.7,55,52,3,0,1,0,5,0,3,1,0,0,42,0,4
Simon Mignolet,BEL,GK,Club Brugge,35,1988,27.1,986,783,203,50,0,1,0,0,0,0,0,0,800,0,0
Florian Miguel,FRA,DF,OH Leuven,26,1996,18.5,771,626,142,18,0,3,24,122,2,0,0,0,551,3,21
Alan Minda,ECU,"FW,MF",Cercle Brugge,20,2003,16.8,318,305,10,1,3,0,12,0,0,0,0,0,219,3,10
Kento Misao,JPN,MF,OH Leuven,27,1996,7.3,236,232,4,3,0,1,3,1,0,0,0,0,163,0,3
Stefan Mitrović,SRB,DF,Gent,33,1990,5.2,215,200,15,15,0,9,0,0,0,0,0,0,174,0,1
Kevin Möhwald,GER,MF,Eupen,30,1993,15.0,786,732,50,28,1,5,28,9,8,0,6,0,652,4,14
Lars Montegnies,BEL,MF,Kortrijk,17,2005,1.9,77,77,0,0,0,0,0,0,0,0,0,0,61,0,0
Luca Monticelli,BEL,MF,Anderlecht,18,2005,0.0,0,0,0,0,0,0,0,0,0,0,0,0,0,0,0
Roméo Monticelli,BEL,DF,Charleroi,17,2005,1.3,89,68,21,0,0,0,2,21,0,0,0,0,65,0,1
Ryota Morioka,JPN,MF,Charleroi,32,1991,10.1,573,542,29,16,0,11,13,1,9,3,6,0,464,2,13
Anthony Moris,LUX,GK,Union SG,33,1990,28.8,999,795,203,90,0,1,0,0,0,0,0,0,770,1,0
Kerim Mrabti,SWE,"MF,FW",Mechelen,29,1994,28.2,1047,998,43,11,2,7,29,7,7,3,3,0,837,6,35
Suphanat Mueanta,THA,"FW,MF",OH Leuven,20,2002,1.6,46,44,2,0,0,0,4,2,0,0,0,0,31,0,4
Arbnor Muja,ALB,"FW,MF",Antwerp,24,1998,13.4,554,512,38,7,1,4,33,28,3,0,1,0,432,4,14
Ngal'Ayel Mukau,,MF,Mechelen,18,2004,12.8,519,511,8,8,0,2,0,0,0,0,0,0,455,0,10
Romaine Mundle,ENG,"FW,MF",Standard Liège,20,2003,1.7,67,52,13,0,0,0,7,9,4,2,1,0,47,2,2
Daniel Muñoz,COL,DF,Genk,27,1996,16.0,1107,895,208,18,0,4,26,190,0,0,0,0,883,4,28
Moussa N'Diaye,SEN,DF,Anderlecht,21,2002,7.2,411,341,68,14,0,0,5,54,0,0,0,0,316,2,8
Ignace N'Dri,CIV,"FW,DF",OH Leuven,22,2000,5.6,146,124,21,1,0,0,22,17,2,1,0,0,93,1,16
Paul Nardi,FRA,GK,Gent,29,1994,10.0,283,165,118,31,0,0,0,0,0,0,0,0,211,0,0
Flávio Nazinho,POR,"DF,FW",Cercle Brugge,20,2003,12.6,577,402,173,12,0,0,98,130,31,7,24,0,300,2,25
Roman Neustädter,RUS,DF,Westerlo,35,1988,23.3,1270,1206,63,50,0,7,0,3,0,0,0,0,1104,1,13
Pierre-Yves Ngawa,BEL,"DF,MF",OH Leuven,31,1992,0.7,11,7,4,2,0,0,0,2,0,0,0,0,7,0,0
Julien Ngoy,BEL,"FW,MF",Mechelen,25,1997,1.5,24,24,0,0,0,0,2,0,0,0,0,0,18,0,3
Nathan Ngoy,BEL,DF,Standard Liège,20,2003,13.1,738,633,103,17,0,9,4,86,0,0,0,0,569,2,7
Casper Nielsen,DEN,MF,Club Brugge,29,1994,14.2,546,493,47,10,2,1,73,5,23,19,2,0,368,6,16
Bart Nieuwkoop,NED,DF,Union SG,27,1996,2.0,100,98,2,0,0,1,6,2,0,0,0,0,78,0,4
Gustaf Nilsson,SWE,FW,Union SG,26,1997,16.1,374,346,27,0,2,1,7,2,0,0,0,0,236,1,20
Ken Nkuba,BEL,"MF,DF",Charleroi,21,2002,1.7,76,66,10,0,0,0,14,10,0,0,0,0,54,0,7
Ken Nkuba,BEL,"DF,FW",Genk,21,2002,0.5,37,23,14,0,0,0,3,14,0,0,0,0,25,0,0
Lucas Noubi,BEL,DF,Standard Liège,18,2005,11.8,717,670,44,24,0,8,9,20,0,0,0,0,553,3,8
Nachon Nsingi,BEL,"FW,MF",OH Leuven,22,2001,13.5,280,258,21,0,1,2,34,9,0,0,0,0,187,1,14
Mitchy Ntelo,BEL,"FW,DF",Charleroi,22,2001,0.4,12,10,2,0,0,0,0,1,0,0,0,0,11,0,0
Isaac Nuhu,GHA,"FW,MF",Eupen,21,2002,25.3,609,524,80,6,3,4,43,17,15,9,5,0,439,5,26
Manaf Nurudeen,GHA,GK,Eupen,24,1999,2.0,105,54,48,11,0,0,0,0,0,0,0,0,60,3,0
Antonio Nusa,NOR,"FW,MF",Club Brugge,18,2005,11.2,398,367,23,6,1,5,44,7,9,8,1,0,290,8,15
Aiden O'Neill,AUS,MF,Standard Liège,25,1998,16.7,811,789,19,14,3,4,10,5,0,0,0,0,670,3,15
Denis Odoi,GHA,"DF,MF",Club Brugge,35,1988,6.4,396,320,74,11,0,2,11,63,0,0,0,0,320,2,9
Ryoya Ogawa,JPN,"DF,MF",Sint-Truiden,26,1996,2.2,146,132,14,0,0,1,16,13,1,1,0,0,120,0,4
Noah Ohio,NED,FW,Standard Liège,20,2003,3.5,91,90,1,0,0,1,1,1,0,0,0,0,69,0,1
Sheyi Ojo,ENG,"DF,FW",Kortrijk,26,1997,17.1,662,531,129,17,0,5,81,92,15,5,3,0,456,2,27
Shinji Okazaki,JPN,"FW,MF",Sint-Truiden,37,1986,0.7,11,11,0,0,0,0,0,0,0,0,0,0,10,0,1
Kazeem Olaigbe,BEL,"FW,MF",Cercle Brugge,20,2003,6.7,203,192,8,0,2,0,18,2,1,0,0,0,140,3,10
Jacob Ondrejka,SWE,"FW,MF",Antwerp,20,2002,7.7,306,242,62,12,0,1,70,3,47,16,26,0,192,2,9
Raphael Onyedika,NGA,MF,Club Brugge,22,2001,17.6,1055,1020,34,33,0,8,2,1,0,0,0,0,931,1,13
Nathan Opoku,GHA,FW,OH Leuven,22,2001,9.1,207,189,18,0,3,2,5,0,0,0,0,0,130,0,10
Raul Oprut,ROU,DF,Kortrijk,25,1998,1.4,58,51,7,0,0,0,6,7,0,0,0,0,38,0,4
Gift Orban,NGA,"FW,MF",Gent,21,2002,9.2,247,228,19,0,1,3,20,7,0,0,0,0,165,0,12
Joel Ordóñez,ECU,DF,Club Brugge,19,2004,5.2,282,270,11,8,0,1,0,3,0,0,0,0,245,1,0
Zakaria El Ouahdi,MAR,DF,Genk,21,2001,11.8,691,538,149,14,0,1,19,134,1,0,0,0,586,4,16
Zakaria El Ouahdi,MAR,DF,RWD Molenbeek,21,2001,4.8,151,129,22,2,1,1,5,18,2,1,1,0,123,0,7
Aziz Ouattara,CIV,MF,Genk,22,2001,3.2,139,135,4,4,0,3,0,0,0,0,0,0,102,0,4
Kader Ouattara,BFA,"FW,MF",Cercle Brugge,18,2005,0.5,19,19,0,0,0,0,2,0,0,0,0,0,12,0,2
Luca Oyen,BEL,"FW,MF",Genk,20,2003,7.1,175,167,8,0,0,0,12,2,5,3,2,0,128,0,8
Rune Paeshuyse,BEL,DF,Eupen,21,2002,25.2,1095,976,118,17,3,7,22,93,0,0,0,0,853,1,36
Joseph Paintsil,GHA,FW,Genk,25,1998,19.8,685,640,41,1,3,1,94,18,19,4,9,0,508,4,18
Victor Pálsson,ISL,DF,Eupen,32,1991,30.0,1501,1391,102,67,2,5,5,2,0,0,0,0,1233,8,7
Miloš Pantović,SRB,"MF,FW",Eupen,27,1996,14.3,563,517,40,13,4,1,42,7,16,7,5,0,382,6,13
Jonathan Panzo,ENG,DF,Standard Liège,22,2000,2.4,131,118,12,2,0,0,1,10,0,0,0,0,106,1,2
Louis Patris,BEL,DF,Anderlecht,22,2001,10.4,492,389,98,3,1,1,21,95,0,0,0,0,332,5,19
Pierre Patron,FRA,GK,Charleroi,25,1997,4.0,116,84,32,13,0,0,0,0,0,0,0,0,82,0,0
Shayne Pattynama,IDN,DF,Eupen,24,1998,0.5,26,21,5,0,0,0,3,5,0,0,0,0,17,0,0
Pietro Perdichizzi,BEL,DF,Westerlo,30,1992,6.0,335,293,42,16,0,9,2,1,0,0,0,0,289,0,2
Stipe Perica,CRO,"FW,MF",Standard Liège,28,1995,1.0,25,25,0,0,0,0,1,0,0,0,0,0,17,0,1
Jérémy Pétris,FRA,DF,Charleroi,25,1998,7.0,307,210,96,0,1,2,23,96,0,0,0,0,177,1,20
Patrick Pflücke,GER,"FW,DF",Mechelen,26,1996,12.9,563,494,65,7,1,8,66,23,33,12,13,0,425,4,15
Del Piage,BRA,MF,RWD Molenbeek,23,2000,0.7,38,38,0,0,0,0,1,0,0,0,0,0,22,0,3
Arthur Piedfort,BEL,"MF,DF",Westerlo,18,2005,16.3,660,636,23,18,0,1,5,2,0,0,0,0,519,1,15
Lucas Pirard,BEL,GK,Kortrijk,28,1995,9.0,303,172,130,39,0,0,0,0,0,0,0,0,165,1,0
Ewoud Pletinckx,BEL,DF,OH Leuven,22,2000,30.0,1225,1164,57,43,0,11,3,8,0,0,0,0,1024,4,18
Boris Popović,SRB,DF,Cercle Brugge,23,2000,22.2,645,634,7,7,0,0,2,0,0,0,0,0,372,4,9
Ángelo Preciado,ECU,"DF,FW",Genk,25,1998,0.7,63,53,10,3,0,0,5,7,0,0,0,0,55,0,0
Maxence Prevot,FRA,GK,OH Leuven,26,1997,11.0,409,262,146,46,0,1,0,0,0,0,0,0,298,1,0
Isaac Price,NIR,"MF,DF",Standard Liège,19,2003,18.4,896,801,88,16,5,9,59,61,10,1,8,0,635,7,15
Cameron Puertas,SUI,MF,Union SG,24,1998,26.9,1216,1062,149,53,7,8,160,9,86,68,11,0,859,5,37
Abdoul Rachid Ayinde,BFA,"DF,MF",Gent,18,2005,0.1,13,11,2,0,0,0,2,2,0,0,0,0,12,0,1
Aleksandar Radovanović,SRB,DF,Kortrijk,29,1993,10.9,442,419,22,15,0,4,1,1,0,0,0,0,338,1,1
Toon Raemaekers,BEL,"DF,MF",Mechelen,22,2000,1.3,87,79,8,6,0,1,2,2,0,0,0,0,79,0,2
Benito Raman,BEL,FW,Anderlecht,28,1994,3.1,89,84,4,2,1,0,9,1,0,0,0,0,55,1,6
Mathias Rasmussen,NOR,MF,Union SG,25,1997,17.5,718,648,65,20,7,1,62,3,41,29,6,0,519,5,17
Christiaan Ravych,BEL,DF,Cercle Brugge,21,2002,11.9,350,329,20,0,0,1,3,20,0,0,0,0,225,1,4
Jeff Reine-Adélaïde,FRA,MF,RWD Molenbeek,25,1998,15.2,734,654,73,18,4,8,34,5,16,12,4,0,589,7,10
Bryan Reynolds,USA,DF,Westerlo,22,2001,26.2,1342,1052,285,14,2,7,56,271,0,0,0,0,982,5,31
Federico Ricca,URU,DF,OH Leuven,28,1994,16.5,1039,969,61,38,0,14,2,17,0,0,0,0,841,9,10
Rikelmi,BRA,"MF,FW",RWD Molenbeek,21,2001,3.0,108,108,0,0,0,0,1,0,0,0,0,0,93,0,3
Mats Rits,BEL,MF,Anderlecht,30,1993,23.7,1133,1095,35,23,5,2,15,2,5,2,1,0,867,3,14
Mats Rits,BEL,MF,Club Brugge,30,1993,0.9,63,55,8,3,0,1,3,0,3,0,2,0,50,0,2
Kevin Rodríguez,ECU,FW,Union SG,23,2000,4.9,137,130,6,1,1,1,5,1,0,0,0,0,95,1,5
Davy Roef,BEL,GK,Gent,29,1994,12.0,359,256,103,16,0,1,0,0,0,0,0,0,288,0,0
Žan Rogelj,SVN,"DF,MF",Charleroi,23,1999,23.2,1134,850,278,6,0,2,87,266,6,1,3,0,844,6,36
Tuur Rommens,BEL,DF,Westerlo,20,2003,10.5,597,457,138,20,0,5,38,117,1,1,0,0,407,2,19
Franco Russo,ARG,DF,OH Leuven,28,1994,0.6,11,10,1,0,0,0,0,1,0,0,0,0,9,0,0
Kyriani Sabbe,BEL,DF,Club Brugge,18,2005,6.3,375,319,56,4,0,1,16,52,0,0,0,0,310,0,8
Mujaid Sadick,ESP,DF,Genk,23,2000,16.0,794,762,31,20,0,2,0,4,0,0,0,0,730,1,5
Noah Sadiki,COD,MF,Union SG,18,2004,12.7,496,490,5,5,2,0,6,0,0,0,0,0,408,1,6
Richie Sagrado,BEL,"DF,MF",OH Leuven,19,2004,18.9,594,470,124,5,0,0,29,119,0,0,0,0,457,0,10
Hakim Sahabo,RWA,MF,Standard Liège,18,2005,5.3,274,262,12,11,2,2,1,1,0,0,0,0,227,0,4
Marsoni Sambu,ANG,DF,RWD Molenbeek,27,1996,11.7,550,445,105,9,0,0,14,96,0,0,0,0,410,0,22
Matisse Samoise,BEL,DF,Gent,21,2001,25.9,1704,1412,290,10,1,31,76,279,1,0,0,0,1322,2,59
Philipe Sampaio,BRA,DF,RWD Molenbeek,28,1994,4.5,179,173,6,6,0,1,0,0,0,0,0,0,145,0,2
Killian Sardella,BEL,DF,Anderlecht,21,2002,22.0,1140,973,164,7,0,8,80,157,0,0,0,0,869,3,26
Mamadou Sarr,FRA,"MF,DF",RWD Molenbeek,17,2005,6.0,245,235,9,9,1,3,5,0,0,0,0,0,189,1,2
Allahyar Sayyadmanesh,IRN,"FW,MF",Westerlo,22,2001,4.3,104,98,2,0,2,2,8,2,0,0,0,0,61,4,4
Joël Schingtienne,BEL,DF,OH Leuven,20,2002,21.7,875,777,96,27,0,4,5,68,0,0,0,0,713,2,16
Kasper Schmeichel,DEN,GK,Anderlecht,36,1986,23.0,884,698,185,45,0,5,0,0,0,0,0,0,710,1,0
Daniel Schmidt,JPN,GK,Gent,31,1992,8.0,249,187,62,14,0,1,0,0,0,0,0,0,181,0,0
Daniel Schmidt,JPN,GK,Sint-Truiden,31,1992,4.0,160,137,23,11,0,0,0,0,0,0,0,0,132,0,0
Rob Schoofs,BEL,MF,Mechelen,29,1994,27.0,1608,1541,54,34,11,16,30,6,2,1,0,0,1277,13,34
Siebe Schrijvers,BEL,MF,OH Leuven,27,1996,27.4,1254,1137,108,66,3,23,65,12,30,15,10,1,921,9,23
Christopher Scott,GER,MF,Antwerp,21,2002,0.1,5,5,0,0,0,0,0,0,0,0,0,0,4,0,0
Djiby Seck,SEN,"FW,MF",Kortrijk,19,2004,0.6,14,10,4,0,0,0,0,2,0,0,0,0,12,0,1
Luis Segovia,ECU,DF,RWD Molenbeek,25,1997,11.3,657,613,44,20,0,7,4,2,0,0,0,0,548,0,11
Matias Segovia,PAR,"FW,MF",RWD Molenbeek,20,2003,0.4,14,12,2,0,0,0,1,2,0,0,0,0,8,0,1
Jordan Semedo,FRA,DF,Cercle Brugge,20,2003,5.4,261,177,83,4,0,1,13,79,0,0,0,0,171,1,5
Raz Shlomo,ISR,"MF,DF",OH Leuven,23,1999,5.8,181,167,14,2,0,2,0,12,0,0,0,0,113,0,3
Florent da Silva,FRA,MF,RWD Molenbeek,20,2003,5.6,289,268,21,3,1,0,20,1,17,5,8,0,206,0,4
João Silva,POR,DF,Kortrijk,24,1999,28.5,911,854,55,29,0,1,1,2,0,0,0,0,732,2,7
Leonardo da Silva Lopes,POR,"MF,DF",Cercle Brugge,24,1998,19.8,715,702,6,2,1,1,12,3,0,0,0,0,471,7,15
Hugo Siquet,BEL,DF,Cercle Brugge,21,2002,18.0,959,591,362,46,0,3,204,224,92,32,56,0,488,6,20
Abdoulaye Sissako,FRA,MF,Kortrijk,25,1998,21.0,964,938,21,18,3,7,10,2,0,0,0,0,732,5,21
Moussa Sissako,MLI,DF,RWD Molenbeek,22,2000,11.0,454,430,23,17,1,4,1,1,0,0,0,0,365,1,2
Michał Skóraś,POL,"FW,MF",Club Brugge,23,2000,5.0,225,193,32,3,2,1,42,6,23,12,8,0,156,0,6
Andreas Skov Olsen,DEN,FW,Club Brugge,23,1999,23.6,1004,945,53,3,4,9,97,26,24,22,0,0,735,6,38
Islam Slimani,ALG,FW,Mechelen,35,1988,4.5,152,149,3,0,0,0,5,1,0,0,0,0,108,0,6
Gaga Slonina,USA,GK,Eupen,19,2004,28.0,1019,726,290,55,0,2,0,0,0,0,0,0,749,3,1
Matte Smets,BEL,DF,Sint-Truiden,19,2004,30.0,2190,2111,73,36,1,11,1,3,0,0,0,0,2011,6,4
Milan Smits,BEL,MF,Antwerp,18,2004,0.8,28,28,0,0,0,0,0,0,0,0,0,0,23,0,1
Eduard Sobol,UKR,DF,Genk,28,1995,3.6,197,149,47,1,0,1,5,46,0,0,0,0,153,1,3
Frederic Soelle Soelle,BEL,FW,Mechelen,17,2005,0.3,6,6,0,0,0,0,0,0,0,0,0,0,5,0,1
Frederic Soelle Soelle,BEL,"FW,MF",RWD Molenbeek,17,2005,0.7,13,11,2,0,0,0,0,0,0,0,0,0,10,0,0
Thibo Somers,BEL,"FW,MF",Cercle Brugge,24,1999,25.5,818,736,77,0,1,0,42,76,1,0,0,0,446,5,26
Momodou Sonko,SWE,FW,Gent,18,2005,1.3,33,32,1,0,0,0,1,0,0,0,0,0,29,0,2
Yira Sor,NGA,FW,Genk,23,2000,11.9,261,258,2,1,2,0,4,1,0,0,0,0,192,1,7
David Sousa,BRA,DF,RWD Molenbeek,22,2001,7.5,358,325,28,15,0,1,2,13,0,0,0,0,247,5,9
Kamal Sowah,GHA,"FW,MF",Standard Liège,23,2000,13.6,567,552,11,0,4,0,29,7,0,0,0,0,412,4,26
Jorne Spileers,BEL,DF,Club Brugge,18,2005,22.9,1609,1546,62,34,0,9,0,14,0,0,0,0,1468,1,4
Lucas Stassin,BEL,"FW,MF",Westerlo,18,2004,9.6,182,166,14,0,0,2,8,0,1,0,0,0,124,2,9
Jarne Steuckers,BEL,"MF,FW",Sint-Truiden,21,2002,27.1,1634,1481,148,32,20,42,162,42,67,35,11,1,1225,5,48
Nikola Storm,BEL,"FW,MF",Mechelen,28,1994,10.9,407,372,34,3,1,6,56,12,19,7,5,0,291,1,18
Mario Stroeykens,BEL,"MF,FW",Anderlecht,18,2004,18.8,920,905,14,4,4,3,15,5,1,0,0,0,739,1,27
Nikola Štulić,SRB,"FW,MF",Charleroi,21,2001,4.9,122,113,9,0,0,0,2,0,0,0,0,0,90,0,3
Franck Surdez,SUI,"FW,DF",Gent,21,2002,0.6,26,26,0,0,0,0,3,0,0,0,0,0,19,0,1
Zion Suzuki,JPN,GK,Sint-Truiden,20,2002,22.0,1010,853,148,47,0,0,0,0,0,0,0,0,774,9,2
Serhiy Sydorchuk,UKR,MF,Westerlo,32,1991,21.4,1096,1059,35,12,5,4,6,0,0,0,0,0,879,2,25
Ross Sykes,ENG,DF,Union SG,24,1999,14.1,861,688,168,20,1,1,17,121,0,0,0,0,670,5,6
Youssuf Sylla,BEL,FW,Charleroi,20,2002,6.9,186,168,18,0,1,1,2,0,0,0,0,0,127,0,10
Ravil Tagir,TUR,DF,Westerlo,20,2003,10.9,696,645,46,20,0,11,6,17,0,0,0,0,586,5,4
Chemsdine Talbi,BEL,"DF,FW",Club Brugge,18,2005,0.1,9,9,0,0,0,0,0,0,0,0,0,0,7,0,2
Henok Teklab,GER,DF,Union SG,24,1998,3.8,143,135,5,1,0,0,8,4,0,0,0,0,109,3,4
Casper Terho,FIN,DF,Union SG,20,2003,10.9,393,369,19,3,1,2,22,13,3,2,0,0,280,5,10
Thiago,BRA,FW,Club Brugge,22,2001,20.4,432,418,12,0,1,0,4,2,0,0,0,0,306,2,18
Jean Thierry Lazare,CIV,"MF,FW",Union SG,25,1998,15.1,493,481,10,0,5,0,30,8,1,0,0,0,329,2,20
Tarik Tissoudali,MAR,"FW,MF",Gent,30,1993,17.1,559,537,20,1,0,5,14,3,2,0,0,0,404,2,28
Jordan Torunarigha,GER,DF,Gent,25,1997,20.5,1270,1228,41,30,4,23,5,11,0,0,0,0,1059,1,11
Adrien Trebel,FRA,"MF,DF",Charleroi,32,1991,1.2,74,69,5,1,0,0,5,1,2,2,0,0,58,0,0
Mike Trésor,BEL,FW,Genk,24,1999,1.3,81,68,13,4,0,1,15,1,8,4,2,0,55,0,6
Ryotaro Tsunoda,JPN,DF,Kortrijk,24,1999,8.8,407,381,26,18,1,1,5,8,0,0,0,0,278,0,11
Victor Udoh,NGA,"FW,MF",Antwerp,18,2004,0.8,33,31,2,0,0,0,7,1,0,0,0,0,21,0,0
Edgaras Utkus,LTU,DF,Cercle Brugge,23,2000,15.9,697,599,92,4,0,3,8,88,0,0,0,0,372,6,11
Kyan Vaesen,BEL,FW,Westerlo,22,2001,5.7,141,137,3,0,0,1,1,1,0,0,0,0,93,1,4
Anthony Valencia,ECU,"FW,MF",Antwerp,20,2003,2.1,122,119,2,0,1,0,2,1,1,1,0,0,98,1,2
Jules Van Cleemput,BEL,DF,Charleroi,26,1997,7.9,286,275,8,8,0,6,6,0,0,0,0,0,199,3,6
Zeno Van den Bosch,BEL,DF,Antwerp,20,2003,14.8,1141,1089,49,21,0,9,2,22,0,0,0,0,1018,3,7
Thomas Van den Keybus,BEL,"MF,FW",Westerlo,22,2001,14.1,536,488,48,12,1,3,61,19,17,7,6,0,381,0,22
Hannes Van der Bruggen,BEL,MF,Cercle Brugge,30,1993,20.7,970,864,96,76,3,1,23,1,5,0,5,0,618,10,11
Stan Van Dessel,BEL,"MF,DF",Sint-Truiden,22,2001,0.7,56,51,5,2,0,1,5,0,3,1,1,0,46,0,0
Lukas Van Eenoo,BEL,"MF,DF",Westerlo,32,1991,4.3,192,179,13,5,0,0,14,1,7,3,3,0,138,0,5
Yentl Van Genechten,BEL,DF,Eupen,22,2000,17.4,659,503,152,3,0,10,33,149,0,0,0,0,426,4,39
Jannes Van Hecke,BEL,"MF,DF",Mechelen,21,2002,4.6,303,265,38,3,0,0,19,35,0,0,0,0,230,0,11
Rein Van Helden,BEL,DF,Sint-Truiden,21,2002,27.5,2009,1946,58,31,0,19,4,22,0,0,0,0,1759,5,16
Alec Van Hoorenbeeck,BEL,DF,Mechelen,24,1998,0.5,38,33,4,0,0,0,5,4,0,0,0,0,28,1,2
Hans Vanaken,BEL,MF,Club Brugge,30,1992,28.2,1810,1715,92,36,14,29,22,34,0,0,0,0,1499,3,35
Tom Vandenberghe,BEL,GK,Kortrijk,30,1992,21.0,694,454,237,83,0,1,0,0,0,0,0,0,427,3,0
Matteo Vandendaele,BEL,DF,RWD Molenbeek,18,2005,0.2,13,12,1,1,0,0,0,0,0,0,0,0,8,0,0
Maarten Vandevoordt,BEL,GK,Genk,21,2002,30.0,1101,868,226,57,1,0,0,0,0,0,0,0,790,7,0
Zinho Vanheusden,BEL,DF,Standard Liège,24,1999,19.4,1213,1143,61,48,2,11,5,6,0,0,0,0,972,9,7
Charles Vanhoutte,BEL,MF,Union SG,24,1998,24.8,1358,1279,74,47,2,14,22,19,8,3,4,0,1105,5,19
Jordi Vanlerberghe,BEL,"DF,MF",Mechelen,27,1996,18.3,1263,1219,40,22,1,25,11,8,0,0,0,0,1029,4,15
Robert-Jan Vanwesemael,BEL,DF,Sint-Truiden,21,2002,5.1,230,194,34,1,0,0,3,33,0,0,0,0,203,2,2
Luis Vázquez,ARG,FW,Anderlecht,22,2001,7.7,191,188,1,0,1,0,2,0,0,0,0,0,126,2,9
Romeo Vermant,BEL,FW,Westerlo,19,2004,5.4,88,87,0,0,0,0,0,0,0,0,0,0,57,1,3
Romeo Vermant,BEL,FW,Club Brugge,19,2004,0.1,2,2,0,0,0,0,0,0,0,0,0,0,2,0,0
Arthur Vermeeren,BEL,MF,Antwerp,18,2005,20.8,1091,1055,32,16,2,7,19,11,5,2,2,0,933,4,16
Yari Verschaeren,BEL,"MF,FW",Anderlecht,22,2001,10.3,514,485,28,4,5,3,17,4,6,2,1,0,436,1,11
Jan Vertonghen,BEL,DF,Anderlecht,36,1987,26.9,1859,1710,146,82,2,22,7,7,0,0,0,0,1608,3,7
Hugo Vetlesen,NOR,MF,Club Brugge,23,2000,20.6,1052,1010,37,27,4,3,15,2,0,0,0,0,904,5,27
Sam Vines,USA,DF,Antwerp,24,1999,2.3,164,143,21,2,0,0,8,15,4,1,2,0,131,0,4
Thibault Vlietinck,BEL,"DF,FW",OH Leuven,25,1997,5.1,231,186,45,4,1,0,30,32,9,1,7,0,166,0,6
Sandy Walsh,IDN,DF,Mechelen,28,1995,16.9,903,764,138,8,1,4,23,130,0,0,0,0,726,1,15
Warleson,BRA,GK,Cercle Brugge,26,1996,30.0,848,493,350,170,0,2,0,0,0,0,0,0,366,5,1
Martin Wasinski,BEL,DF,Kortrijk,19,2004,6.3,343,304,39,10,0,6,4,29,0,0,0,0,278,0,5
Tsuyoshi Watanabe,JPN,DF,Gent,26,1997,25.8,1433,1411,18,18,0,4,0,0,0,0,0,0,1218,4,5
Owen Wijndal,NED,DF,Antwerp,23,1999,17.1,1239,1086,151,22,0,3,54,111,18,7,0,0,1083,2,15
Rihito Yamamoto,JPN,"MF,FW",Sint-Truiden,21,2001,8.1,311,300,11,2,2,1,14,2,5,3,0,0,243,0,6
Roman Yaremchuk,UKR,FW,Club Brugge,27,1995,0.7,26,26,0,0,0,0,1,0,0,0,0,0,22,0,0
Kelvin Yeboah,ITA,FW,Standard Liège,23,2000,4.9,88,84,3,0,1,0,3,0,0,0,0,0,57,1,5
Daisuke Yokota,JPN,"FW,MF",Gent,23,2000,3.5,112,109,3,0,0,1,7,2,0,0,0,0,83,0,4
Lorenzo Youndje,BEL,"DF,MF",Eupen,18,2005,1.0,54,44,10,0,0,0,9,10,0,0,0,0,39,0,2
Griffin Yow,USA,"FW,MF",Westerlo,20,2002,16.7,375,344,30,2,2,1,51,3,24,10,7,0,243,1,20
Alhassan Yusuf,NGA,MF,Antwerp,23,2000,12.2,694,668,26,15,0,0,13,9,0,0,0,0,562,0,16
Kahveh Zahiroleslam,USA,FW,Sint-Truiden,21,2002,13.9,234,219,15,0,1,0,6,1,0,0,0,0,147,0,10
Andi Zeqiri,SUI,"FW,MF",Genk,24,1999,7.6,129,110,18,0,0,0,2,1,0,0,0,0,88,1,7
Philip Zinckernagel,DEN,"FW,MF",Club Brugge,28,1994,16.8,663,602,61,18,3,2,86,10,32,23,3,0,486,0,25
Adem Zorgane,ALG,MF,Charleroi,23,2000,20.5,1753,1656,83,45,12,18,92,5,33,12,9,0,1379,14,39
