Player,Nation,Pos,Squad,Age,Born,90s,Tackles,TacklesWon,TacklesDef3rd,TacklesMid3rd,TacklesAtt3rd,DribTkl,DribTklAtt,DribTkl%,ChallengesLost,Blocks,ShotsBlocked,PassesBlocked,Int,Tkl+Int,Clr,ErrorsLeadingToShot
Mohamed Abdelmoneim,EGY,DF,Nice,25-280,1999,1.0,2,2,1,1,0,2,2,100.0,0,2,1,1,1,3,2,0
Ali Abdi,TUN,"MF,DF",Nice,30-323,1993,0.5,2,1,0,2,0,1,2,50.0,1,0,0,0,0,2,0,0
Taha Abdi Ali,SWE,FW,Malmö,26-129,1998,1.2,1,0,0,0,1,0,1,0.0,1,0,0,0,0,1,1,0
Jalal Abdulai,GHA,FW,Elfsborg,19-307,2005,0.9,1,1,0,1,0,0,0,,0,0,0,0,0,1,1,0
Saud Abdulhamid,KSA,DF,Roma,25-112,1999,0.9,4,0,1,0,3,3,3,100.0,0,0,0,0,1,5,2,0
Mohammad Abu Fani,ISR,MF,Ferencváros,26-194,1998,2.7,5,3,2,3,0,3,16,18.8,13,5,3,2,1,6,4,0
Emmanuel Addai,GHA,"MF,FW",Qarabağ,23-098,2001,0.5,2,1,0,2,0,0,0,,0,0,0,0,0,2,0,0
Jayden Addai,NED,FW,AZ Alkmaar,19-073,2005,0.4,0,0,0,0,0,0,0,,0,0,0,0,0,0,1,0
Henry Addo,SVK,FW,Maccabi Tel Aviv,21-190,2003,0.7,0,0,0,0,0,0,0,,0,1,0,1,0,0,0,0
Prince Adu Kwabena,GHA,FW,Viktoria Plzeň,21-045,2003,2.6,3,2,1,1,1,1,2,50.0,1,2,0,2,0,3,1,0
Julen Agirrezabala,ESP,GK,Athletic Club,23-317,2000,3.0,0,0,0,0,0,0,0,,0,0,0,0,0,0,1,0
Nayef Aguerd,MAR,DF,Real Sociedad,28-222,1996,1.5,2,1,1,1,0,0,0,,0,2,2,0,1,3,3,0
Yunus Akgün,TUR,"FW,DF",Galatasaray,24-123,2000,2.9,2,2,1,0,1,0,1,0.0,1,1,0,1,2,4,1,0
Kevin Akpoguma,NGA,DF,Hoffenheim,29-202,1995,1.8,11,7,6,3,2,9,12,75.0,3,3,2,1,0,11,9,0
Chuba Akpom,ENG,FW,Ajax,29-029,1995,0.9,0,0,0,0,0,0,1,0.0,1,0,0,0,0,0,2,0
Baba Alhassan,GHA,"MF,FW",FCSB,24-309,2000,1.1,2,2,2,0,0,2,5,40.0,3,0,0,0,6,8,3,1
Mohamed Ali Cho,FRA,"FW,MF",Nice,20-293,2004,0.5,0,0,0,0,0,0,0,,0,0,0,0,0,0,0,0
Dinis Almeida,POR,DF,Ludogorets,29-132,1995,2.9,4,2,3,1,0,3,5,60.0,2,1,1,0,4,8,16,0
Barış Alper Yılmaz,TUR,"FW,DF",Galatasaray,24-168,2000,2.8,5,4,1,1,3,1,2,50.0,1,3,0,3,1,6,4,0
Aurele Amenda,SUI,DF,Eint Frankfurt,21-099,2003,1.1,1,0,1,0,0,1,1,100.0,0,2,2,0,0,1,5,0
Sofyan Amrabat,MAR,MF,Fenerbahçe,28-078,1996,3.0,3,2,1,2,0,2,5,40.0,3,4,1,3,3,6,3,0
Francis Amuzu,BEL,FW,Anderlecht,25-076,1999,0.4,0,0,0,0,0,0,0,,0,0,0,0,0,0,0,0
Joel Andersson,SWE,DF,Midtjylland,27-362,1996,2.8,10,8,9,1,0,5,9,55.6,4,1,1,0,1,11,10,1
Leandro Andrade,CPV,"FW,MF",Qarabağ,25-044,1999,1.8,2,0,0,1,1,0,0,,0,5,0,5,0,2,3,0
Patrick Andrade,CPV,MF,Qarabağ,31-272,1993,2.1,9,7,3,6,0,2,2,100.0,0,4,3,1,3,12,3,1
Fredrik André Bjørkan,NOR,DF,Bodø/Glimt,26-078,1998,2.9,7,4,4,3,0,3,9,33.3,6,4,1,3,7,14,5,0
Valdemar Andreasen,DEN,MF,Midtjylland,19-287,2005,0.3,2,2,1,1,0,0,1,0.0,1,0,0,0,0,2,4,0
Oleksandr Andriyevskyi,UKR,MF,Dynamo Kyiv,30-135,1994,0.9,2,0,2,0,0,0,3,0.0,3,1,0,1,3,5,3,0
Angeliño,ESP,DF,Roma,27-308,1997,3.0,3,2,1,1,1,2,2,100.0,0,5,1,4,4,7,8,0
Nilson Angulo,ECU,FW,Anderlecht,21-141,2003,0.5,0,0,0,0,0,0,0,,0,0,0,0,0,0,0,0
Antony,BRA,FW,Manchester Utd,24-257,2000,0.4,0,0,0,0,0,0,0,,0,1,0,1,0,0,0,0
Jon Aramburu,VEN,DF,Real Sociedad,22-107,2002,1.2,3,2,0,1,2,2,3,66.7,1,2,0,2,0,3,8,0
Bright Arrey-Mbi,GER,DF,Braga,21-226,2003,1.1,3,2,3,0,0,2,2,100.0,0,2,1,1,0,3,10,0
Tyrese Asante,NED,DF,Maccabi Tel Aviv,22-212,2002,1.0,0,0,0,0,0,0,1,0.0,1,2,1,1,3,3,9,0
Majeed Ashimeru,GHA,MF,Anderlecht,27-028,1997,0.9,3,1,0,3,0,0,2,0.0,2,1,0,1,1,4,0,0
Kristoffer Askildsen,NOR,"MF,FW",Midtjylland,23-303,2001,0.6,2,2,1,0,1,2,2,100.0,0,0,0,0,1,3,1,0
Ludwig Augustinsson,SWE,DF,Anderlecht,30-200,1994,1.0,1,1,0,1,0,0,0,,0,1,1,0,0,1,1,0
Sondre Auklend,NOR,MF,Bodø/Glimt,21-150,2003,0.3,0,0,0,0,0,0,1,0.0,1,1,0,1,1,1,1,0
Kaan Ayhan,TUR,DF,Galatasaray,29-363,1994,2.6,5,3,4,1,0,4,6,66.7,2,1,0,1,1,6,5,0
Youri Baas,NED,DF,Ajax,21-235,2003,1.8,3,2,2,1,0,2,2,100.0,0,1,1,0,2,5,7,0
William Baeten,BEL,FW,FCSB,27-274,1997,0.3,0,0,0,0,0,0,1,0.0,1,1,0,1,0,0,0,0
Michael Baidoo,GHA,FW,Elfsborg,25-177,1999,2.7,0,0,0,0,0,0,1,0.0,1,4,1,3,0,0,1,0
Nedim Bajrami,ALB,FW,Rangers,25-253,1999,2.6,4,2,0,4,0,2,5,40.0,3,1,0,1,3,7,1,0
Tiemoué Bakayoko,FRA,MF,PAOK,30-082,1994,1.0,4,3,1,3,0,2,3,66.7,1,1,0,1,3,7,1,1
Tommaso Baldanzi,ITA,MF,Roma,21-229,2003,2.2,4,3,0,2,2,2,3,66.7,1,1,0,1,1,5,1,0
Daniels Balodis,LVA,DF,FK Rīgas FS,26-150,1998,1.5,4,0,4,0,0,3,4,75.0,1,0,0,0,1,5,7,0
Leon Balogun,NGA,DF,Rangers,36-132,1988,0.7,2,1,1,1,0,0,0,,0,2,1,1,1,3,2,0
Alexandru Băluță,ROU,"FW,MF",FCSB,31-055,1993,1.3,1,1,0,0,1,1,2,50.0,1,2,0,2,2,3,1,0
Melvin Bard,FRA,MF,Nice,24-001,2000,1.0,0,0,0,0,0,0,0,,0,1,0,1,1,1,3,0
Abdülkerim Bardakcı,TUR,DF,Galatasaray,30-061,1994,2.9,3,1,2,1,0,2,2,100.0,0,3,1,2,7,10,5,0
Ander Barrenetxea,ESP,"FW,MF",Real Sociedad,22-316,2001,1.3,2,1,0,1,1,0,2,0.0,2,0,0,0,0,2,0,0
Connor Barron,SCO,MF,Rangers,22-070,2002,2.8,10,7,3,6,1,3,6,50.0,3,3,0,3,8,18,5,1
Michy Batshuayi,BEL,"FW,DF",Galatasaray,31-036,1993,0.4,2,1,0,1,1,1,1,100.0,0,0,0,0,0,2,0,0
Oliver Baumann,GER,GK,Hoffenheim,34-158,1990,3.0,0,0,0,0,0,0,0,,0,0,0,0,0,0,1,0
Toral Bayramov,AZE,"FW,DF",Qarabağ,23-258,2001,1.2,5,4,3,2,0,3,4,75.0,1,1,0,1,0,5,0,0
Rodrigo Becão,BRA,DF,Fenerbahçe,28-293,1996,2.3,6,5,4,2,0,3,4,75.0,1,2,1,1,7,13,4,0
Mads Bech Sørensen,DEN,DF,Midtjylland,25-305,1999,3.0,2,1,2,0,0,1,2,50.0,1,4,1,3,4,6,11,0
Sheraldo Becker,SUR,"MF,FW",Real Sociedad,29-272,1995,0.7,0,0,0,0,0,0,0,,0,0,0,0,0,0,1,0
Kristijan Belic,SRB,MF,AZ Alkmaar,23-227,2001,0.9,2,1,2,0,0,0,3,0.0,3,3,2,1,4,6,4,0
Saïd Benrahma,ALG,"FW,MF",Lyon,29-089,1995,1.2,0,0,0,0,0,0,1,0.0,1,1,0,1,0,0,0,0
Rodrigo Bentancur,URU,MF,Tottenham,27-135,1997,1.2,1,0,1,0,0,1,3,33.3,2,1,1,0,0,1,5,0
Yassine Benzia,ALG,"MF,FW",Qarabağ,30-060,1994,2.9,5,2,2,2,1,2,4,50.0,2,1,1,0,5,10,1,0
Yuri Berchiche,ESP,DF,Athletic Club,34-271,1990,3.0,4,4,2,1,1,1,2,50.0,1,5,0,5,3,7,2,0
Álex Berenguer,ESP,"MF,FW",Athletic Club,29-126,1995,1.1,1,1,1,0,0,0,1,0.0,1,0,0,0,1,2,0,0
Lasse Berg Johnsen,NOR,MF,Malmö,25-081,1999,3.7,7,4,2,4,1,1,5,20.0,4,5,2,3,3,10,7,0
Oliver Berg,NOR,"MF,FW",Malmö,31-071,1993,2.4,6,3,1,2,3,1,3,33.3,2,3,1,2,2,8,0,0
Patrick Berg,NOR,MF,Bodø/Glimt,26-349,1997,3.0,13,5,8,4,1,5,8,62.5,3,3,1,2,8,21,11,0
Mitchell van Bergen,NED,FW,Twente,25-072,1999,1.7,0,0,0,0,0,0,1,0.0,1,1,0,1,2,2,2,0
Lucas Bergvall,SWE,MF,Tottenham,18-279,2006,1.6,4,4,0,1,3,4,7,57.1,3,3,0,3,2,6,3,0
Mergim Berisha,GER,FW,Hoffenheim,26-180,1998,0.6,0,0,0,0,0,0,0,,0,0,0,0,0,0,1,0
Gijs Besselink,NED,MF,Twente,20-144,2004,0.4,2,2,1,0,1,1,3,33.3,2,0,0,0,1,3,1,0
Raul Bicalho,BRA,DF,Ferencváros,25-197,1999,1.0,4,2,3,1,0,0,0,,0,0,0,0,1,5,6,0
Kristian Bilovar,UKR,DF,Dynamo Kyiv,23-276,2001,1.8,2,2,1,0,1,2,2,100.0,0,6,3,3,2,4,5,0
Daniel Birligea,ROU,FW,FCSB,24-202,2000,2.7,3,2,0,2,1,0,1,0.0,1,1,0,1,0,3,1,0
Tom Bischof,GER,MF,Hoffenheim,19-132,2005,3.0,6,5,4,2,0,3,8,37.5,5,2,1,1,3,9,8,0
Yves Bissouma,MLI,MF,Tottenham,28-069,1996,1.8,6,4,2,4,0,4,5,80.0,1,1,1,0,6,12,6,0
Jeremie Boga,CIV,"MF,FW",Nice,27-309,1997,1.3,0,0,0,0,0,0,0,,0,1,0,1,0,0,0,0
Hugo Bolin,SWE,"FW,DF",Malmö,21-106,2003,2.9,7,5,6,0,1,5,5,100.0,0,3,1,2,1,8,2,0
Moïse Bombito,CAN,DF,Nice,24-222,2000,3.0,6,4,1,5,0,4,5,80.0,1,2,0,2,1,7,11,2
Ruben van Bommel,NED,FW,AZ Alkmaar,20-096,2004,2.1,2,2,0,2,0,1,2,50.0,1,1,0,1,3,5,0,0
Hendrik Bonmann,GER,GK,Ludogorets,30-290,1994,2.0,0,0,0,0,0,0,0,,0,0,0,0,1,1,0,0
Gonçalo Borges,POR,FW,Porto,23-223,2001,0.7,0,0,0,0,0,0,1,0.0,1,0,0,0,0,0,0,0
Kady Borges,BRA,"MF,FW",Ferencváros,28-189,1996,1.7,4,3,1,0,3,3,6,50.0,3,2,0,2,1,5,1,0
Jan Bořil,CZE,DF,Slavia Prague,33-301,1991,2.0,2,1,1,1,0,1,1,100.0,0,1,1,0,4,6,0,0
Erik Botheim,NOR,"FW,MF",Malmö,24-302,2000,3.2,2,1,1,1,0,0,3,0.0,3,2,0,2,0,2,1,0
Endre Botka,HUN,DF,Ferencváros,30-074,1994,0.8,3,2,3,0,0,2,4,50.0,2,3,1,2,1,4,3,0
Badredine Bouanani,ALG,"MF,FW",Nice,19-335,2004,1.7,1,1,0,0,1,1,1,100.0,0,4,0,4,1,2,1,0
Hicham Boudaoui,ALG,MF,Nice,25-045,1999,1.8,3,3,0,3,0,2,3,66.7,1,0,0,0,1,4,4,0
Sofiane Boufal,MAR,MF,Union SG,31-051,1993,0.2,0,0,0,0,0,0,0,,0,0,0,0,0,0,0,0
Maksym Braharu,UKR,FW,Dynamo Kyiv,22-109,2002,0.1,0,0,0,0,0,0,0,,0,0,0,0,0,0,0,0
Brandon,ESP,FW,PAOK,29-277,1995,0.7,0,0,0,0,0,0,0,,0,0,0,0,0,0,0,0
Pedro Bravo,COL,MF,Midtjylland,19-347,2004,0.6,0,0,0,0,0,0,2,0.0,2,1,0,1,0,0,3,1
Volodymyr Brazhko,UKR,MF,Dynamo Kyiv,22-289,2002,2.2,2,1,1,1,0,0,2,0.0,2,2,1,1,7,9,1,0
Brian Brobbey,NED,FW,Ajax,22-280,2002,1.4,0,0,0,0,0,0,0,,0,3,0,3,0,0,3,0
Bruma,POR,FW,Braga,30-014,1994,3.0,3,0,0,2,1,1,2,50.0,1,3,0,3,0,3,1,0
Max Bruns,NED,DF,Twente,22-001,2002,3.0,7,4,6,1,0,3,3,100.0,0,4,2,2,3,10,13,0
Sondre Brunstad Fet,NOR,MF,Bodø/Glimt,27-295,1997,1.6,2,0,1,0,1,0,1,0.0,1,1,1,0,2,4,4,0
Jacob Bruun Larsen,DEN,"FW,MF",Hoffenheim,26-049,1998,1.5,0,0,0,0,0,0,3,0.0,3,1,0,1,0,0,3,0
Ibrahim Buhari,NGA,DF,Elfsborg,23-030,2001,3.0,3,3,1,2,0,3,4,75.0,1,6,2,4,2,5,15,0
Adam Buksa,POL,FW,Midtjylland,28-118,1996,1.0,2,0,2,0,0,1,2,50.0,1,0,0,0,1,3,1,1
Marius Bülter,GER,"DF,FW",Hoffenheim,31-223,1993,1.0,4,1,2,2,0,4,5,80.0,1,1,0,1,0,4,6,0
Onur Bulut,TUR,"DF,FW",Beşiktaş,30-205,1994,0.4,0,0,0,0,0,0,0,,0,0,0,0,2,2,0,0
Fabijan Buntić,CRO,GK,Qarabağ,27-257,1997,1.0,0,0,0,0,0,0,0,,0,0,0,0,0,0,0,0
Christian Burgess,ENG,DF,Union SG,33-031,1991,2.9,1,1,1,0,0,1,3,33.3,2,3,3,0,1,2,14,0
Busanello,BRA,DF,Malmö,26-009,1998,4.0,7,4,4,2,1,0,2,0.0,2,10,2,8,4,11,7,1
Heorhiy Bushchan,UKR,GK,Dynamo Kyiv,30-160,1994,2.0,0,0,0,0,0,0,0,,0,0,0,0,0,0,0,0
Jack Butland,ENG,GK,Rangers,31-242,1993,3.0,0,0,0,0,0,0,0,,0,0,0,0,0,0,1,0
Zico Buurmeester,NED,MF,AZ Alkmaar,22-153,2002,1.1,2,1,0,1,1,1,3,33.3,2,3,0,3,1,3,2,0
Vitaliy Buyalskyi,UKR,MF,Dynamo Kyiv,31-306,1993,0.1,0,0,0,0,0,0,0,,0,1,0,1,0,0,0,0
Marcin Bułka,POL,GK,Nice,25-034,1999,3.0,0,0,0,0,0,0,0,,0,0,0,0,0,0,1,0
Cadu,BRA,DF,Viktoria Plzeň,27-091,1997,2.9,8,4,7,1,0,5,7,71.4,2,2,1,1,2,10,8,0
Duje Ćaleta-Car,CRO,DF,Lyon,28-051,1996,2.0,3,0,3,0,0,0,0,,0,4,3,1,0,3,13,0
Aguibou Camara,GUI,"FW,MF",Ludogorets,23-171,2001,1.0,3,1,2,0,1,2,6,33.3,4,2,0,2,1,4,1,0
Mohamed Camara,GUI,MF,PAOK,27-253,1997,2.7,4,1,2,2,0,2,4,50.0,2,3,1,2,2,6,3,0
Maxence Caqueret,FRA,MF,Lyon,24-266,2000,1.0,4,3,1,3,0,3,7,42.9,4,1,0,1,2,6,1,0
David Carmo,ANG,DF,Olympiacos,25-111,1999,2.9,4,4,2,1,1,2,3,66.7,1,3,1,2,5,9,12,0
Vitor Carvalho,BRA,"MF,DF",Braga,27-164,1997,1.3,2,1,0,1,1,1,2,50.0,1,2,0,2,1,3,3,0
Casemiro,BRA,MF,Manchester Utd,32-258,1992,1.4,4,2,1,2,1,3,4,75.0,1,2,0,2,3,7,0,0
Valentín Castellanos,ARG,FW,Lazio,26-035,1998,1.5,1,1,0,1,0,1,1,100.0,0,0,0,0,0,1,1,0
Denil Castillo,ECU,MF,Midtjylland,20-228,2004,1.8,2,1,2,0,0,2,3,66.7,1,4,4,0,4,6,5,0
Jonny Castro,ESP,DF,PAOK,30-249,1994,1.8,0,0,0,0,0,0,3,0.0,3,5,0,5,2,2,2,2
Alessio Castro-Montes,BEL,DF,Union SG,27-174,1997,2.0,4,3,1,2,1,3,6,50.0,3,1,0,1,4,8,3,0
Brayan Ceballos,COL,DF,Dynamo Kyiv,23-167,2001,0.2,0,0,0,0,0,0,0,,0,0,0,0,0,0,3,0
Zeki Çelik,TUR,DF,Roma,27-264,1997,2.8,8,6,5,2,1,4,7,57.1,3,1,0,1,8,16,2,0
Václav Černý,CZE,FW,Rangers,27-021,1997,2.3,1,0,1,0,0,1,2,50.0,1,9,0,9,5,6,4,0
Lukáš Červ,CZE,MF,Viktoria Plzeň,23-211,2001,2.0,5,2,1,3,1,3,5,60.0,2,4,1,3,4,9,2,0
Fares Chaïbi,ALG,"MF,FW",Eint Frankfurt,21-345,2002,0.8,1,0,1,0,0,0,0,,0,0,0,0,0,1,0,0
Fyodor Chalov,RUS,"FW,DF",PAOK,26-211,1998,1.7,0,0,0,0,0,0,0,,0,1,0,1,0,0,0,0
Arthur Chaves,BRA,DF,Hoffenheim,23-283,2001,0.9,6,5,6,0,0,5,8,62.5,3,0,0,0,1,7,4,0
Rayan Cherki,FRA,MF,Lyon,21-082,2003,2.4,0,0,0,0,0,0,6,0.0,6,2,0,2,0,0,0,0
Edward Chilufya,ZAM,FW,Midtjylland,25-051,1999,1.4,2,1,0,1,1,0,0,,0,0,0,0,0,2,1,0
Chiquinho,POR,MF,Olympiacos,29-111,1995,2.5,4,4,0,3,1,1,3,33.3,2,3,0,3,1,5,2,0
Vlad Chiricheș,ROU,DF,FCSB,34-359,1989,1.0,0,0,0,0,0,0,1,0.0,1,1,0,1,3,3,1,0
Ivaylo Chochev,BUL,MF,Ludogorets,31-263,1993,2.1,5,4,2,2,1,2,6,33.3,4,4,0,4,5,10,7,0
Tomáš Chorý,CZE,FW,Slavia Prague,29-286,1995,1.3,1,1,1,0,0,1,1,100.0,0,0,0,0,0,1,0,0
Anders Christiansen,DEN,"FW,MF",Malmö,34-152,1990,2.7,4,0,1,1,2,0,1,0.0,1,1,0,1,1,5,3,0
Mojmir Chytil,CZE,FW,Slavia Prague,25-192,1999,1.7,2,1,0,1,1,0,1,0.0,1,1,0,1,1,3,1,0
Ibrahim Cissé,SEN,DF,Ferencváros,28-189,1996,3.0,2,1,1,1,0,1,1,100.0,0,6,5,1,4,6,12,0
Eldar Ćivić,BIH,"DF,FW",Ferencváros,28-163,1996,1.6,4,3,2,1,1,2,3,66.7,1,6,1,5,0,4,1,0
Jordy Clasie,NED,MF,AZ Alkmaar,33-133,1991,2.7,3,2,2,1,0,0,1,0.0,1,2,0,2,5,8,7,0
Jonathan Clauss,FRA,"MF,DF",Nice,32-043,1992,2.8,4,4,1,3,0,1,2,50.0,1,4,2,2,7,11,5,1
Avishay Cohen,ISR,DF,Maccabi Tel Aviv,29-141,1995,0.2,2,1,0,1,1,1,2,50.0,1,1,0,1,1,3,0,1
Omar Colley,GAM,DF,PAOK,32-014,1992,2.0,2,0,2,0,0,1,1,100.0,0,2,1,1,3,5,15,0
Nnamdi Collins,GER,DF,Eint Frankfurt,20-302,2004,0.1,1,1,1,0,0,1,1,100.0,0,1,0,1,0,1,2,0
Colin Coosemans,BEL,GK,Anderlecht,32-096,1992,3.0,0,0,0,0,0,0,0,,0,0,0,0,0,0,2,0
Diogo Costa,POR,GK,Porto,25-049,1999,3.0,0,0,0,0,0,0,0,,0,0,0,0,0,0,3,0
Costinha,POR,DF,Olympiacos,24-226,2000,2.0,9,8,4,5,0,5,10,50.0,5,7,1,6,7,16,4,0
Valentin Crețu,ROU,DF,FCSB,35-310,1989,1.0,2,2,2,0,0,1,3,33.3,2,1,0,1,1,3,8,0
Bryan Cristante,ITA,MF,Roma,29-249,1995,1.5,3,1,1,1,1,0,0,,0,3,1,2,4,7,2,0
Elvin Cəfərquliyev,AZE,DF,Qarabağ,24-012,2000,2.9,6,3,5,1,0,5,8,62.5,3,2,0,2,5,11,4,0
Johan Dahlin,SWE,GK,Malmö,38-060,1986,2.5,0,0,0,0,0,0,1,0.0,1,0,0,0,0,0,0,0
Mahmoud Dahoud,GER,MF,Eint Frankfurt,28-311,1996,2.3,2,0,1,1,0,1,3,33.3,2,5,2,3,4,6,6,0
Diogo Dalot,POR,DF,Manchester Utd,25-234,1999,3.0,7,6,5,1,1,7,7,100.0,0,0,0,0,1,8,3,1
Dante,BRA,DF,Nice,41-020,1983,2.0,2,1,1,1,0,1,2,50.0,1,5,3,2,2,4,8,0
Osher Davida,ISR,FW,Maccabi Tel Aviv,23-263,2001,2.0,6,3,3,2,1,2,5,40.0,3,1,0,1,2,8,4,0
Ofir Davidzada,ISR,DF,Maccabi Tel Aviv,33-186,1991,1.8,4,4,4,0,0,3,3,100.0,0,3,2,1,1,5,1,0
Ben Davies,WAL,DF,Tottenham,31-197,1993,3.0,2,1,1,1,0,1,1,100.0,0,0,0,0,2,4,10,0
Joyskim Dawa,CMR,DF,FCSB,28-212,1996,3.0,8,6,4,4,0,4,5,80.0,1,5,5,0,5,13,17,0
Kamiel Van De Perre,BEL,MF,Union SG,20-269,2004,0.1,0,0,0,0,0,0,0,,0,0,0,0,0,0,0,0
Tristan Degreef,BEL,"MF,FW",Anderlecht,19-293,2005,1.2,3,2,1,0,2,2,3,66.7,1,1,0,1,0,3,2,0
Maxim Dekker,NED,DF,AZ Alkmaar,20-200,2004,0.9,0,0,0,0,0,0,0,,0,2,2,0,1,1,1,0
Fisayo Dele-Bashiru,NGA,MF,Lazio,23-275,2001,2.4,4,3,0,1,3,2,2,100.0,0,4,0,4,2,6,0,0
Yusuf Demir,AUT,MF,Galatasaray,21-158,2003,0.1,0,0,0,0,0,0,0,,0,0,0,0,0,0,0,0
Kerem Demirbay,GER,"MF,DF",Galatasaray,31-127,1993,0.5,1,1,1,0,0,0,0,,0,1,0,1,1,2,2,0
Branco van den Boomen,NED,MF,Ajax,29-109,1995,1.6,4,3,2,1,1,3,4,75.0,1,1,1,0,0,4,3,0
Leander Dendoncker,BEL,"DF,MF",Anderlecht,29-206,1995,2.0,4,1,2,2,0,0,1,0.0,1,2,1,1,6,10,4,0
Kiril Despodov,BUL,FW,PAOK,27-362,1996,1.3,0,0,0,0,0,0,0,,0,2,0,2,1,1,0,0
Cyriel Dessers,NGA,FW,Rangers,29-335,1994,2.6,1,1,0,1,0,0,2,0.0,2,1,0,1,0,1,0,0
Ersin Destanoğlu,TUR,GK,Beşiktaş,23-311,2001,2.0,0,0,0,0,0,0,0,,0,0,0,0,0,0,2,0
Boulaye Dia,SEN,"FW,MF",Lazio,27-357,1996,1.9,1,0,0,0,1,1,3,33.3,2,1,0,1,1,2,2,0
Amad Diallo,CIV,FW,Manchester Utd,22-119,2002,1.5,4,3,1,2,1,0,2,0.0,2,0,0,0,0,4,1,0
Ousmane Diao,SEN,DF,Midtjylland,20-152,2004,3.0,5,0,5,0,0,0,3,0.0,3,7,5,2,3,8,12,0
Mahamadou Diawara,FRA,"MF,FW",Lyon,19-264,2005,0.3,0,0,0,0,0,0,1,0.0,1,1,1,0,0,0,0,0
Dénes Dibusz,HUN,GK,Ferencváros,33-357,1990,3.0,0,0,0,0,0,0,0,,0,0,0,0,0,0,3,0
Junior Dina Ebimbe,FRA,"MF,FW",Eint Frankfurt,23-352,2000,1.8,3,2,0,2,1,1,3,33.3,2,2,0,2,1,4,4,0
Mohamed Diomandé,CIV,MF,Rangers,23-008,2001,2.5,5,4,2,1,2,3,5,60.0,2,3,1,2,1,6,6,0
Sofiane Diop,FRA,"FW,MF",Nice,24-151,2000,0.9,1,0,0,1,0,0,0,,0,1,0,1,1,2,1,0
Álvaro djaló,ESP,FW,Athletic Club,25-083,1999,1.0,2,1,0,2,0,0,0,,0,0,0,0,0,2,0,0
Tiago Djaló,POR,DF,Porto,24-212,2000,0.9,1,1,0,1,0,1,2,50.0,1,0,0,0,0,1,4,0
Alexander Djiku,GHA,DF,Fenerbahçe,30-090,1994,2.0,7,2,5,2,0,3,7,42.9,4,4,2,2,9,16,9,0
Franculino Djú,GNB,FW,Midtjylland,20-132,2004,1.9,3,2,0,2,1,2,4,50.0,2,1,0,1,1,4,3,0
Kasper Dolberg,DEN,"FW,MF",Anderlecht,27-032,1997,1.3,2,2,0,1,1,0,0,,0,1,1,0,2,4,2,0
Oscar Dorley,LBR,MF,Slavia Prague,26-111,1998,3.0,6,3,2,3,1,4,4,100.0,0,1,0,1,3,9,2,0
David Doudera,CZE,DF,Slavia Prague,26-160,1998,2.0,11,10,5,5,1,7,8,87.5,1,1,1,0,1,12,2,1
Artem Dovbyk,UKR,FW,Roma,27-139,1997,1.8,1,0,0,1,0,1,1,100.0,0,1,0,1,0,1,0,0
Kieran Dowell,ENG,MF,Rangers,27-028,1997,0.5,1,1,0,1,0,0,1,0.0,1,0,0,0,0,1,0,0
Radu Drăgușin,ROU,DF,Tottenham,22-278,2002,1.1,0,0,0,0,0,0,1,0.0,1,2,1,1,1,1,7,1
Tim Drexler,GER,DF,Hoffenheim,19-246,2005,0.5,2,2,1,1,0,1,2,50.0,1,0,0,0,0,2,3,0
Anders Dreyer,DEN,"FW,MF",Anderlecht,26-189,1998,1.8,0,0,0,0,0,0,1,0.0,1,0,0,0,0,0,1,0
Kwadwo Duah,SUI,FW,Ludogorets,27-257,1997,1.8,1,0,1,0,0,0,0,,0,2,0,2,0,1,4,0
Deroy Duarte,CPV,MF,Ludogorets,25-126,1999,1.2,5,2,1,4,0,2,3,66.7,1,2,1,1,1,6,1,0
Vladyslav Dubinchak,UKR,DF,Dynamo Kyiv,26-129,1998,2.0,5,4,3,1,1,2,3,66.7,1,4,1,3,2,7,4,0
Sampson Dweh,LBR,DF,Viktoria Plzeň,23-028,2001,2.8,9,7,6,3,0,4,7,57.1,3,8,4,4,4,13,16,0
Paulo Dybala,ARG,"MF,FW",Roma,30-358,1993,1.0,2,1,1,0,1,2,2,100.0,0,1,0,1,0,2,0,0
Edin Džeko,BIH,FW,Fenerbahçe,38-235,1986,0.6,0,0,0,0,0,0,1,0.0,1,0,0,0,0,0,2,0
Malcolm Edjouma,FRA,MF,FCSB,28-030,1996,1.9,5,3,4,1,0,2,5,40.0,3,2,1,1,2,7,10,0
Samuel Edozie,ENG,FW,Anderlecht,21-284,2003,1.3,2,0,2,0,0,1,4,25.0,3,1,0,1,0,2,0,0
Carel Eiting,NED,MF,Twente,26-270,1998,0.3,2,1,1,0,1,0,0,,0,0,0,0,0,2,0,0
Hugo Ekitike,FRA,FW,Eint Frankfurt,22-140,2002,1.5,2,1,1,1,0,0,1,0.0,1,0,0,0,0,2,1,0
Aritz Elustondo,ESP,DF,Real Sociedad,30-224,1994,1.2,5,3,3,2,0,4,4,100.0,0,0,0,0,3,8,1,0
Youssef En-Nesyri,MAR,FW,Fenerbahçe,27-159,1997,2.4,0,0,0,0,0,0,0,,0,1,1,0,0,0,2,0
Christian Eriksen,DEN,MF,Manchester Utd,32-267,1992,2.9,4,2,3,1,0,4,6,66.7,2,4,0,4,1,5,2,1
Runar Espejord,NOR,FW,Bodø/Glimt,28-255,1996,0.2,0,0,0,0,0,0,2,0.0,2,1,1,0,0,0,1,0
Stephen Eustáquio,CAN,MF,Porto,27-322,1996,1.5,2,2,2,0,0,2,4,50.0,2,6,3,3,2,4,2,0
Jonny Evans,NIR,DF,Manchester Utd,36-309,1988,0.1,0,0,0,0,0,0,0,,0,0,0,0,0,0,0,0
Håkon Evjen,NOR,MF,Bodø/Glimt,24-267,2000,2.9,12,8,9,2,1,8,12,66.7,4,7,3,4,3,15,0,0
Andri Fannar Baldursson,ISL,MF,Elfsborg,22-302,2002,0.2,0,0,0,0,0,0,2,0.0,2,0,0,0,1,1,1,0
Ohis Felix Uduokhai,GER,DF,Beşiktaş,27-059,1997,4.0,10,3,5,3,2,4,4,100.0,0,4,4,0,7,17,25,2
Bruno Fernandes,POR,MF,Manchester Utd,30-060,1994,1.9,4,2,2,1,1,0,2,0.0,2,2,0,2,1,5,5,0
Gedson Fernandes,POR,MF,Beşiktaş,25-303,1999,3.8,13,3,6,5,2,7,11,63.6,4,5,3,2,3,16,8,0
Martim Fernandes,POR,DF,Porto,18-294,2006,1.3,2,1,2,0,0,1,2,50.0,1,1,0,1,1,3,1,0
Roger Fernandes,GNB,"FW,DF",Braga,18-352,2005,1.3,5,4,3,1,1,2,2,100.0,0,1,0,1,4,9,2,0
Roberto Férnandez,ESP,FW,Braga,22-127,2002,2.5,1,0,0,1,0,1,1,100.0,0,2,0,2,0,1,0,0
João Ferreira,POR,DF,Braga,23-230,2001,2.9,7,4,3,3,1,3,5,60.0,2,5,2,3,4,11,10,0
Kian Fitz-Jim,NED,MF,Ajax,21-125,2003,1.4,4,3,1,3,0,1,3,33.3,2,4,0,4,3,7,1,0
Malick Fofana,BEL,"FW,MF",Lyon,19-221,2005,1.8,0,0,0,0,0,0,2,0.0,2,0,0,0,1,1,1,0
Thomas Foket,BEL,DF,Anderlecht,30-043,1994,1.7,4,2,2,1,1,0,0,,0,1,0,1,3,7,7,0
Fraser Forster,ENG,GK,Tottenham,36-235,1988,1.0,1,1,1,0,0,1,1,100.0,0,0,0,0,0,1,0,0
André Franco,POR,DF,Porto,26-209,1998,0.1,0,0,0,0,0,0,0,,0,0,0,0,0,0,0,0
Fred,BRA,MF,Fenerbahçe,31-247,1993,2.8,8,2,2,4,2,5,8,62.5,3,5,0,5,1,9,2,0
Per Frick,SWE,"MF,FW",Elfsborg,32-207,1992,0.2,0,0,0,0,0,0,0,,0,0,0,0,0,0,0,0
Mohammed Fuseini,GHA,FW,Union SG,22-175,2002,0.9,1,1,0,0,1,0,1,0.0,1,0,0,0,0,1,1,0
Anton Gaaei,DEN,"FW,MF",Ajax,21-354,2002,0.5,1,0,0,0,1,1,1,100.0,0,3,0,3,2,3,0,0
Iñigo Ruiz de Galarreta,ESP,MF,Athletic Club,31-093,1993,2.8,3,2,2,1,0,1,1,100.0,0,2,0,2,4,7,3,0
Galeno,BRA,FW,Porto,27-016,1997,2.3,4,4,1,2,1,1,2,50.0,1,1,1,0,3,7,6,0
Dani García,ESP,MF,Olympiacos,34-167,1990,0.9,3,0,2,1,0,2,4,50.0,2,0,0,0,4,7,7,0
Alejandro Garnacho,ARG,FW,Manchester Utd,20-129,2004,1.8,2,2,1,1,0,1,2,50.0,1,2,0,2,0,2,0,0
Stefan Gartenmann,DEN,DF,Ferencváros,27-279,1997,2.0,5,1,5,0,0,4,8,50.0,4,1,1,0,2,7,13,0
Valentin Gendrey,FRA,DF,Hoffenheim,24-139,2000,2.3,7,5,6,1,0,5,7,71.4,2,2,1,1,2,9,7,0
Ismaël Gharbi,ESP,"MF,FW",Braga,20-211,2004,1.1,5,3,1,2,2,0,1,0.0,1,0,0,0,0,5,0,0
Samuel Gigot,FRA,DF,Lazio,31-026,1993,0.8,1,1,1,0,0,0,0,,0,1,0,1,1,2,2,0
Mario Gila,ESP,DF,Lazio,24-070,2000,1.2,6,3,6,0,0,4,5,80.0,1,3,2,1,1,7,1,0
Mika Godts,BEL,"FW,MF",Ajax,19-153,2005,2.5,1,1,1,0,0,0,1,0.0,1,1,0,1,2,3,1,0
Wouter Goes,NED,DF,AZ Alkmaar,20-150,2004,1.0,0,0,0,0,0,0,0,,0,0,0,0,1,1,4,0
Sergio Gómez,ESP,MF,Real Sociedad,24-064,2000,0.6,1,0,0,1,0,0,1,0.0,1,1,0,1,0,1,0,0
Unai Gómez,ESP,"MF,FW",Athletic Club,21-166,2003,1.1,1,0,0,0,1,0,0,,0,0,0,0,1,2,0,0
Victor Gomez,ESP,DF,Braga,24-220,2000,2.1,4,2,2,2,0,2,2,100.0,0,1,0,1,2,6,2,0
Nicolás González,ESP,MF,Porto,22-309,2002,3.0,5,4,1,4,0,2,5,40.0,3,0,0,0,1,6,6,0
Jean Gorby,FRA,MF,Braga,22-105,2002,1.0,7,5,3,4,0,4,4,100.0,0,0,0,0,2,9,0,0
Andoni Gorosabel,ESP,DF,Athletic Club,28-095,1996,1.4,2,1,0,2,0,1,2,50.0,1,1,0,1,1,3,4,0
Mario Götze,GER,MF,Eint Frankfurt,32-157,1992,0.5,0,0,0,0,0,0,0,,0,0,0,0,0,0,0,0
Archie Gray,ENG,DF,Tottenham,18-240,2006,3.0,6,5,5,0,1,5,6,83.3,1,4,2,2,1,7,5,0
Florian Grillitsch,AUT,"MF,DF",Hoffenheim,29-092,1995,2.4,7,3,3,4,0,4,5,80.0,1,3,2,1,3,10,4,0
Denny Gropper,ISR,DF,Ludogorets,25-236,1999,0.0,0,0,0,0,0,0,0,,0,0,0,0,0,0,0,0
Marko Grujić,SRB,MF,Porto,28-208,1996,0.9,2,2,1,1,0,1,3,33.3,2,0,0,0,1,3,2,0
Mattéo Guendouzi,FRA,MF,Lazio,25-207,1999,1.0,3,2,2,1,0,3,6,50.0,3,0,0,0,0,3,1,0
Eduardo Guerrero,PAN,FW,Dynamo Kyiv,24-260,2000,1.1,1,1,1,0,0,1,2,50.0,1,0,0,0,0,1,1,0
Evann Guessand,CIV,"FW,MF",Nice,23-129,2001,1.9,6,6,2,1,3,0,0,,0,2,1,1,2,8,2,0
Rafik Guitane,FRA,FW,Braga,25-165,1999,0.5,5,3,1,1,3,1,1,100.0,0,0,0,0,1,6,0,0
Deniz Gül,SWE,"MF,FW",Porto,20-128,2004,0.4,0,0,0,0,0,0,0,,0,0,0,0,0,0,1,0
Jostein Gundersen,NOR,DF,Bodø/Glimt,28-219,1996,1.2,1,1,1,0,0,1,2,50.0,1,2,2,0,0,1,12,0
Mert Günok,TUR,GK,Beşiktaş,35-251,1989,2.0,0,0,0,0,0,0,0,,0,0,0,0,1,1,1,0
Gorka Guruzeta,ESP,FW,Athletic Club,28-056,1996,2.5,2,2,0,2,0,2,5,40.0,3,4,0,4,1,3,1,0
Günay Güvenç,,GK,Galatasaray,33-135,1991,3.0,1,1,1,0,0,1,1,100.0,0,0,0,0,0,1,2,0
Anouar Ait El Hadj,BEL,MF,Union SG,22-201,2002,0.3,0,0,0,0,0,0,0,,0,0,0,0,0,0,0,0
El Hadji Diouf,SEN,"DF,FW",Slavia Prague,19-315,2004,2.1,2,0,1,1,0,1,3,33.3,2,1,0,1,4,6,5,0
Nikita Haikin,RUS,GK,Bodø/Glimt,29-119,1995,3.0,1,0,1,0,0,1,1,100.0,0,0,0,0,0,1,0,0
Jorrel Hato,NED,DF,Ajax,18-245,2006,3.0,6,4,4,1,1,5,5,100.0,0,4,1,3,3,9,4,0
Milan Havel,CZE,DF,Viktoria Plzeň,30-092,1994,2.0,2,1,0,2,0,2,2,100.0,0,4,2,2,3,5,6,0
Simon Hedlund,SWE,"MF,DF",Elfsborg,31-241,1993,3.0,5,3,3,1,1,4,8,50.0,4,4,1,3,5,10,5,0
Lukáš Hejda,CZE,DF,Viktoria Plzeň,34-243,1990,0.2,0,0,0,0,0,0,0,,0,1,1,0,0,0,1,0
Mustafa Hekimoğlu,TUR,FW,Beşiktaş,17-199,2007,0.6,1,1,0,0,1,0,0,,0,0,0,0,0,1,0,0
Jordan Henderson,ENG,MF,Ajax,34-143,1990,2.0,3,3,2,1,0,1,3,33.3,2,0,0,0,1,4,2,0
Gustav Henriksson,SWE,DF,Elfsborg,26-278,1998,1.0,2,2,2,0,0,2,2,100.0,0,5,3,2,2,4,12,0
Mario Hermoso,ESP,DF,Roma,29-142,1995,3.0,5,5,3,2,0,3,5,60.0,2,2,0,2,5,10,10,0
Ander Herrera,ESP,MF,Athletic Club,35-085,1989,0.6,3,3,3,0,0,0,1,0.0,1,0,0,0,0,3,1,0
Son Heung-min,KOR,"MF,FW",Tottenham,32-122,1992,0.8,0,0,0,0,0,0,0,,0,0,0,0,0,0,0,0
Santiago Hezze,ARG,MF,Olympiacos,23-016,2001,3.0,9,7,5,4,0,5,9,55.6,4,10,0,10,8,17,9,0
Mees Hilgers,IDN,DF,Twente,23-178,2001,3.0,6,3,3,1,2,3,7,42.9,4,4,2,2,3,9,14,0
Adam Hložek,CZE,"FW,MF",Hoffenheim,22-105,2002,2.8,1,1,0,1,0,1,3,33.3,2,6,0,6,0,1,2,0
Tomáš Holeš,CZE,DF,Slavia Prague,31-221,1993,2.0,5,2,1,4,0,2,3,66.7,1,1,1,0,2,7,3,0
Sebastian Holmén,SWE,DF,Elfsborg,32-192,1992,1.9,2,1,1,0,1,0,0,,0,2,1,1,2,4,8,0
Emil Holten,DEN,"FW,DF",Elfsborg,28-091,1996,0.1,1,0,0,0,1,0,0,,0,1,0,1,0,1,0,0
André Horta,POR,MF,Braga,28-000,1996,2.1,6,4,0,4,2,4,7,57.1,3,2,1,1,3,9,0,2
Ricardo Horta,POR,"MF,FW",Braga,30-053,1994,3.0,8,4,2,2,4,1,5,20.0,4,2,1,1,1,9,0,0
Niklas Hult,SWE,"MF,DF",Elfsborg,34-268,1990,3.0,4,2,3,1,0,2,8,25.0,6,4,0,4,2,6,6,0
Abbas Huseynov,AZE,DF,Qarabağ,29-147,1995,2.0,4,4,3,1,0,1,1,100.0,0,1,0,1,4,8,4,0
Badavi Huseynov,AZE,DF,Qarabağ,33-119,1991,2.3,8,6,4,4,0,6,9,66.7,3,2,2,0,4,12,8,0
Rasmus Højlund,DEN,FW,Manchester Utd,21-277,2003,1.3,1,1,0,1,0,0,0,,0,2,0,2,0,1,1,0
Mauro Icardi,ARG,FW,Galatasaray,31-262,1993,2.1,0,0,0,0,0,0,2,0.0,2,0,0,0,0,0,2,0
Hamza Igmane,MAR,FW,Rangers,22-005,2002,0.4,1,1,1,0,0,0,1,0.0,1,0,0,0,0,1,0,0
Jānis Ikaunieks,LVA,"FW,MF",FK Rīgas FS,29-265,1995,3.0,1,1,0,1,0,1,2,50.0,1,7,1,6,4,5,6,0
Ciro Immobile,ITA,FW,Beşiktaş,34-261,1990,2.4,0,0,0,0,0,0,0,,0,2,0,2,0,0,3,0
Gustav Isaksen,DEN,FW,Lazio,23-202,2001,0.5,0,0,0,0,0,0,0,,0,0,0,0,1,1,0,0
Aleksei Isayev,AZE,MF,Qarabağ,28-364,1995,0.1,0,0,0,0,0,0,0,,0,0,0,0,0,0,0,0
Franjo Ivanović,CRO,FW,Union SG,21-037,2003,2.3,6,5,2,1,3,1,3,33.3,2,1,0,1,0,6,1,0
Ivan Jaime Pajuelo,ESP,"MF,FW",Porto,24-042,2000,1.4,4,3,1,2,1,2,7,28.6,5,5,1,4,1,5,1,1
Ismail Jakobs,SEN,DF,Galatasaray,25-082,1999,2.0,2,0,0,0,2,1,1,100.0,0,2,1,1,1,3,3,0
Marko Janković,MNE,MF,Qarabağ,29-121,1995,1.3,0,0,0,0,0,0,1,0.0,1,2,0,2,0,0,0,1
Pontus Jansson,SWE,DF,Malmö,33-268,1991,4.0,6,2,4,2,0,3,5,60.0,2,4,4,0,9,15,24,0
Mikel Jauregizar,ESP,MF,Athletic Club,20-361,2003,1.0,6,4,1,4,1,2,3,66.7,1,1,0,1,0,6,2,0
Martin Jedlička,CZE,GK,Viktoria Plzeň,26-288,1998,3.0,0,0,0,0,0,0,0,,0,0,0,0,0,0,2,0
Jefté,BRA,DF,Rangers,20-322,2003,2.0,8,5,1,6,1,2,7,28.6,5,0,0,0,1,9,3,0
Elias Jelert,DEN,DF,Galatasaray,21-148,2003,0.1,0,0,0,0,0,0,0,,0,0,0,0,0,0,1,0
Václav Jemelka,CZE,DF,Viktoria Plzeň,29-137,1995,3.0,6,1,2,4,0,0,0,,0,1,1,0,3,9,14,0
Oliver Jensen,DEN,MF,Midtjylland,22-242,2002,0.7,1,0,0,0,1,0,2,0.0,2,0,0,0,0,1,0,0
Victor Jensen,DEN,DF,Midtjylland,21-035,2003,0.5,2,2,1,1,0,1,1,100.0,0,1,0,1,1,3,2,0
Erik Jirka,SVK,"DF,FW",Viktoria Plzeň,27-049,1997,1.1,1,1,1,0,0,0,1,0.0,1,2,1,1,4,5,5,0
Mikel Johnsen,DEN,MF,Midtjylland,18-041,2006,0.2,0,0,0,0,0,0,0,,0,0,0,0,0,0,0,0
Brennan Johnson,WAL,"FW,MF",Tottenham,23-168,2001,1.3,1,1,1,0,0,1,3,33.3,2,0,0,0,0,1,1,0
Juninho,BRA,FW,Qarabağ,27-352,1996,2.9,1,1,0,1,0,0,0,,0,2,0,2,1,2,0,0
David Jurásek,CZE,DF,Hoffenheim,24-092,2000,0.1,0,0,0,0,0,0,0,,0,0,0,0,0,0,0,0
Matěj Jurásek,CZE,"FW,MF",Slavia Prague,21-069,2003,1.3,0,0,0,0,0,0,0,,0,1,0,1,0,0,0,0
Mathias Jørgensen,DEN,DF,Anderlecht,34-198,1990,2.0,2,2,0,2,0,1,1,100.0,0,2,2,0,2,4,16,1
Sebastian Jørgensen,DEN,MF,Malmö,24-142,2000,0.1,0,0,0,0,0,0,0,,0,0,0,0,0,0,0,0
Ayoub El Kaabi,MAR,FW,Olympiacos,31-134,1993,2.9,1,1,1,0,0,0,3,0.0,3,0,0,0,0,1,0,0
Elton Kabangu,BEL,FW,Union SG,26-273,1998,0.1,1,0,0,1,0,1,1,100.0,0,0,0,0,0,1,0,0
Vladyslav Kabayev,UKR,FW,Dynamo Kyiv,29-067,1995,2.1,6,2,2,4,0,4,4,100.0,0,0,0,0,1,7,0,0
Pavel Kadeřábek,CZE,DF,Hoffenheim,32-196,1992,0.7,2,2,1,1,0,0,1,0.0,1,4,0,4,1,3,1,0
İrfan Kahveci,TUR,FW,Fenerbahçe,29-115,1995,1.5,0,0,0,0,0,0,0,,0,2,1,1,0,0,1,0
Rami Kaib,TUN,"MF,FW",Elfsborg,27-183,1997,0.1,0,0,0,0,0,0,0,,0,0,0,0,0,0,0,0
Lukáš Kalvach,CZE,MF,Viktoria Plzeň,29-111,1995,2.9,9,4,3,5,1,4,10,40.0,6,4,0,4,5,14,8,2
Gavriel Kanichowsky,ISR,MF,Maccabi Tel Aviv,27-075,1997,2.0,7,6,5,2,0,2,3,66.7,1,3,0,3,2,9,2,1
Ahmetcan Kaplan,TUR,DF,Ajax,21-296,2003,0.4,0,0,0,0,0,0,0,,0,0,0,0,0,0,1,0
Oleksandr Karavayev,UKR,DF,Dynamo Kyiv,32-158,1992,1.0,2,2,1,1,0,1,1,100.0,0,1,1,0,0,2,4,0
Neraysho Kasanwirjo,NED,"DF,FW",Rangers,22-263,2002,1.5,2,1,1,1,0,1,1,100.0,0,3,1,2,2,4,1,0
Denso Kasius,NED,"FW,DF",AZ Alkmaar,22-032,2002,1.0,2,2,2,0,0,1,3,33.3,2,2,1,1,2,4,2,0
Tomasz Kędziora,POL,DF,PAOK,30-149,1994,3.0,4,4,4,0,0,3,5,60.0,2,3,2,1,4,8,14,0
Can Keles,AUT,FW,Beşiktaş,23-066,2001,0.1,0,0,0,0,0,0,0,,0,0,0,0,0,0,0,0
Anan Khalaili,ISR,"FW,DF",Union SG,20-065,2004,1.6,2,2,1,1,0,1,2,50.0,1,2,1,1,3,5,3,0
Isaac Kiese Thelin,SWE,FW,Malmö,32-136,1992,2.5,2,0,0,2,0,1,1,100.0,0,1,0,1,0,2,3,0
Mārtiņš Ķigurs,LVA,"MF,DF",FK Rīgas FS,27-221,1997,0.1,0,0,0,0,0,0,0,,0,0,0,0,0,0,0,0
Semih Kılıçsoy,TUR,FW,Beşiktaş,19-084,2005,1.9,3,2,0,1,2,0,2,0.0,2,1,0,1,0,3,1,0
Antonín Kinský,CZE,GK,Slavia Prague,21-239,2003,3.0,0,0,0,0,0,0,0,,0,0,0,0,0,0,0,0
Mathias Kjølø,NOR,MF,Twente,23-133,2001,0.6,2,1,2,0,0,0,1,0.0,1,0,0,0,0,2,1,0
Ansgar Knauff,GER,MF,Eint Frankfurt,22-302,2002,1.2,5,1,5,0,0,3,9,33.3,6,3,0,3,0,5,1,0
Robin Koch,GER,DF,Eint Frankfurt,28-113,1996,2.0,1,1,1,0,0,1,1,100.0,0,0,0,0,2,3,11,0
Mateusz Kochalski,POL,GK,Qarabağ,24-105,2000,2.0,0,0,0,0,0,0,1,0.0,1,0,0,0,0,0,0,0
Manu Koné,FRA,MF,Roma,23-174,2001,1.9,3,2,1,1,1,1,2,50.0,1,0,0,0,3,6,3,0
Giannis Konstantelias,GRE,MF,PAOK,21-247,2003,2.8,6,3,0,4,2,1,1,100.0,0,3,0,3,0,6,0,0
Peer Koopmeiners,NED,MF,AZ Alkmaar,24-187,2000,2.3,4,0,3,1,0,2,6,33.3,4,3,0,3,4,8,4,0
Jan Kopic,CZE,DF,Viktoria Plzeň,34-156,1990,0.3,0,0,0,0,0,0,0,,0,0,0,0,0,0,1,0
Charalampos Kostoulas,GRE,"FW,MF",Olympiacos,17-161,2007,0.5,1,1,0,0,1,0,1,0.0,1,1,1,0,0,1,0,0
Dominik Kotarski,CRO,GK,PAOK,24-271,2000,3.0,0,0,0,0,0,0,0,,0,0,0,0,0,0,2,0
Cedric Kouadio,CIV,FW,FK Rīgas FS,28-172,1996,2.5,1,0,1,0,0,1,1,100.0,0,2,0,2,0,1,1,0
Štěpán Kozel,CZE,DF,Slavia Prague,21-244,2003,0.0,0,0,0,0,0,0,0,,0,0,0,0,0,0,0,0
Andrej Kramarić,CRO,MF,Hoffenheim,33-141,1991,1.8,0,0,0,0,0,0,1,0.0,1,0,0,0,1,1,0,0
Rasmus Kristensen,DEN,DF,Eint Frankfurt,27-119,1997,2.9,6,4,3,3,0,2,4,50.0,2,5,4,1,4,10,10,0
Takefusa Kubo,JPN,"MF,FW",Real Sociedad,23-156,2001,1.3,4,3,1,1,2,1,3,33.3,2,1,0,1,0,4,0,0
Jan Kuchta,CZE,FW,Midtjylland,27-304,1997,1.6,1,0,0,0,1,1,2,50.0,1,1,0,1,0,1,0,0
Bas Kuipers,NED,DF,Twente,30-082,1994,0.5,0,0,0,0,0,0,0,,0,0,0,0,0,0,0,0
Dejan Kulusevski,SWE,"MF,FW",Tottenham,24-196,2000,1.0,2,0,2,0,0,1,3,33.3,2,1,0,1,1,3,0,0
Berkan Kutlu,TUR,"MF,DF",Galatasaray,26-287,1998,0.3,0,0,0,0,0,0,0,,0,0,0,0,1,1,2,0
Dave Kwakman,NED,MF,AZ Alkmaar,20-092,2004,0.1,2,1,2,0,0,2,2,100.0,0,0,0,0,2,4,0,0
Gaëtan Laborde,FRA,FW,Nice,30-188,1994,0.7,0,0,0,0,0,0,0,,0,0,0,0,0,0,1,0
Alexandre Lacazette,FRA,FW,Lyon,33-163,1991,2.7,2,1,2,0,0,1,4,25.0,3,2,0,2,1,3,1,0
Gustaf Lagerbielke,SWE,DF,Twente,24-211,2000,0.1,0,0,0,0,0,0,0,,0,0,0,0,0,0,1,0
Mayckel Lahdo,SWE,"FW,MF",AZ Alkmaar,21-313,2002,0.4,1,0,0,1,0,1,1,100.0,0,0,0,0,0,1,0,0
Sam Lammers,NED,FW,Twente,27-191,1997,2.4,2,2,0,0,2,1,1,100.0,0,1,0,1,1,3,2,0
Will Lankshear,ENG,FW,Tottenham,19-201,2005,0.7,0,0,0,0,0,0,0,,0,1,0,1,0,0,0,0
Hugo Larsson,SWE,MF,Eint Frankfurt,20-133,2004,1.5,5,4,2,2,1,0,2,0.0,2,1,0,1,2,7,0,0
Johan Larsson,SWE,FW,Elfsborg,34-186,1990,0.2,0,0,0,0,0,0,0,,0,0,0,0,0,0,0,0
Tom Lawrence,WAL,MF,Rangers,30-299,1994,1.9,4,3,1,3,0,0,3,0.0,3,3,0,3,2,6,0,0
Hisham Layous,ISR,FW,Maccabi Tel Aviv,23-360,2000,0.9,2,1,1,0,1,1,2,50.0,1,0,0,0,0,2,0,0
Manuel Lazzari,ITA,DF,Lazio,30-344,1993,0.1,1,1,1,0,0,0,0,,0,0,0,0,0,1,2,0
Enzo Le Fée,FRA,MF,Roma,24-278,2000,0.6,1,1,0,1,0,0,0,,0,0,0,0,0,1,0,1
Stav Lemkin,ISR,DF,Maccabi Tel Aviv,21-219,2003,1.8,8,7,3,4,1,3,5,60.0,2,2,0,2,3,11,4,0
Theo Leoni,BEL,MF,Anderlecht,24-200,2000,1.2,4,2,2,2,0,0,1,0.0,1,0,0,0,3,7,0,0
Fedde Leysen,BEL,DF,Union SG,21-121,2003,0.1,1,0,1,0,0,1,1,100.0,0,1,0,1,1,2,2,0
Matthijs de Ligt,NED,DF,Manchester Utd,25-087,1999,1.9,2,1,1,0,1,0,0,,0,1,1,0,0,2,10,1
Victor Lindelöf,SWE,DF,Manchester Utd,30-113,1994,0.6,0,0,0,0,0,0,0,,0,1,1,0,0,0,3,0
Ondřej Lingr,CZE,"MF,FW",Slavia Prague,26-031,1998,1.2,3,1,3,0,0,0,3,0.0,3,4,1,3,0,3,1,0
Žiga Lipušček,SVN,DF,FK Rīgas FS,27-307,1997,3.0,4,1,3,1,0,2,5,40.0,3,4,2,2,3,7,25,0
Dominik Livaković,CRO,GK,Fenerbahçe,29-303,1995,3.0,0,0,0,0,0,0,0,,0,0,0,0,0,0,1,0
Mihai Lixandru,ROU,MF,FCSB,23-155,2001,1.5,3,1,0,3,0,1,2,50.0,1,1,0,1,1,4,4,0
Danny Loader,ENG,FW,Porto,24-071,2000,0.0,0,0,0,0,0,0,1,0.0,1,0,0,0,0,0,0,0
Javi López,ESP,DF,Real Sociedad,22-227,2002,1.3,1,1,1,0,0,0,0,,0,0,0,0,1,2,2,0
Tom Louchet,FRA,"MF,DF",Nice,21-187,2003,2.4,2,1,1,0,1,1,3,33.3,2,2,1,1,1,3,1,0
Zakaria Loukili,SWE,"MF,FW",Malmö,18-287,2006,0.7,0,0,0,0,0,0,0,,0,0,0,0,1,1,1,0
Zak Lovelace,ENG,FW,Rangers,18-289,2006,0.2,0,0,0,0,0,0,0,,0,0,0,0,0,0,0,0
Sayfallah Ltaief,TUN,"FW,MF",Twente,24-199,2000,0.6,1,0,0,1,0,1,1,100.0,0,0,0,0,0,1,0,0
Odin Lurås Bjørtuft,NOR,DF,Bodø/Glimt,25-324,1998,3.0,3,2,3,0,0,2,3,66.7,1,4,3,1,3,6,14,0
Isak Määttä,NOR,FW,Bodø/Glimt,23-049,2001,1.4,0,0,0,0,0,0,2,0.0,2,2,1,1,1,1,1,0
Kevin Mac Allister,ARG,DF,Union SG,27-000,1997,1.8,7,5,4,3,0,4,8,50.0,4,3,2,1,0,7,8,0
Koki Machida,JPN,DF,Union SG,27-074,1997,3.0,3,1,0,1,2,2,8,25.0,6,8,2,6,5,8,6,0
James Maddison,ENG,MF,Tottenham,27-350,1996,1.1,1,1,0,1,0,0,0,,0,1,0,1,2,3,0,0
Elad Madmon,ISR,FW,Maccabi Tel Aviv,20-271,2004,2.3,3,1,1,2,0,2,3,66.7,1,2,0,2,2,5,1,0
Harry Maguire,ENG,DF,Manchester Utd,31-247,1993,1.1,1,1,0,1,0,0,0,,0,3,2,1,1,2,4,0
Habib Maïga,CIV,MF,Ferencváros,28-311,1996,1.4,7,4,1,4,2,3,4,75.0,1,1,0,1,4,11,5,0
Seiya Maikuma,JPN,DF,AZ Alkmaar,27-022,1997,2.6,4,3,3,1,0,3,8,37.5,5,2,1,1,5,9,9,2
Kobbie Mainoo,ENG,MF,Manchester Utd,19-202,2005,0.1,0,0,0,0,0,0,0,,0,0,0,0,0,0,1,0
Ainsley Maitland-Niles,ENG,DF,Lyon,27-070,1997,3.0,6,4,4,2,0,4,8,50.0,4,7,0,7,3,9,5,0
Cebrails Makreckis,LVA,DF,Ferencváros,24-181,2000,1.2,1,0,1,0,0,1,2,50.0,1,0,0,0,0,1,1,0
Gianluca Mancini,ITA,DF,Roma,28-204,1996,1.0,3,3,3,0,0,3,3,100.0,0,1,0,1,2,5,6,0
Christos Mandas,GRE,GK,Lazio,23-051,2001,2.0,0,0,0,0,0,0,0,,0,0,0,0,0,0,0,0
Óscar de Marcos,ESP,DF,Athletic Club,35-207,1989,1.6,3,1,2,1,0,1,3,33.3,2,1,1,0,1,4,4,0
Erick Marcus,BRA,"MF,FW",Ludogorets,20-251,2004,0.4,1,1,0,1,0,0,0,,0,2,0,2,0,1,1,0
Adrián Marín,ESP,DF,Braga,27-303,1997,1.4,3,1,1,2,0,2,4,50.0,2,2,0,2,0,3,4,0
Pablo Marín,ESP,MF,Real Sociedad,21-127,2003,1.7,4,1,3,0,1,2,2,100.0,0,0,0,0,0,4,1,0
João Mário,POR,"MF,FW",Beşiktaş,31-293,1993,1.9,2,1,0,2,0,0,0,,0,4,1,3,2,4,2,0
João Mário Lopes,POR,DF,Porto,24-309,2000,1.9,8,7,5,2,1,4,6,66.7,2,2,1,1,1,9,2,0
Adam Markhiev,FIN,MF,FK Rīgas FS,22-235,2002,2.8,11,7,5,4,2,5,9,55.6,4,6,1,5,7,18,1,1
Svetozar Marković,SRB,DF,Viktoria Plzeň,24-229,2000,3.0,3,2,3,0,0,2,3,66.7,1,1,0,1,2,5,17,0
Omar Marmoush,EGY,"FW,MF",Eint Frankfurt,25-274,1999,2.7,3,3,1,2,0,0,1,0.0,1,2,0,2,1,4,0,0
Unai Marrero,ESP,GK,Real Sociedad,23-029,2001,1.0,0,0,0,0,0,0,0,,0,0,0,0,0,0,1,0
Jon Martin,ESP,DF,Real Sociedad,18-311,2006,2.0,2,2,2,0,0,2,3,66.7,1,0,0,0,1,3,8,0
Emiliano Martínez,URU,MF,Midtjylland,25-082,1999,2.8,8,5,3,3,2,5,11,45.5,6,3,0,3,9,17,5,0
Gabri Martínez,ESP,MF,Braga,21-290,2003,0.5,0,0,0,0,0,0,1,0.0,1,0,0,0,1,1,2,0
Lisandro Martínez,ARG,DF,Manchester Utd,26-294,1998,2.9,4,2,1,2,1,2,3,66.7,1,1,1,0,3,7,13,1
Gelson Martins,POR,FW,Olympiacos,29-180,1995,1.7,6,4,1,5,0,3,5,60.0,2,3,0,3,3,9,0,0
Bruno Martins Indi,NED,DF,AZ Alkmaar,32-273,1992,1.0,0,0,0,0,0,0,0,,0,1,1,0,1,1,4,0
Adam Marušić,MNE,DF,Lazio,32-021,1992,2.9,11,6,8,3,0,4,4,100.0,0,1,1,0,4,15,7,0
Roei Mashpati,ISR,GK,Maccabi Tel Aviv,31-350,1992,3.0,0,0,0,0,0,0,0,,0,0,0,0,0,0,1,1
Giorgos Masouras,GRE,FW,Olympiacos,30-311,1994,0.2,1,0,0,0,1,0,0,,0,0,0,0,0,1,1,0
Arthur Masuaku,COD,DF,Beşiktaş,31-000,1993,4.0,8,2,7,1,0,5,10,50.0,5,9,2,7,6,14,8,0
Clinton Mata,ANG,DF,Lyon,32-000,1992,2.5,0,0,0,0,0,0,1,0.0,1,3,2,1,5,5,10,0
Igor Matanovic,CRO,FW,Eint Frankfurt,21-221,2003,2.5,2,1,0,0,2,0,0,,0,6,0,6,0,2,2,0
Pape Matar Sarr,SEN,MF,Tottenham,22-054,2002,2.1,4,2,0,3,1,1,3,33.3,2,1,1,0,3,7,2,0
Matheus,BRA,GK,Braga,32-111,1992,3.0,2,0,2,0,0,2,2,100.0,0,0,0,0,0,2,3,1
Nemanja Matić,SRB,MF,Lyon,36-098,1988,1.0,2,2,1,1,0,2,2,100.0,0,1,0,1,0,2,2,0
Jean Mattéo Bahoya,FRA,FW,Eint Frankfurt,19-184,2005,0.4,0,0,0,0,0,0,0,,0,2,0,2,2,2,0,0
Noussair Mazraoui,MAR,"DF,MF",Manchester Utd,26-359,1997,3.0,10,6,6,1,3,3,4,75.0,1,4,1,3,5,15,9,0
Kevin Mbabu,SUI,DF,Midtjylland,29-202,1995,2.7,3,2,2,1,0,3,4,75.0,1,2,1,1,6,9,6,0
Ross McCausland,NIR,FW,Rangers,21-179,2003,0.4,2,2,2,0,0,1,2,50.0,1,0,0,0,1,3,2,0
Kevin Medina,COL,DF,Qarabağ,31-243,1993,2.0,3,1,3,0,0,2,3,66.7,1,4,2,2,2,5,3,0
Mexx Meerdink,NED,"FW,DF",AZ Alkmaar,21-106,2003,0.4,0,0,0,0,0,0,0,,0,0,0,0,0,0,1,0
Brais Méndez,ESP,MF,Real Sociedad,27-305,1997,2.7,5,3,1,2,2,2,9,22.2,7,0,0,0,3,8,3,0
Antoine Mendy,FRA,DF,Nice,20-164,2004,0.8,2,0,1,1,0,1,1,100.0,0,2,0,2,1,3,3,0
Dries Mertens,BEL,MF,Galatasaray,37-185,1987,2.6,0,0,0,0,0,0,2,0.0,2,2,0,2,1,1,0,0
Giannis Michailidis,GRE,DF,PAOK,24-263,2000,1.0,0,0,0,0,0,0,1,0.0,1,0,0,0,0,0,1,0
Simion Michez,BEL,FW,Slavia Prague,22-272,2002,1.6,2,2,0,2,0,1,3,33.3,2,1,0,1,2,4,3,0
David Miculescu,ROU,FW,FCSB,23-189,2001,1.7,3,2,0,3,0,0,1,0.0,1,1,1,0,3,6,5,0
Sven Mijnans,NED,"MF,FW",AZ Alkmaar,24-243,2000,2.8,7,4,1,5,1,5,11,45.5,6,4,1,3,4,11,1,0
Georges Mikautadze,GEO,"FW,MF",Lyon,24-007,2000,0.3,0,0,0,0,0,0,0,,0,0,0,0,0,0,0,0
August Mikkelsen,NOR,MF,Bodø/Glimt,24-014,2000,0.0,0,0,0,0,0,0,0,,0,0,0,0,0,0,0,0
Max Moerstedt,GER,"FW,MF",Hoffenheim,,,1.2,1,1,0,1,0,1,1,100.0,0,2,0,2,0,1,0,0
Jorthy Mokio,BEL,FW,Ajax,16-252,2008,0.0,0,0,0,0,0,0,0,,0,0,0,0,0,0,0,0
Mikey Moore,ENG,FW,Tottenham,17-088,2007,2.0,1,1,0,1,0,0,1,0.0,1,0,0,0,0,1,0,0
Rodrigo Mora,POR,MF,Porto,17-186,2007,0.2,0,0,0,0,0,0,0,,0,0,0,0,0,0,0,0
Anthony Moris,LUX,GK,Union SG,34-192,1990,3.0,0,0,0,0,0,0,0,,0,0,0,0,0,0,1,0
Jhon Mosquera,COL,DF,Viktoria Plzeň,34-183,1990,0.0,0,0,0,0,0,0,0,,0,1,0,1,0,0,0,0
Youssoufa Moukoko,GER,FW,Nice,19-353,2004,2.1,4,2,2,0,2,1,1,100.0,0,1,0,1,2,6,1,0
Mason Mount,ENG,FW,Manchester Utd,25-302,1999,0.1,0,0,0,0,0,0,0,,0,0,0,0,0,0,0,0
Moura,POR,DF,Porto,25-083,1999,2.9,3,2,3,0,0,2,2,100.0,0,4,1,3,1,4,8,0
João Moutinho,POR,MF,Braga,38-060,1986,0.7,0,0,0,0,0,0,3,0.0,3,1,0,1,3,3,0,0
Christos Mouzakitis,GRE,MF,Olympiacos,17-318,2006,1.9,3,2,0,2,1,2,3,66.7,1,2,1,1,3,6,1,0
Ernest Muçi,ALB,FW,Beşiktaş,23-233,2001,2.7,3,3,0,3,0,0,1,0.0,1,4,0,4,1,4,1,0
Mert Müldür,TUR,DF,Fenerbahçe,25-218,1999,2.7,7,6,2,4,1,4,6,66.7,2,2,0,2,5,12,6,0
Aihen Muñoz,ESP,DF,Real Sociedad,27-083,1997,1.7,3,2,2,0,1,3,3,100.0,0,0,0,0,3,6,8,0
Alexandru Musi,ROU,MF,FCSB,20-113,2004,0.3,0,0,0,0,0,0,0,,0,0,0,0,0,0,0,0
Almoatasem Al Musrati,LBY,MF,Beşiktaş,28-215,1996,1.2,4,2,3,1,0,1,1,100.0,0,4,1,3,1,5,0,0
Bəhlul Mustafazadə,AZE,DF,Qarabağ,27-254,1997,1.8,1,1,0,1,0,1,1,100.0,0,3,2,1,5,6,3,0
Mykola Mykhailenko,UKR,MF,Dynamo Kyiv,23-169,2001,1.6,6,4,2,4,0,3,4,75.0,1,2,0,2,2,8,2,1
Taras Mykhavko,UKR,DF,Dynamo Kyiv,19-161,2005,3.0,1,1,0,1,0,0,1,0.0,1,6,4,2,2,3,19,0
David Møller Wolfe,NOR,DF,AZ Alkmaar,22-198,2002,2.9,11,6,7,3,1,7,7,100.0,0,6,1,5,4,15,5,0
Moussa N'Diaye,SEN,DF,Anderlecht,22-142,2002,1.9,5,4,1,3,1,4,8,50.0,4,0,0,0,4,9,6,0
Obite N'Dicka,CIV,DF,Roma,25-079,1999,3.0,5,5,3,2,0,3,3,100.0,0,1,1,0,6,11,10,0
Stanley N'Soki,FRA,DF,Hoffenheim,25-212,1999,2.8,5,3,2,3,0,4,6,66.7,2,0,0,0,6,11,7,0
Idan Nachmias,ISR,DF,Maccabi Tel Aviv,27-235,1997,1.0,4,1,0,3,1,3,3,100.0,0,1,0,1,1,5,2,0
Youssouf Ndayishimiye,BDI,DF,Nice,26-011,1998,2.0,4,2,2,2,0,0,1,0.0,1,3,1,2,2,6,10,1
Rostand Ndjiki,CMR,FW,FK Rīgas FS,20-307,2004,0.8,0,0,0,0,0,0,0,,0,1,0,1,0,0,0,0
Tanguy Ndombele,FRA,MF,Nice,27-315,1996,0.5,1,0,1,0,0,1,2,50.0,1,0,0,0,0,1,0,0
Cher Ndour,ITA,MF,Beşiktaş,20-103,2004,2.9,5,3,1,3,1,1,4,25.0,3,4,0,4,7,12,4,0
Victor Nelsson,DEN,MF,Galatasaray,26-024,1998,0.0,0,0,0,0,0,0,1,0.0,1,0,0,0,0,0,0,0
Ruslan Neshcheret,UKR,GK,Dynamo Kyiv,22-290,2002,1.0,0,0,0,0,0,0,0,,0,0,0,0,0,0,0,0
Siyabonga Ngezana,RSA,DF,FCSB,27-115,1997,1.0,1,1,1,0,0,0,1,0.0,1,2,2,0,2,3,1,0
Sikou Niakaté,MLI,DF,Braga,25-120,1999,2.7,1,1,0,1,0,0,1,0.0,1,3,3,0,3,4,7,0
Moussa Niakhate,SEN,DF,Lyon,28-244,1996,1.5,0,0,0,0,0,0,1,0.0,1,1,1,0,1,1,9,0
Ousseynou Niang,SEN,"DF,FW",Union SG,23-026,2001,2.7,11,8,6,4,1,7,11,63.6,4,5,0,5,2,13,4,0
Villads Nielsen,DEN,DF,Bodø/Glimt,19-283,2005,1.8,1,0,1,0,0,0,0,,0,4,3,1,2,3,9,1
Niels Nkounkou,FRA,DF,Eint Frankfurt,24-006,2000,2.9,9,4,4,5,0,3,7,42.9,4,9,1,8,5,14,12,1
Kristian Nökkvi Hlynsson,ISL,MF,Ajax,20-289,2004,0.7,3,3,2,1,0,0,2,0.0,2,1,0,1,0,3,0,0
Tijjani Noslin,NED,MF,Lazio,25-123,1999,0.0,0,0,0,0,0,0,0,,0,0,0,0,0,0,0,0
Andreas Ntoi,GRE,DF,Olympiacos,21-279,2003,0.3,2,1,2,0,0,1,1,100.0,0,1,1,0,1,3,1,0
Ernest Nuamah,GHA,FW,Lyon,21-006,2003,1.9,1,1,1,0,0,0,1,0.0,1,4,0,4,2,3,0,0
Unai Núñez,ESP,DF,Athletic Club,27-282,1997,0.1,0,0,0,0,0,0,0,,0,0,0,0,0,0,0,0
Lasha Odisharia,GEO,DF,FK Rīgas FS,22-015,2002,2.8,4,3,4,0,0,3,3,100.0,0,3,0,3,6,10,4,0
Wilson Odobert,FRA,FW,Tottenham,19-345,2004,0.0,0,0,0,0,0,0,0,,0,0,0,0,0,0,0,0
Álvaro Odriozola,ESP,DF,Real Sociedad,28-329,1995,1.2,4,3,3,0,1,2,4,50.0,2,2,1,1,1,5,7,0
Darius Olaru,ROU,MF,FCSB,26-249,1998,1.5,2,2,1,0,1,1,3,33.3,2,1,0,1,2,4,0,0
Olasagasti,ESP,MF,Real Sociedad,24-083,2000,0.1,0,0,0,0,0,0,1,0.0,1,0,0,0,0,0,0,0
Paulo Oliveira,POR,DF,Braga,32-304,1992,0.2,0,0,0,0,0,0,1,0.0,1,1,0,1,0,0,1,0
Sérgio Oliveira,POR,FW,Olympiacos,32-158,1992,0.2,1,1,1,0,0,1,1,100.0,0,1,0,1,1,2,1,0
Samu Omorodion,ESP,FW,Porto,20-186,2004,2.8,0,0,0,0,0,0,0,,0,0,0,0,1,1,2,0
André Onana,CMR,GK,Manchester Utd,28-219,1996,3.0,0,0,0,0,0,0,0,,0,0,0,0,0,0,3,0
Jean Onana,CMR,MF,Beşiktaş,24-304,2000,0.7,0,0,0,0,0,0,3,0.0,3,0,0,0,1,1,0,0
Fabrice Ondoa,CMR,GK,FK Rīgas FS,28-319,1995,3.0,0,0,0,0,0,0,0,,0,0,0,0,0,0,0,1
Jayden Oosterwolde,NED,DF,Fenerbahçe,23-195,2001,2.0,3,2,2,1,0,1,3,33.3,2,5,2,3,1,4,5,0
Victor Orakpo,NGA,FW,Nice,18-146,2006,0.2,0,0,0,0,0,0,0,,0,0,0,0,0,0,0,0
Gift Orban,NGA,FW,Lyon,22-113,2002,0.1,0,0,0,0,0,0,0,,0,0,0,0,0,0,0,0
Francisco Ortega,ARG,DF,Olympiacos,25-233,1999,2.1,4,2,1,3,0,3,5,60.0,2,1,0,1,4,8,7,0
Bright Osayi-Samuel,NGA,DF,Fenerbahçe,26-312,1997,1.0,0,0,0,0,0,0,1,0.0,1,0,0,0,1,1,1,0
Victor Osimhen,NGA,FW,Galatasaray,25-314,1998,1.8,1,1,0,0,1,0,0,,0,0,0,0,1,2,1,0
Darío Osorio,CHI,MF,Midtjylland,20-288,2004,2.8,6,6,2,4,0,1,4,25.0,3,6,1,5,7,13,4,0
Victor Osuagwu,NGA,FW,FK Rīgas FS,20-338,2003,0.4,2,1,1,1,0,1,1,100.0,0,0,0,0,1,3,0,0
Amine El Ouazzani,MAR,FW,Braga,23-115,2001,0.5,0,0,0,0,0,0,0,,0,1,0,1,0,0,0,0
Timothy Ouma,KEN,MF,Elfsborg,20-150,2004,2.9,8,5,5,2,1,5,11,45.5,6,3,1,2,8,16,7,0
Joris van Overeem,NED,MF,Maccabi Tel Aviv,30-159,1994,1.2,2,2,0,2,0,1,1,100.0,0,1,1,0,3,5,0,0
Rome-Jayden Owusu-Oduro,NED,GK,AZ Alkmaar,20-128,2004,3.0,0,0,0,0,0,0,0,,0,0,0,0,0,0,4,0
Mikel Oyarzabal,ESP,"FW,MF",Real Sociedad,27-200,1997,1.7,0,0,0,0,0,0,3,0.0,3,0,0,0,1,1,1,0
Magomed Ozdoyev,RUS,MF,PAOK,32-002,1992,1.6,3,0,3,0,0,2,7,28.6,5,1,1,0,4,7,5,0
Jon Pacheco,ESP,DF,Real Sociedad,23-304,2001,2.5,9,7,8,1,0,4,4,100.0,0,3,2,1,4,13,7,1
Sergio Padt,NED,GK,Ludogorets,34-154,1990,1.0,0,0,0,0,0,0,0,,0,0,0,0,0,0,1,0
Stefan Panić,SRB,MF,FK Rīgas FS,32-048,1992,3.0,7,4,3,4,0,6,10,60.0,4,7,4,3,7,14,9,0
Jiří Panoš,CZE,MF,Viktoria Plzeň,16-358,2007,0.6,0,0,0,0,0,0,0,,0,1,0,1,1,1,0,0
Alexandru Pantea,ROU,DF,FCSB,21-057,2003,0.5,0,0,0,0,0,0,1,0.0,1,3,2,1,0,0,2,0
Aitor Paredes,ESP,DF,Athletic Club,24-192,2000,3.0,4,2,3,1,0,4,4,100.0,0,0,0,0,3,7,15,0
Leandro Paredes,ARG,MF,Roma,30-131,1994,1.1,3,3,2,1,0,2,2,100.0,0,0,0,0,3,6,0,0
Troy Parrott,IRL,FW,AZ Alkmaar,22-277,2002,2.7,3,1,3,0,0,2,5,40.0,3,3,0,3,0,3,0,0
Remko Pasveer,NED,GK,Ajax,40-365,1983,3.0,0,0,0,0,0,0,0,,0,0,0,0,0,0,0,0
Weslley Patati,BRA,"FW,MF",Maccabi Tel Aviv,21-037,2003,1.2,4,1,2,2,0,1,3,33.3,2,2,0,2,2,6,0,0
Patric,ESP,DF,Lazio,31-204,1993,1.8,2,1,2,0,0,1,1,100.0,0,2,1,1,1,3,11,0
Gabriel Paulista,BRA,DF,Beşiktaş,33-347,1990,2.9,9,4,6,3,0,3,5,60.0,2,2,1,1,6,15,13,0
Dominik Pech,CZE,MF,Slavia Prague,18-064,2006,0.0,1,1,1,0,0,0,0,,0,0,0,0,0,1,0,0
Pedrinho,BRA,MF,Ludogorets,26-302,1998,2.7,6,6,4,1,1,3,9,33.3,6,3,0,3,6,12,13,0
Pedro,ESP,"FW,MF",Lazio,37-102,1987,2.7,3,2,2,1,0,2,4,50.0,2,4,1,3,0,3,2,0
Zé Pedro Figueiredo,POR,DF,Porto,27-154,1997,2.1,1,1,1,0,0,0,3,0.0,3,3,2,1,1,2,7,0
Lorenzo Pellegrini,ITA,MF,Roma,28-141,1996,0.5,0,0,0,0,0,0,0,,0,0,0,0,0,0,1,0
Luca Pellegrini,ITA,DF,Lazio,25-245,1999,3.0,7,4,1,6,0,4,4,100.0,0,4,1,3,4,11,12,0
Sergio Peña,PER,MF,Malmö,29-040,1995,3.8,18,8,8,6,4,7,16,43.8,9,7,2,5,5,23,2,1
Alexandre Penetra,POR,DF,AZ Alkmaar,23-059,2001,2.9,6,5,6,0,0,5,7,71.4,2,2,2,0,3,9,14,0
Pepê,BRA,FW,Porto,27-257,1997,2.0,6,5,2,2,2,4,9,44.4,5,1,0,1,1,7,0,0
Dor Peretz,ISR,MF,Maccabi Tel Aviv,29-174,1995,2.8,1,1,0,1,0,0,1,0.0,1,3,0,3,0,1,3,0
Nehuén Pérez,ARG,DF,Porto,24-136,2000,3.0,4,2,3,0,1,3,3,100.0,0,6,4,2,4,8,10,0
Lucas Perri,BRA,GK,Lyon,26-333,1997,3.0,0,0,0,0,0,0,0,,0,1,0,1,0,0,3,0
Aleksandar Pešić,SRB,MF,Ferencváros,32-170,1992,0.1,0,0,0,0,0,0,0,,0,0,0,0,0,0,0,0
Jens Petter Hauge,NOR,FW,Bodø/Glimt,25-026,1999,3.0,3,2,3,0,0,1,7,14.3,6,1,0,1,0,3,4,0
Isak Pettersson,SWE,GK,Elfsborg,27-154,1997,3.0,0,0,0,0,0,0,0,,0,0,0,0,0,0,3,1
Luis Phelipe,BRA,MF,FCSB,23-269,2001,0.5,1,0,0,0,1,1,2,50.0,1,1,0,1,0,1,0,1
Oleksandr Pikhalyonok,UKR,MF,Dynamo Kyiv,27-184,1997,1.2,7,3,2,5,0,5,5,100.0,0,1,0,1,1,8,2,0
Jakub Piotrowski,POL,MF,Ludogorets,27-034,1997,1.8,2,0,1,1,0,0,2,0.0,2,0,0,0,0,2,4,1
Lorenzo Pirola,ITA,DF,Olympiacos,22-261,2002,1.6,5,3,4,0,1,1,1,100.0,0,7,6,1,5,10,5,0
Niccolò Pisilli,ITA,MF,Roma,20-045,2004,2.0,6,5,1,4,1,3,3,100.0,0,1,0,1,0,6,1,0
Ernest Poku,NED,"FW,DF",AZ Alkmaar,20-284,2004,1.1,4,4,1,1,2,1,2,50.0,1,0,0,0,0,4,1,0
Daniel Popa,ROU,MF,FCSB,30-116,1994,0.1,1,1,0,1,0,0,0,,0,0,0,0,0,1,0,0
Mihai Popescu,ROU,DF,FCSB,31-184,1993,3.0,5,4,4,1,0,2,6,33.3,4,5,3,2,3,8,12,0
Octavian-George Popescu,ROU,FW,FCSB,21-316,2002,1.0,1,1,0,0,1,0,0,,0,1,0,1,1,2,1,0
Denys Popov,UKR,DF,Dynamo Kyiv,25-264,1999,2.0,1,1,1,0,0,1,3,33.3,2,3,2,1,9,10,7,0
Pedro Porro,ESP,DF,Tottenham,25-055,1999,1.0,0,0,0,0,0,0,1,0.0,1,3,0,3,4,4,2,0
Beñat Prados,ESP,MF,Athletic Club,23-273,2001,1.6,4,2,2,2,0,2,5,40.0,3,2,0,2,1,5,3,0
Alexander Prass,AUT,DF,Hoffenheim,23-165,2001,2.3,4,3,2,0,2,1,6,16.7,5,2,1,1,0,4,6,0
Filip Prebsl,CZE,MF,Slavia Prague,21-248,2003,0.9,1,0,0,1,0,0,0,,0,0,0,0,1,2,3,0
Herdi Prenga,ALB,DF,FK Rīgas FS,30-068,1994,2.8,3,3,3,0,0,3,4,75.0,1,3,1,2,1,4,15,0
Robin Pröpper,NED,DF,Rangers,31-045,1993,2.3,4,3,1,3,0,1,3,33.3,2,2,1,1,4,8,13,0
Ivan Provedel,ITA,GK,Lazio,30-235,1994,1.0,0,0,0,0,0,0,0,,0,0,0,0,0,0,1,0
Lukáš Provod,CZE,MF,Slavia Prague,28-015,1996,2.2,1,0,0,0,1,0,0,,0,2,0,2,1,2,0,0
Ahmed Qasem,SWE,"FW,MF",Elfsborg,21-118,2003,2.9,1,0,0,1,0,1,3,33.3,2,3,2,1,3,4,1,0
Risto Radunović,MNE,DF,FCSB,32-187,1992,2.5,6,3,5,1,0,3,6,50.0,3,5,2,3,1,7,12,0
Elías Rafn Ólafsson,ISL,GK,Midtjylland,24-241,2000,3.0,0,0,0,0,0,0,0,,0,0,0,0,0,0,3,0
Baba Rahman,GHA,DF,PAOK,30-128,1994,2.3,8,4,5,1,2,1,3,33.3,2,0,0,0,0,8,2,0
Cristian Ramírez,ECU,"DF,FW",Ferencváros,30-087,1994,2.0,5,5,1,3,1,3,4,75.0,1,2,2,0,4,9,7,0
Marcus Rashford,ENG,FW,Manchester Utd,27-007,1997,2.2,2,2,1,0,1,0,0,,0,4,0,4,1,3,5,0
Milot Rashica,KVX,FW,Beşiktaş,28-132,1996,1.8,3,2,1,1,1,3,8,37.5,5,0,0,0,2,5,2,0
Haruna Rasid Njie,GAM,"DF,MF",FK Rīgas FS,19-045,2005,2.2,8,5,3,4,1,4,7,57.1,3,4,1,3,4,12,6,0
Nicolas Raskin,BEL,MF,Rangers,23-258,2001,1.4,10,4,3,7,0,2,8,25.0,6,1,1,0,1,11,1,0
Christian Rasmussen,DEN,"FW,MF",Ajax,21-293,2003,1.7,2,1,0,0,2,1,2,50.0,1,4,0,4,0,2,4,0
Mathias Rasmussen,NOR,MF,Union SG,26-348,1997,2.7,9,5,2,5,2,3,6,50.0,3,3,1,2,3,12,4,0
Youri Regeer,NED,MF,Twente,21-081,2003,2.9,8,4,4,4,0,4,5,80.0,1,4,1,3,4,12,7,0
Álex Remiro,ESP,GK,Real Sociedad,29-228,1995,2.0,0,0,0,0,0,0,0,,0,0,0,0,0,0,2,0
Devyne Rensch,NED,DF,Ajax,21-294,2003,3.0,5,2,1,4,0,0,0,,0,6,1,5,11,16,9,1
Panagiotis Retsos,GRE,DF,Olympiacos,26-090,1998,2.7,6,4,5,1,0,3,5,60.0,2,9,3,6,8,14,6,0
Yuri Ribeiro,POR,DF,Braga,27-288,1997,1.1,0,0,0,0,0,0,0,,0,1,0,1,2,2,1,0
Ricardinho,BRA,FW,Viktoria Plzeň,23-198,2001,0.2,0,0,0,0,0,0,0,,0,0,0,0,0,0,0,0
Ricardo,BRA,GK,Malmö,31-263,1993,1.5,0,0,0,0,0,0,0,,0,0,0,0,0,0,0,0
Richarlison,BRA,FW,Tottenham,27-181,1997,0.7,2,2,0,2,0,0,0,,0,2,0,2,0,2,0,0
Rick,BRA,FW,Ludogorets,25-066,1999,2.9,6,2,4,2,0,1,3,33.3,2,3,0,3,2,8,0,0
Søren Rieks,DEN,"FW,MF",Malmö,37-214,1987,0.2,1,0,1,0,0,1,1,100.0,0,0,0,0,0,1,2,0
Mats Rits,BEL,MF,Anderlecht,31-112,1993,2.0,4,3,0,3,1,3,4,75.0,1,1,1,0,1,5,2,0
Rodinei,BRA,"FW,DF",Olympiacos,32-283,1992,2.9,6,2,3,1,2,1,2,50.0,1,7,0,7,6,12,3,0
Kevin Rodríguez,ECU,FW,Union SG,24-248,2000,2.4,6,3,1,2,3,1,1,100.0,0,2,1,1,0,6,2,0
Alessio Romagnoli,ITA,DF,Lazio,29-300,1995,2.2,3,2,3,0,0,3,3,100.0,0,4,1,3,1,4,6,0
Julio Romão,BRA,MF,Qarabağ,26-223,1998,1.6,15,9,6,7,2,4,7,57.1,3,1,0,1,2,17,2,1
Mohamed Ali Ben Romdhane,TUN,"FW,DF",Ferencváros,25-062,1999,0.8,3,3,2,1,0,2,3,66.7,1,2,0,2,0,3,0,0
Cristian Romero,ARG,DF,Tottenham,26-194,1998,1.0,3,1,2,1,0,2,3,66.7,1,3,1,2,1,4,6,0
Philippe Rommens,BEL,MF,Ferencváros,27-079,1997,2.0,3,3,1,2,0,1,2,50.0,1,1,0,1,2,5,2,0
Bart van Rooij,NED,DF,Twente,23-165,2001,3.0,6,6,4,0,2,3,5,60.0,2,4,1,3,3,9,5,0
Pablo Rosario,NED,MF,Nice,27-305,1997,2.8,2,0,0,1,1,1,5,20.0,4,1,1,0,2,4,0,1
Otto Rosengren,SWE,MF,Malmö,21-175,2003,0.7,0,0,0,0,0,0,1,0.0,1,1,0,1,0,0,0,0
Colin Rosler,NOR,DF,Malmö,24-199,2000,4.0,3,1,3,0,0,2,2,100.0,0,3,1,2,2,5,18,2
Daan Rots,NED,MF,Twente,23-105,2001,0.4,1,0,0,0,1,0,2,0.0,2,1,0,1,2,3,0,0
Nicolò Rovella,ITA,MF,Lazio,22-339,2001,1.8,8,3,3,4,1,6,10,60.0,4,1,1,0,5,13,2,0
Valentyn Rubchynskyi,UKR,"MF,FW",Dynamo Kyiv,22-266,2002,1.1,1,0,1,0,0,1,2,50.0,1,2,0,2,0,1,1,0
Daniele Rugani,ITA,DF,Ajax,30-101,1994,0.8,1,1,1,0,0,0,0,,0,0,0,0,2,3,6,0
Georgi Rusev,BUL,FW,Ludogorets,26-128,1998,0.1,0,0,0,0,0,0,0,,0,0,0,0,0,0,0,0
Rwan,BRA,"FW,MF",Ludogorets,23-171,2001,1.9,1,0,0,1,0,0,2,0.0,2,0,0,0,0,1,2,0
Noah Sadiki,COD,MF,Union SG,19-326,2004,2.6,5,3,1,2,2,3,4,75.0,1,3,0,3,2,7,5,0
Ibrahim Sadiq,GHA,FW,AZ Alkmaar,24-184,2000,0.6,0,0,0,0,0,0,0,,0,0,0,0,0,0,1,0
Umar Sadiq,NGA,FW,Real Sociedad,27-279,1997,1.5,1,0,0,1,0,0,0,,0,1,0,1,0,1,5,0
Allan Saint-Maximin,FRA,FW,Fenerbahçe,27-240,1997,1.2,1,0,1,0,0,0,1,0.0,1,1,0,1,0,1,0,0
Anass Salah-Eddine,NED,"DF,MF",Twente,22-294,2002,2.9,10,6,5,4,1,7,9,77.8,2,3,0,3,4,14,8,0
Saldanha,BRA,"MF,FW",Ferencváros,25-081,1999,1.0,3,2,1,2,0,1,2,50.0,1,2,0,2,0,3,0,0
Ulrik Saltnes,NOR,MF,Bodø/Glimt,31-363,1992,1.2,3,3,3,0,0,0,1,0.0,1,2,1,1,3,6,2,0
Oihan Sancet,ESP,MF,Athletic Club,24-196,2000,1.2,0,0,0,0,0,0,1,0.0,1,1,0,1,0,0,0,0
Davinson Sánchez,COL,DF,Galatasaray,28-148,1996,3.0,10,5,5,5,0,4,6,66.7,2,7,2,5,4,14,11,0
Kauã Santos,BRA,GK,Eint Frankfurt,21-210,2003,2.0,0,0,0,0,0,0,0,,0,0,0,0,0,0,1,1
Gabriel Sara,BRA,MF,Galatasaray,25-134,1999,3.0,4,4,2,1,1,1,3,33.3,2,6,1,5,3,7,1,0
Killian Sardella,BEL,DF,Anderlecht,22-189,2002,1.4,4,4,4,0,0,2,3,66.7,1,4,2,2,1,5,6,0
Joan Sastre Vanrell,ESP,DF,PAOK,27-191,1997,1.5,3,1,3,0,0,2,2,100.0,0,3,0,3,1,4,0,0
Roberts Savaļnieks,LVA,DF,FK Rīgas FS,31-277,1993,2.0,1,0,1,0,0,0,2,0.0,2,6,2,4,3,4,7,0
Stefan Schwab,AUT,MF,PAOK,34-041,1990,0.7,2,2,1,0,1,1,2,50.0,1,1,0,1,0,2,1,0
Stephan El Shaarawy,ITA,DF,Roma,32-011,1992,0.3,0,0,0,0,0,0,0,,0,0,0,0,1,1,0,0
Ido Shahar,ISR,FW,Maccabi Tel Aviv,23-079,2001,0.8,0,0,0,0,0,0,1,0.0,1,2,0,2,0,0,0,0
Mykola Shaparenko,UKR,MF,Dynamo Kyiv,26-034,1998,2.0,1,0,0,1,0,0,1,0.0,1,3,0,3,2,3,4,1
Volodymyr Shepelyev,UKR,MF,Dynamo Kyiv,27-159,1997,0.0,0,0,0,0,0,0,0,,0,0,0,0,0,0,0,0
Raz Shlomo,ISR,DF,Maccabi Tel Aviv,25-086,1999,3.0,6,4,3,1,2,3,5,60.0,2,2,1,1,5,11,11,1
Eldor Shomurodov,UZB,FW,Roma,29-131,1995,1.2,0,0,0,0,0,0,0,,0,0,0,0,0,0,2,0
Shola Shoretire,ENG,FW,PAOK,20-279,2004,0.1,1,1,1,0,0,0,0,,0,0,0,0,0,1,0,0
Luka Silagadze,GEO,MF,FK Rīgas FS,25-200,1999,0.2,0,0,0,0,0,0,0,,0,1,1,0,0,0,0,0
Matheus Silva,BRA,DF,Qarabağ,27-035,1997,0.9,1,1,1,0,0,0,0,,0,0,0,0,2,3,2,0
Rafa Silva,POR,"MF,FW",Beşiktaş,31-174,1993,3.6,5,4,2,2,1,3,4,75.0,1,3,0,3,2,7,0,0
Jan-Carlo Simic,SRB,DF,Anderlecht,19-189,2005,3.0,3,3,0,1,2,2,2,100.0,0,4,3,1,3,6,16,0
Aral Şimşir,DEN,MF,Midtjylland,22-141,2002,2.3,5,1,1,3,1,4,4,100.0,0,2,0,2,0,5,0,0
Issouf Sissokho,MLI,MF,Maccabi Tel Aviv,22-282,2002,2.8,7,6,1,5,1,2,11,18.2,9,2,1,1,6,13,1,0
Fredrik Sjøvold,NOR,DF,Bodø/Glimt,21-082,2003,2.5,7,4,1,5,1,5,10,50.0,5,1,0,1,4,11,7,0
Ellyes Skhiri,TUN,MF,Eint Frankfurt,29-181,1995,1.3,5,3,3,1,1,1,4,25.0,3,3,0,3,4,9,1,0
Alexandr Sojka,,MF,Viktoria Plzeň,21-219,2003,1.0,1,1,0,1,0,0,1,0.0,1,3,0,3,1,2,1,0
Dominic Solanke,ENG,"FW,MF",Tottenham,27-054,1997,1.3,4,2,1,3,0,0,2,0.0,2,0,0,0,1,5,1,0
Son,ESP,DF,Ludogorets,30-222,1994,3.0,3,3,3,0,0,2,3,66.7,1,3,0,3,1,4,12,1
Matìas Soulé,ARG,"MF,FW",Roma,21-206,2003,1.2,0,0,0,0,0,0,0,,0,2,0,2,0,0,1,0
John Souttar,SCO,DF,Rangers,28-043,1996,3.0,0,0,0,0,0,0,0,,0,3,3,0,2,2,17,0
Çağlar Söyüncü,TUR,DF,Fenerbahçe,28-168,1996,2.0,5,0,4,1,0,2,3,66.7,1,1,1,0,2,7,2,0
Anton Stach,GER,DF,Hoffenheim,25-358,1998,2.0,2,2,1,1,0,1,4,25.0,3,3,2,1,4,6,11,1
Marko Stamenic,NZL,"MF,FW",Olympiacos,22-262,2002,0.3,1,0,1,0,0,1,1,100.0,0,1,1,0,0,1,0,0
Marius Ştefănescu,ROU,FW,FCSB,26-085,1998,1.2,7,4,2,4,1,4,6,66.7,2,2,0,2,1,8,1,0
Sem Steijn,NED,MF,Twente,22-356,2001,2.3,1,1,1,0,0,1,3,33.3,2,3,2,1,2,3,1,0
Orri Steinn Óskarsson,ISL,FW,Real Sociedad,20-070,2004,0.9,0,0,0,0,0,0,0,,0,0,0,0,0,0,1,0
Dujon Sterling,ENG,FW,Rangers,25-014,1999,0.3,0,0,0,0,0,0,1,0.0,1,0,0,0,0,0,1,0
Nemanja Stojić,SRB,DF,Maccabi Tel Aviv,26-297,1998,3.0,2,2,2,0,0,2,3,66.7,1,7,6,1,3,5,14,0
Mario Stroeykens,BEL,"MF,FW",Anderlecht,20-039,2004,2.4,9,6,3,6,0,2,2,100.0,0,1,0,1,2,11,0,0
Jens Stryger Larsen,DEN,DF,Malmö,33-260,1991,3.0,1,1,0,1,0,1,4,25.0,3,5,1,4,2,3,11,0
Elvis Stuglis,LVA,"FW,DF",FK Rīgas FS,31-126,1993,0.2,0,0,0,0,0,0,1,0.0,1,0,0,0,1,1,2,0
Luka Sučić,CRO,MF,Real Sociedad,22-060,2002,0.2,1,1,0,1,0,0,0,,0,0,0,0,0,1,0,0
Pavel Šulc,CZE,MF,Viktoria Plzeň,23-314,2000,3.0,9,5,3,4,2,5,11,45.5,6,5,0,5,3,12,6,0
Adrian Șut,ROU,MF,FCSB,25-191,1999,1.3,3,2,0,1,2,0,1,0.0,1,4,1,3,0,3,5,0
Josip Šutalo,CRO,DF,Ajax,24-253,2000,3.0,5,3,5,0,0,2,2,100.0,0,4,3,1,6,11,12,0
Jonas Svensson,NOR,DF,Beşiktaş,31-246,1993,3.7,11,7,9,2,0,9,12,75.0,3,9,5,4,8,19,10,0
Mile Svilar,SRB,GK,Roma,25-072,1999,3.0,0,0,0,0,0,0,0,,0,0,0,0,0,0,0,0
Ross Sykes,ENG,DF,Union SG,25-226,1999,1.0,1,0,1,0,0,1,1,100.0,0,0,0,0,3,4,1,0
Gábor Szalai,HUN,DF,Ferencváros,24-151,2000,1.0,3,2,3,0,0,3,3,100.0,0,0,0,0,0,3,5,0
Sebastian Szymański,POL,MF,Fenerbahçe,25-181,1999,3.0,2,1,2,0,0,0,7,0.0,7,3,1,2,3,5,2,0
Adam Sørensen,DEN,DF,Bodø/Glimt,23-362,2000,0.1,0,0,0,0,0,0,0,,0,0,0,0,0,0,0,0
Sondre Sørli,NOR,FW,Bodø/Glimt,29-008,1995,0.2,0,0,0,0,0,0,0,,0,0,0,0,0,0,1,0
Haris Tabakovic,BIH,FW,Hoffenheim,30-140,1994,0.9,2,2,0,2,0,1,1,100.0,0,1,1,0,0,2,5,0
Dušan Tadić,SRB,FW,Fenerbahçe,35-353,1988,2.0,3,2,2,1,0,2,4,50.0,2,3,0,3,0,3,1,0
Nicolás Tagliafico,ARG,DF,Lyon,32-068,1992,3.0,6,2,2,4,0,3,4,75.0,1,4,0,4,5,11,5,0
Benjamin Tahirovic,BIH,MF,Ajax,21-249,2003,0.5,0,0,0,0,0,0,0,,0,1,1,0,0,0,2,0
Taison,BRA,FW,PAOK,36-299,1988,2.7,2,1,0,0,2,1,3,33.3,2,7,0,7,2,4,0,0
Florin Tănase,ROU,FW,FCSB,29-313,1994,1.2,2,1,1,1,0,0,0,,0,2,0,2,0,2,2,0
Stefan Târnovanu,ROU,GK,FCSB,24-182,2000,3.0,0,0,0,0,0,0,0,,0,0,0,0,0,0,1,0
James Tavernier,ENG,DF,Rangers,33-007,1991,2.7,7,6,3,3,1,4,9,44.4,5,5,1,4,2,9,7,0
Kenneth Taylor,NED,MF,Ajax,22-175,2002,2.2,5,5,2,2,1,2,2,100.0,0,0,0,0,2,7,2,0
Loum Tchaouna,FRA,FW,Lazio,21-060,2003,2.1,4,3,1,3,0,1,5,20.0,4,3,0,3,0,4,3,0
Georgi Terziev,BUL,DF,Ludogorets,32-203,1992,0.1,0,0,0,0,0,0,0,,0,1,1,0,0,0,2,0
Tanner Tessmann,USA,MF,Lyon,23-044,2001,1.0,4,3,1,2,1,3,5,60.0,2,1,0,1,1,5,2,0
Arthur Theate,BEL,DF,Eint Frankfurt,24-166,2000,2.0,5,3,2,3,0,3,4,75.0,1,5,4,1,3,8,11,0
Tarik Tissoudali,MAR,FW,PAOK,31-219,1993,0.7,0,0,0,0,0,0,0,,0,0,0,0,0,0,0,0
Umut Tohumcu,GER,MF,Hoffenheim,20-088,2004,1.6,0,0,0,0,0,0,2,0.0,2,1,0,1,1,1,0,0
Corentin Tolisso,FRA,MF,Lyon,30-096,1994,3.0,3,2,2,1,0,3,11,27.3,8,4,1,3,7,10,3,1
Michal Tomič,SVK,DF,Bodø/Glimt,25-222,1999,0.5,2,1,1,1,0,1,2,50.0,1,1,1,0,3,5,0,0
Emir Topçu,TUR,DF,Beşiktaş,24-027,2000,1.1,1,1,1,0,0,1,3,33.3,2,3,2,1,2,3,6,0
Lucas Torreira,URU,MF,Galatasaray,28-270,1996,2.8,8,4,0,8,0,4,8,50.0,4,5,0,5,2,10,2,0
Cenk Tosun,TUR,"FW,MF",Fenerbahçe,33-153,1991,0.1,0,0,0,0,0,0,0,,0,0,0,0,0,0,0,0
Adama Traoré,MLI,FW,Ferencváros,29-155,1995,2.8,5,3,3,1,1,3,4,75.0,1,4,2,2,0,5,5,0
Bertrand Traoré,BFA,FW,Ajax,29-062,1995,0.8,1,0,1,0,0,1,1,100.0,0,0,0,0,1,2,4,0
Kevin Trapp,GER,GK,Eint Frankfurt,34-122,1990,1.0,0,0,0,0,0,0,0,,0,0,0,0,0,0,0,0
Dor Turgeman,ISR,FW,Maccabi Tel Aviv,21-014,2003,1.0,0,0,0,0,0,0,1,0.0,1,2,0,2,2,2,0,0
Beñat Turrientes,ESP,MF,Real Sociedad,22-281,2002,1.6,3,0,1,1,1,0,3,0.0,3,2,1,1,0,3,2,0
Tuta,BRA,"DF,MF",Eint Frankfurt,25-126,1999,1.9,4,2,0,4,0,0,2,0.0,2,4,1,3,0,4,1,0
Oleksandr Tymchyk,UKR,DF,Dynamo Kyiv,27-292,1997,2.0,2,2,1,1,0,1,2,50.0,1,1,1,0,2,4,5,0
Przemysław Tytoń,POL,GK,Twente,37-308,1987,0.9,0,0,0,0,0,0,0,,0,0,0,0,0,0,0,0
Kostas Tzolakis,GRE,GK,Olympiacos,21-365,2002,3.0,1,0,1,0,0,1,2,50.0,1,0,0,0,0,1,2,0
Salih Uçan,TUR,MF,Beşiktaş,30-306,1994,0.4,1,0,1,0,0,1,1,100.0,0,2,0,2,0,1,0,0
Destiny Udogie,ITA,DF,Tottenham,21-345,2002,1.9,5,3,4,1,0,3,3,100.0,0,2,1,1,3,8,3,0
Manuel Ugarte Ribeiro,URU,MF,Manchester Utd,23-210,2001,2.0,6,3,3,3,0,3,6,50.0,3,3,2,1,5,11,6,0
Cengiz Ünder,TUR,FW,Fenerbahçe,27-116,1997,0.8,2,2,1,1,0,1,3,33.3,2,1,0,1,1,3,0,0
Lars Unnerstall,GER,GK,Twente,34-110,1990,2.1,0,0,0,0,0,0,0,,0,0,0,0,0,0,1,0
Can Uzun,TUR,MF,Eint Frankfurt,18-362,2005,0.6,1,1,0,1,0,0,0,,0,0,0,0,0,1,0,0
Vladyslav Vanat,UKR,FW,Dynamo Kyiv,22-308,2002,2.0,1,0,0,0,1,1,2,50.0,1,1,0,1,0,1,2,0
Charles Vanhoutte,BEL,MF,Union SG,26-052,1998,3.0,9,5,2,5,2,6,11,54.5,5,13,5,8,4,13,2,0
Alan Varela,ARG,MF,Porto,23-126,2001,2.0,1,1,1,0,0,1,2,50.0,1,2,1,1,6,7,1,0
Barnabás Varga,HUN,FW,Ferencváros,30-287,1994,2.9,3,1,0,2,1,0,1,0.0,1,1,0,1,1,4,4,0
Daniel Vašulín,,"MF,FW",Viktoria Plzeň,26-149,1998,0.7,1,1,0,0,1,0,0,,0,2,0,2,0,1,2,0
Luis Vázquez,ARG,FW,Anderlecht,23-288,2001,2.2,3,3,2,1,0,2,5,40.0,3,1,0,1,0,3,3,0
Matías Vecino,URU,MF,Lazio,33-075,1991,2.4,3,3,1,2,0,1,5,20.0,4,2,1,1,0,3,6,0
Kristoffer Velde,NOR,MF,Olympiacos,25-059,1999,0.1,0,0,0,0,0,0,0,,0,0,0,0,0,0,0,0
Micky van de Ven,NED,DF,Tottenham,23-202,2001,1.0,0,0,0,0,0,0,0,,0,1,0,1,1,1,1,0
Olivier Verdon,BEN,DF,Ludogorets,29-033,1995,3.0,9,4,8,1,0,4,5,80.0,1,6,2,4,3,12,11,0
Jordan Veretout,FRA,MF,Lyon,31-251,1993,0.8,4,2,2,2,0,2,3,66.7,1,0,0,0,1,5,2,0
Yari Verschaeren,BEL,MF,Anderlecht,23-118,2001,1.7,3,1,2,1,0,2,2,100.0,0,1,1,0,0,3,2,0
Guglielmo Vicario,ITA,GK,Tottenham,28-031,1996,2.0,1,1,1,0,0,1,1,100.0,0,0,0,0,1,2,2,0
Caio Vidal,BRA,FW,Ludogorets,24-003,2000,1.5,0,0,0,0,0,0,5,0.0,5,1,0,1,1,1,1,0
Fabio Vieira,POR,"MF,FW",Porto,24-161,2000,0.5,0,0,0,0,0,0,0,,0,0,0,0,0,0,3,0
Kostiantyn Vivcharenko,UKR,DF,Dynamo Kyiv,22-150,2002,1.0,0,0,0,0,0,0,1,0.0,1,1,0,1,0,0,4,0
Daniel Vivian,ESP,DF,Athletic Club,25-115,1999,2.9,9,2,6,3,0,5,5,100.0,0,4,2,2,5,14,11,0
Michel Vlap,NED,MF,Twente,27-158,1997,2.1,5,2,3,0,2,3,4,75.0,1,5,3,2,4,9,6,0
Nazar Voloshyn,UKR,FW,Dynamo Kyiv,21-143,2003,1.7,0,0,0,0,0,0,1,0.0,1,0,0,0,1,1,0,0
Matěj Vydra,CZE,FW,Viktoria Plzeň,32-190,1992,1.4,1,0,0,1,0,0,3,0.0,3,1,0,1,1,2,1,0
Kasper Waarst Høgh,DEN,FW,Bodø/Glimt,23-337,2000,1.9,0,0,0,0,0,0,0,,0,0,0,0,0,0,1,0
Conrad Wallem,NOR,"DF,FW",Slavia Prague,24-151,2000,1.7,2,1,1,0,1,0,1,0.0,1,3,0,3,0,2,2,1
Wout Weghorst,NED,FW,Ajax,32-092,1992,1.2,3,1,0,3,0,1,2,50.0,1,1,0,1,1,4,0,0
Timo Werner,GER,"FW,MF",Tottenham,28-246,1996,1.4,0,0,0,0,0,0,1,0.0,1,2,0,2,1,1,0,0
Owen Wijndal,NED,FW,Ajax,24-345,1999,0.4,1,1,0,1,0,0,1,0.0,1,1,0,1,0,1,3,0
Iñaki Williams,GHA,FW,Athletic Club,30-145,1994,3.0,2,1,0,2,0,0,2,0.0,2,1,0,1,3,5,3,0
Nico Williams,ESP,"FW,MF",Athletic Club,22-118,2002,2.2,2,2,0,2,0,2,3,66.7,1,1,0,1,1,3,0,0
Willian,BRA,MF,Olympiacos,36-090,1988,0.6,1,0,1,0,0,0,2,0.0,2,0,0,0,1,2,0,0
Aslak Witry,NOR,DF,Ludogorets,28-242,1996,3.0,6,2,2,4,0,4,9,44.4,5,5,2,3,4,10,8,0
Ricky van Wolfswinkel,NED,FW,Twente,35-285,1989,3.0,4,2,2,1,1,3,11,27.3,8,5,0,5,2,6,7,0
Mert Yandaş,TUR,"MF,FW",Fenerbahçe,30-080,1994,0.3,1,1,0,0,1,0,0,,0,0,0,0,0,1,0,0
Roman Yaremchuk,UKR,FW,Olympiacos,28-346,1995,0.7,0,0,0,0,0,0,0,,0,1,0,1,0,0,0,0
Andriy Yarmolenko,UKR,FW,Dynamo Kyiv,35-015,1989,0.7,2,2,0,2,0,0,2,0.0,2,0,0,0,1,3,1,0
Terry Yegbe,GHA,DF,Elfsborg,23-287,2001,3.0,2,1,1,0,1,1,1,100.0,0,5,4,1,9,11,14,0
Sagiv Yehezkel,ISR,DF,Maccabi Tel Aviv,29-231,1995,0.2,0,0,0,0,0,0,0,,0,0,0,0,0,0,0,0
İsmail Yüksek,TUR,"MF,FW",Fenerbahçe,25-286,1999,0.3,0,0,0,0,0,0,0,,0,0,0,0,0,0,0,0
Mattia Zaccagni,ITA,FW,Lazio,29-144,1995,1.5,5,2,2,2,1,0,3,0.0,3,1,0,1,1,6,1,0
Kristoffer Zachariassen,NOR,"FW,MF",Ferencváros,30-011,1994,1.9,5,4,1,2,2,1,4,25.0,3,3,1,2,1,6,2,0
Christos Zafeiris,GRE,MF,Slavia Prague,21-258,2003,2.0,1,0,0,0,1,0,3,0.0,3,3,0,3,2,3,0,0
Wilfried Zaha,CIV,FW,Lyon,31-363,1992,0.5,1,1,0,0,1,1,1,100.0,0,1,0,1,2,3,2,0
Eran Zahavi,ISR,FW,Maccabi Tel Aviv,37-105,1987,0.2,0,0,0,0,0,0,0,,0,0,0,0,0,0,1,0
Rodrigo Zalazar,URU,MF,Braga,25-087,1999,0.7,2,2,2,0,0,2,3,66.7,1,0,0,0,2,4,0,0
Nicola Zalewski,POL,DF,Roma,22-289,2002,1.0,1,1,0,0,1,1,1,100.0,0,2,0,2,1,2,3,0
Dmitrijs Zelenkovs,LVA,"MF,DF",FK Rīgas FS,24-176,2000,2.7,2,1,2,0,0,0,3,0.0,3,5,0,5,6,8,2,0
Arber Zeneli,KVX,FW,Elfsborg,29-256,1995,2.1,1,1,0,1,0,1,2,50.0,1,2,1,1,1,2,0,0
Besfort Zeneli,KVX,MF,Elfsborg,21-352,2002,2.8,6,4,4,0,2,3,7,42.9,4,6,0,6,7,13,5,0
Nils Zetterström,SWE,DF,Malmö,19-223,2005,1.0,2,1,0,2,0,1,1,100.0,0,1,1,0,2,4,3,1
David Zima,CZE,DF,Slavia Prague,23-365,2000,3.0,1,0,0,1,0,1,3,33.3,2,2,2,0,3,4,7,0
Philip Zinckernagel,DEN,FW,Bodø/Glimt,29-327,1994,1.9,3,2,3,0,0,2,5,40.0,3,3,0,3,1,4,0,0
Joshua Zirkzee,NED,FW,Manchester Utd,23-169,2001,1.7,0,0,0,0,0,0,1,0.0,1,2,0,2,0,0,2,0
Andrija Živković,SRB,"FW,DF",PAOK,28-119,1996,2.2,5,3,2,3,0,3,3,100.0,0,2,0,2,0,5,2,0
Ondřej Zmrzlý,CZE,"DF,FW",Slavia Prague,25-199,1999,1.9,2,1,2,0,0,2,3,66.7,1,0,0,0,0,2,3,0
Abdellah Zoubir,FRA,"FW,MF",Qarabağ,32-338,1991,2.8,3,1,1,1,1,0,0,,0,0,0,0,2,5,1,0
Igor Zubeldia,ESP,DF,Real Sociedad,27-222,1997,1.0,1,1,1,0,0,1,1,100.0,0,1,0,1,0,1,6,0
Martín Zubimendi,ESP,MF,Real Sociedad,25-279,1999,2.0,5,2,2,1,2,1,3,33.3,2,3,2,1,2,7,4,0
