Player,Nation,Pos,Squad,Age,Born,90s,PassCompleted,PassAtt,PassCompleted%,TotDist,PrgDist,ShortCmp,ShortAtt,ShortCmp%,MediumCmp,MediumAtt,MediumCmp%,LongCmp,LongAtt,LongCmp%,Ast,xAG,xA,A-xAG,KeyPasses,FinalThird,PassesPenArea,CrossPenArea,ProgPasses
Tammy Abraham,ENG,FW,Milan,27-034,1997,0.9,10,16,62.5,162,26,8,11,72.7,1,1,100.0,1,2,50.0,0,0.0,0.1,0.0,0,0,0,0,2
Francesco Acerbi,ITA,DF,Inter,36-269,1988,1.3,48,52,92.3,863,216,14,16,87.5,30,32,93.8,2,2,100.0,0,0.0,0.0,0.0,0,1,0,0,2
Arijan Ademi,MKD,MF,Dinamo Zagreb,33-160,1991,1.5,37,47,78.7,469,113,26,31,83.9,7,9,77.8,1,4,25.0,0,0.3,0.0,-0.3,2,5,0,0,3
Karim Adeyemi,GER,FW,Dortmund,22-292,2002,1.5,46,58,79.3,570,132,29,34,85.3,15,17,88.2,0,1,0.0,0,0.3,0.1,-0.3,3,2,1,0,3
Amine Adli,MAR,MF,Leverkusen,24-179,2000,1.3,42,49,85.7,579,132,27,30,90.0,14,16,87.5,1,2,50.0,0,0.0,0.1,0.0,2,1,2,0,6
Vasilije Adžić,MNE,FW,Juventus,18-177,2006,0.3,8,9,88.9,144,3,4,4,100.0,3,3,100.0,1,1,100.0,0,0.0,0.0,0.0,0,1,0,0,0
Michel Aebischer,SUI,MF,Bologna,27-304,1997,0.3,10,12,83.3,163,49,6,8,75.0,3,3,100.0,1,1,100.0,0,0.0,0.0,0.0,0,2,0,0,2
Emanuel Aiwum,AUT,DF,Sturm Graz,23-316,2000,3.0,106,125,84.8,2061,825,38,40,95.0,57,61,93.4,10,22,45.5,0,0.0,0.0,0.0,0,5,0,0,6
Ludovic Ajorque,FRA,FW,Brest,30-254,1994,2.7,44,59,74.6,701,109,25,31,80.6,11,18,61.1,5,5,100.0,2,1.4,1.0,+0.6,7,4,1,0,2
Manuel Akanji,SUI,DF,Manchester City,29-109,1995,2.7,251,270,93.0,4021,1185,127,135,94.1,111,117,94.9,10,14,71.4,1,0.1,0.3,+0.9,2,29,2,0,30
Nathan Aké,NED,DF,Manchester City,29-261,1995,0.8,83,89,93.3,1190,179,45,46,97.8,37,39,94.9,1,2,50.0,0,0.0,0.1,0.0,0,8,0,0,6
Maghnes Akliouche,FRA,"FW,MF",Monaco,22-254,2002,3.0,114,144,79.2,1805,463,67,73,91.8,36,47,76.6,9,16,56.3,1,0.7,0.8,+0.3,5,8,5,3,18
Kerem Aktürkoğlu,TUR,"FW,MF",Benfica,26-015,1998,2.8,53,73,72.6,588,120,34,39,87.2,8,15,53.3,2,4,50.0,0,0.0,0.1,0.0,2,4,0,0,2
Trent Alexander-Arnold,ENG,DF,Liverpool,26-029,1998,2.6,118,158,74.7,2354,867,46,56,82.1,55,67,82.1,16,31,51.6,1,0.5,0.5,+0.5,4,15,4,0,17
Alisson,BRA,GK,Liverpool,32-034,1992,2.0,64,87,73.6,1653,1182,14,14,100.0,33,34,97.1,17,38,44.7,0,0.0,0.0,0.0,0,3,0,0,0
Julián Álvarez,ARG,"MF,FW",Atlético Madrid,24-279,2000,2.3,50,66,75.8,715,121,28,32,87.5,17,22,77.3,2,3,66.7,0,0.7,0.5,-0.7,3,2,4,2,4
Mohamed Aly Camara,GUI,DF,Young Boys,27-069,1997,2.0,66,72,91.7,1440,476,16,17,94.1,43,44,97.7,7,11,63.6,0,0.4,0.0,-0.4,1,4,0,0,2
Jordan Amavi,FRA,DF,Brest,30-241,1994,0.9,36,58,62.1,692,294,10,15,66.7,21,25,84.0,4,13,30.8,0,0.0,0.0,0.0,0,1,1,0,2
Zeki Amdouni,SUI,FW,Benfica,23-337,2000,0.7,8,11,72.7,75,1,5,5,100.0,1,2,50.0,0,0,,0,0.0,0.0,0.0,0,0,0,0,0
Benjamin André,FRA,MF,Lille,34-094,1990,3.0,136,171,79.5,2182,539,61,71,85.9,58,62,93.5,9,18,50.0,0,0.0,0.1,0.0,0,16,1,0,15
Robert Andrich,GER,MF,Leverkusen,30-044,1994,1.2,43,47,91.5,580,155,26,26,100.0,14,16,87.5,2,3,66.7,1,0.3,0.0,+0.7,2,1,0,0,1
Waldemar Anton,GER,DF,Dortmund,28-108,1996,1.8,121,135,89.6,2223,660,44,47,93.6,65,67,97.0,10,16,62.5,0,0.0,0.0,0.0,0,7,0,0,5
Maximiliano Araújo,URU,"MF,DF",Sporting CP,24-264,2000,1.1,30,42,71.4,504,243,13,18,72.2,11,13,84.6,4,7,57.1,0,0.1,0.2,-0.1,2,5,1,0,8
Tomás Araújo,POR,DF,Benfica,22-173,2002,2.0,147,157,93.6,2997,1086,52,53,98.1,74,77,96.1,20,25,80.0,0,0.0,0.0,0.0,0,14,0,0,7
Marko Arnautović,AUT,FW,Inter,35-200,1989,1.4,28,41,68.3,307,60,18,24,75.0,5,9,55.6,0,0,,0,0.2,0.2,-0.2,1,0,2,1,2
Marco Asensio,ESP,FW,Paris S-G,28-289,1996,0.7,12,17,70.6,189,42,7,8,87.5,2,2,100.0,2,3,66.7,0,0.1,0.1,-0.1,1,0,0,0,1
Kristjan Asllani,ALB,MF,Inter,22-241,2002,0.2,17,19,89.5,267,44,9,9,100.0,7,8,87.5,1,2,50.0,0,0.0,0.0,0.0,0,0,0,0,1
Yaser Asprilla,COL,"FW,MF",Girona,20-352,2003,0.5,11,16,68.8,191,44,6,7,85.7,4,6,66.7,1,3,33.3,0,0.0,0.0,0.0,0,2,1,0,4
Zachary Athekame,SUI,DF,Young Boys,19-328,2004,1.4,34,45,75.6,750,255,13,16,81.3,11,14,78.6,10,14,71.4,0,0.0,0.1,0.0,0,2,1,0,4
Carlos Augusto,BRA,DF,Inter,25-303,1999,2.6,73,91,80.2,980,179,47,50,94.0,19,29,65.5,3,5,60.0,0,0.0,0.1,0.0,1,2,1,1,1
Yann Aurel Bisseck,GER,DF,Inter,23-342,2000,2.0,101,118,85.6,1588,488,48,54,88.9,44,46,95.7,6,11,54.5,0,0.0,0.0,0.0,0,3,1,0,4
Fredrik Aursnes,NOR,MF,Benfica,28-331,1995,2.4,116,134,86.6,2045,738,58,61,95.1,36,42,85.7,17,21,81.0,1,0.6,0.1,+0.4,2,13,3,1,16
Isaac Babadi,NED,FW,PSV Eindhoven,19-213,2005,0.1,2,2,100.0,22,0,2,2,100.0,0,0,,0,0,,0,0.0,0.0,0.0,0,0,0,0,0
Alexander Bah,DEN,DF,Benfica,26-332,1997,2.3,108,146,74.0,1649,430,57,70,81.4,40,49,81.6,5,14,35.7,0,0.2,0.1,-0.2,2,5,3,1,7
Samson Baidoo,AUT,DF,RB Salzburg,20-219,2004,1.8,96,107,89.7,1919,766,26,30,86.7,59,62,95.2,9,11,81.8,0,0.0,0.0,0.0,1,10,0,0,8
Leon Bailey,JAM,FW,Aston Villa,27-088,1997,1.1,17,27,63.0,239,75,11,14,78.6,6,8,75.0,0,0,,0,0.1,0.1,-0.1,1,2,2,1,3
Stefan Bajcetic,ESP,MF,RB Salzburg,20-014,2004,1.4,91,107,85.0,1679,285,35,37,94.6,46,50,92.0,9,16,56.3,0,0.1,0.1,-0.1,3,11,0,0,8
Kenan Bajrić,SVN,DF,Slovan Bratislava,29-321,1994,3.0,77,92,83.7,1342,477,30,34,88.2,44,49,89.8,2,6,33.3,0,0.0,0.0,0.0,1,2,0,0,7
Johan Bakayoko,BEL,FW,PSV Eindhoven,21-199,2003,2.9,92,116,79.3,1322,180,47,50,94.0,35,42,83.3,4,11,36.4,1,0.8,0.4,+0.2,5,4,5,3,7
Mitchel Bakker,NED,"FW,DF",Lille,24-138,2000,1.9,56,70,80.0,799,305,33,37,89.2,21,23,91.3,1,5,20.0,0,0.0,0.0,0.0,0,2,0,0,5
Alejandro Balde,ESP,DF,Barcelona,21-018,2003,3.0,106,124,85.5,1589,446,61,66,92.4,39,43,90.7,5,10,50.0,0,0.0,0.1,0.0,0,2,2,1,7
David von Ballmoos,SUI,GK,Young Boys,29-311,1994,2.0,47,67,70.1,1454,983,3,3,100.0,26,27,96.3,18,37,48.6,0,0.0,0.0,0.0,0,3,1,0,0
Folarin Balogun,USA,FW,Monaco,23-125,2001,0.7,15,19,78.9,183,39,11,11,100.0,4,6,66.7,0,0,,0,0.1,0.1,-0.1,2,0,2,0,2
Bradley Barcola,FRA,FW,Paris S-G,22-064,2002,2.6,61,82,74.4,754,136,43,50,86.0,16,21,76.2,0,4,0.0,0,0.3,0.2,-0.3,6,3,1,0,4
Nicolò Barella,ITA,MF,Inter,27-272,1997,2.0,109,133,82.0,1895,718,49,54,90.7,43,53,81.1,11,17,64.7,0,0.7,0.4,-0.7,5,12,3,0,16
Ross Barkley,ENG,MF,Aston Villa,30-336,1993,0.9,29,35,82.9,448,120,16,21,76.2,10,11,90.9,2,2,100.0,0,0.0,0.0,0.0,1,2,0,0,3
Leandro Barreiro Martins,LUX,MF,Benfica,24-307,2000,0.1,14,15,93.3,192,54,9,9,100.0,5,5,100.0,0,0,,0,0.1,0.0,-0.1,1,2,0,0,0
Tigran Barseghyan,ARM,"FW,MF",Slovan Bratislava,31-044,1993,2.8,45,68,66.2,764,249,24,30,80.0,6,13,46.2,10,15,66.7,0,0.2,0.0,-0.2,2,6,1,0,9
Alessandro Bastoni,ITA,DF,Inter,25-206,1999,2.0,141,166,84.9,2326,702,65,70,92.9,66,70,94.3,7,18,38.9,0,0.0,0.1,0.0,0,6,1,0,10
Martin Baturina,CRO,"MF,FW",Dinamo Zagreb,21-263,2003,2.6,87,105,82.9,1541,473,37,41,90.2,40,47,85.1,7,10,70.0,1,0.8,0.5,+0.2,4,7,6,0,16
Christoph Baumgartner,AUT,"MF,FW",RB Leipzig,25-096,1999,1.2,24,31,77.4,320,98,17,19,89.5,7,9,77.8,0,1,0.0,0,0.0,0.0,0.0,0,5,0,0,3
Donny van de Beek,NED,"MF,FW",Girona,27-201,1997,2.4,80,96,83.3,1233,305,40,45,88.9,35,41,85.4,2,2,100.0,0,0.1,0.1,-0.1,2,12,1,0,15
Thomas Beelen,NED,DF,Feyenoord,23-147,2001,2.3,125,139,89.9,2305,687,40,43,93.0,70,72,97.2,14,19,73.7,0,0.0,0.1,0.0,1,16,1,0,7
Maximilian Beier,GER,"MF,FW",Dortmund,22-019,2002,0.5,3,4,75.0,35,8,2,2,100.0,1,2,50.0,0,0,,0,0.0,0.0,0.0,0,0,0,0,0
Raoul Bellanova,ITA,DF,Atalanta,24-172,2000,1.7,81,97,83.5,1143,261,48,52,92.3,28,34,82.4,2,5,40.0,0,0.2,0.4,-0.2,1,3,4,4,6
Jude Bellingham,ENG,MF,Real Madrid,21-129,2003,2.9,104,116,89.7,1749,433,51,55,92.7,42,45,93.3,9,13,69.2,1,0.4,0.1,+0.6,5,13,1,0,20
Jeanuël Belocian,FRA,DF,Leverkusen,19-262,2005,0.1,10,11,90.9,132,42,7,7,100.0,3,3,100.0,0,0,,0,0.0,0.0,0.0,0,0,1,0,1
Eliesse Ben Seghir,MAR,"FW,MF",Monaco,19-263,2005,1.5,45,64,70.3,664,207,21,25,84.0,23,32,71.9,0,1,0.0,0,0.0,0.0,0.0,0,5,1,1,10
Walter Benítez,ARG,GK,PSV Eindhoven,31-291,1993,2.0,69,91,75.8,2331,1783,10,10,100.0,28,28,100.0,31,53,58.5,0,0.0,0.0,0.0,0,0,0,0,0
Loris Benito,SUI,DF,Young Boys,32-303,1992,1.0,49,56,87.5,833,391,20,20,100.0,20,22,90.9,6,10,60.0,0,0.0,0.0,0.0,0,4,0,0,7
Ramy Bensebaini,ALG,DF,Dortmund,29-203,1995,2.0,82,93,88.2,1336,427,36,40,90.0,44,48,91.7,2,3,66.7,0,0.1,0.1,-0.1,1,6,3,0,9
Lucas Beraldo,BRA,DF,Paris S-G,20-347,2003,0.0,9,9,100.0,141,31,5,5,100.0,4,4,100.0,0,0,,0,0.0,0.0,0.0,0,0,0,0,0
Paulo Bernardo,POR,MF,Celtic,22-286,2002,0.9,13,19,68.4,175,44,9,13,69.2,4,6,66.7,0,0,,0,0.0,0.0,0.0,1,2,0,0,4
Maxime Bernauer,FRA,DF,Dinamo Zagreb,26-127,1998,2.0,78,91,85.7,1708,739,22,23,95.7,43,46,93.5,12,20,60.0,0,0.0,0.0,0.0,0,6,0,0,4
Jan-Niklas Beste,GER,FW,Benfica,25-306,1999,0.5,25,30,83.3,338,60,16,17,94.1,7,7,100.0,1,3,33.3,1,0.5,0.3,+0.5,1,1,0,0,0
Sam Beukema,NED,DF,Bologna,25-354,1998,2.7,170,187,90.9,3589,1077,43,47,91.5,104,107,97.2,23,33,69.7,0,0.1,0.1,-0.1,2,16,2,1,16
Mads Bidstrup,DEN,MF,RB Salzburg,23-254,2001,1.3,22,36,61.1,267,43,19,24,79.2,2,5,40.0,1,3,33.3,0,0.2,0.2,-0.2,1,0,0,0,2
Mika Biereth,DEN,FW,Sturm Graz,21-271,2003,2.6,18,34,52.9,345,64,10,17,58.8,5,11,45.5,3,3,100.0,0,0.1,0.1,-0.1,2,3,0,0,2
El Bilal Touré,MLI,"FW,MF",Stuttgart,23-033,2001,0.7,16,20,80.0,211,21,12,14,85.7,2,3,66.7,1,1,100.0,0,0.0,0.0,0.0,0,0,0,0,0
Veljko Birmančević,SRB,FW,Sparta Prague,26-245,1998,2.8,28,53,52.8,362,136,15,20,75.0,9,12,75.0,1,6,16.7,0,0.2,0.4,-0.2,3,3,1,0,5
Marco Bizot,NED,GK,Brest,33-240,1991,3.0,72,106,67.9,3082,2603,8,10,80.0,15,15,100.0,49,81,60.5,0,0.0,0.0,0.0,0,4,0,0,0
César Blackman,PAN,DF,Slovan Bratislava,26-217,1998,3.0,79,97,81.4,1098,334,48,55,87.3,19,24,79.2,6,8,75.0,0,0.0,0.0,0.0,0,4,0,0,4
Hendry Blank,GER,DF,RB Salzburg,20-076,2004,1.2,79,89,88.8,1475,600,24,28,85.7,52,56,92.9,3,5,60.0,0,0.0,0.0,0.0,0,8,0,0,7
Janis Blaswich,GER,GK,RB Salzburg,33-187,1991,2.2,62,78,79.5,1365,752,15,15,100.0,35,36,97.2,12,27,44.4,0,0.0,0.0,0.0,0,0,0,0,0
Lewin Blum,SUI,DF,Young Boys,23-116,2001,1.6,49,56,87.5,892,290,19,20,95.0,26,27,96.3,3,6,50.0,0,0.1,0.2,-0.1,1,2,1,1,4
Lamare Bogarde,NED,DF,Aston Villa,20-305,2004,0.5,9,11,81.8,147,46,3,4,75.0,6,7,85.7,0,0,,0,0.0,0.0,0.0,0,0,0,0,0
Valerii Bondar,UKR,DF,Shakhtar,25-252,1999,3.0,149,160,93.1,2587,752,66,67,98.5,74,76,97.4,8,14,57.1,0,0.0,0.0,0.0,0,5,0,0,3
Artem Bondarenko,UKR,MF,Shakhtar,24-076,2000,2.1,104,113,92.0,1494,315,61,62,98.4,37,41,90.2,2,4,50.0,0,0.0,0.2,0.0,0,4,3,0,8
Victor Boniface,NGA,FW,Leverkusen,23-318,2000,1.5,20,32,62.5,326,103,10,15,66.7,8,12,66.7,2,3,66.7,0,0.1,0.4,-0.1,1,3,1,0,6
Olivier Boscagli,FRA,DF,PSV Eindhoven,26-353,1997,3.0,200,227,88.1,4237,1747,64,67,95.5,103,112,92.0,33,44,75.0,0,0.2,0.1,-0.2,3,31,1,0,24
Ayyoub Bouaddi,FRA,MF,Lille,17-034,2007,1.3,48,51,94.1,796,153,23,25,92.0,22,23,95.7,2,2,100.0,0,0.0,0.0,0.0,0,2,0,0,2
Conor Bradley,NIR,DF,Liverpool,21-119,2003,0.1,1,1,100.0,14,0,1,1,100.0,0,0,,0,0,,0,0.0,0.0,0.0,0,0,0,0,0
Daniel Bragança,POR,MF,Sporting CP,25-162,1999,1.7,89,101,88.1,1648,538,33,37,89.2,46,48,95.8,9,11,81.8,1,0.1,0.1,+0.9,3,11,3,0,17
Julian Brandt,GER,MF,Dortmund,28-187,1996,2.7,130,156,83.3,1822,450,79,89,88.8,37,40,92.5,6,12,50.0,1,0.2,0.9,+0.8,5,15,5,0,21
Gleison Bremer,BRA,DF,Juventus,27-232,1997,1.1,65,69,94.2,1181,603,31,34,91.2,27,28,96.4,7,7,100.0,0,0.0,0.0,0.0,0,0,0,0,2
Emi Buendía,ARG,MF,Aston Villa,27-316,1996,0.0,3,3,100.0,44,8,1,1,100.0,2,2,100.0,0,0,,0,0.1,0.0,-0.1,1,0,0,0,0
Hugo Bueno,ESP,DF,Feyenoord,22-048,2002,1.7,48,61,78.7,639,127,31,35,88.6,12,15,80.0,2,3,66.7,0,0.0,0.0,0.0,2,1,2,2,2
Rémy Cabella,FRA,MF,Lille,34-242,1990,1.2,56,61,91.8,769,172,28,28,100.0,18,23,78.3,4,4,100.0,0,0.0,0.1,0.0,1,7,0,0,7
Arthur Cabral,BRA,FW,Benfica,26-194,1998,0.2,3,5,60.0,37,0,2,2,100.0,1,1,100.0,0,1,0.0,0,0.0,0.0,0.0,0,0,0,0,0
Davide Calabria,ITA,DF,Milan,27-335,1996,0.8,37,42,88.1,619,184,15,18,83.3,21,23,91.3,1,1,100.0,0,0.1,0.0,-0.1,1,1,1,0,3
Riccardo Calafiori,ITA,DF,Arsenal,22-170,2002,2.0,74,87,85.1,1055,192,44,48,91.7,27,32,84.4,2,5,40.0,0,0.0,0.0,0.0,1,5,1,0,4
Hakan Çalhanoğlu,TUR,MF,Inter,30-271,1994,1.7,100,118,84.7,1719,445,48,52,92.3,33,37,89.2,13,17,76.5,0,0.1,0.1,-0.1,4,14,1,0,11
Amady Camara,MLI,FW,Sturm Graz,19-161,2005,0.8,16,20,80.0,296,60,6,8,75.0,8,8,100.0,2,4,50.0,0,0.1,0.0,-0.1,2,0,1,0,1
Lamine Camara,SEN,MF,Monaco,20-309,2004,2.1,94,118,79.7,1773,418,39,45,86.7,41,49,83.7,14,20,70.0,0,0.1,0.4,-0.1,3,6,1,0,10
Mahdi Camara,FRA,MF,Brest,26-128,1998,2.5,68,79,86.1,1028,187,36,42,85.7,28,31,90.3,2,2,100.0,0,0.2,0.0,-0.2,2,7,0,0,8
Francesco Camarda,ITA,FW,Milan,16-240,2008,0.2,4,4,100.0,50,0,2,2,100.0,2,2,100.0,0,0,,0,0.0,0.0,0.0,0,0,0,0,0
Eduardo Camavinga,FRA,MF,Real Madrid,21-361,2002,1.0,49,54,90.7,947,226,19,19,100.0,23,26,88.5,6,7,85.7,0,0.5,0.0,-0.5,2,6,1,0,7
Andrea Cambiaso,ITA,DF,Juventus,24-259,2000,2.4,123,145,84.8,1963,563,68,74,91.9,42,44,95.5,9,14,64.3,1,0.2,0.1,+0.8,3,7,3,1,8
Emre Can,GER,MF,Dortmund,30-298,1994,2.2,100,108,92.6,1522,417,53,54,98.1,39,44,88.6,4,4,100.0,1,0.1,0.2,+0.9,1,5,2,0,12
Nicolás Capaldo,ARG,MF,RB Salzburg,27-052,1997,1.7,56,72,77.8,860,161,27,34,79.4,26,32,81.3,2,3,66.7,0,0.1,0.1,-0.1,2,7,1,0,4
Diego Carlos,BRA,DF,Aston Villa,31-235,1993,2.5,99,111,89.2,2111,788,31,34,91.2,56,60,93.3,12,15,80.0,0,0.0,0.1,0.0,0,6,2,1,7
Marco Carnesecchi,ITA,GK,Atalanta,24-127,2000,3.0,56,94,59.6,1832,1475,8,8,100.0,29,29,100.0,19,57,33.3,0,0.0,0.0,0.0,0,1,0,0,0
Julián Carranza,ARG,FW,Feyenoord,24-167,2000,0.4,9,10,90.0,111,9,6,6,100.0,1,1,100.0,1,1,100.0,0,0.0,0.0,0.0,0,0,0,0,0
Álvaro Carreras,ESP,DF,Benfica,21-227,2003,3.0,178,208,85.6,3098,1020,72,78,92.3,83,93,89.2,15,23,65.2,0,0.1,0.1,-0.1,4,15,4,2,17
Cameron Carter-Vickers,USA,DF,Celtic,26-310,1997,0.9,102,107,95.3,1926,538,29,31,93.5,68,70,97.1,5,6,83.3,0,0.0,0.0,0.0,0,6,0,0,3
Dani Carvajal,ESP,DF,Real Madrid,32-299,1992,2.0,112,140,80.0,2042,595,40,42,95.2,66,78,84.6,6,11,54.5,1,0.1,0.2,+0.9,3,8,3,1,12
Marc Casado,ESP,MF,Barcelona,21-052,2003,3.0,133,152,87.5,2180,744,66,71,93.0,54,61,88.5,10,15,66.7,2,0.1,0.3,+1.9,4,14,0,0,19
Nicolò Casale,ITA,DF,Bologna,26-265,1998,0.3,18,18,100.0,362,169,5,5,100.0,10,10,100.0,3,3,100.0,0,0.0,0.0,0.0,0,1,0,0,3
Santiago Castro,ARG,FW,Bologna,20-037,2004,1.1,10,18,55.6,186,58,4,8,50.0,4,7,57.1,1,1,100.0,0,0.2,0.0,-0.2,4,0,0,0,2
Geny Catamo,MOZ,"DF,MF",Sporting CP,23-284,2001,2.6,88,110,80.0,1228,427,52,58,89.7,29,35,82.9,2,5,40.0,0,0.3,1.0,-0.3,4,7,1,0,8
Dani Ceballos,ESP,MF,Real Madrid,28-090,1996,0.0,2,2,100.0,18,15,2,2,100.0,0,0,,0,0,,0,0.0,0.0,0.0,0,0,0,0,1
Julian Chabot,GER,DF,Stuttgart,26-267,1998,3.0,196,214,91.6,3035,1203,114,119,95.8,74,79,93.7,7,11,63.6,0,0.0,0.3,0.0,2,17,1,0,11
El Chadaille Bitshiabu,FRA,DF,RB Leipzig,19-173,2005,0.2,17,19,89.5,353,204,6,6,100.0,8,9,88.9,3,4,75.0,0,0.0,0.0,0.0,0,1,0,0,1
Brendan Chardonnet,FRA,DF,Brest,29-319,1994,2.0,83,101,82.2,1886,744,24,25,96.0,46,51,90.2,13,24,54.2,0,0.0,0.0,0.0,0,6,0,0,1
Anrie Chase,JPN,DF,Stuttgart,20-226,2004,0.6,23,25,92.0,336,116,14,14,100.0,8,10,80.0,1,1,100.0,0,0.0,0.0,0.0,0,2,0,0,0
Lucas Chevalier,FRA,GK,Lille,22-365,2001,3.0,71,106,67.0,2049,1376,13,13,100.0,33,34,97.1,25,59,42.4,0,0.0,0.0,0.0,0,2,0,0,0
Federico Chiesa,ITA,FW,Liverpool,27-011,1997,0.0,1,1,100.0,17,15,0,0,,1,1,100.0,0,0,,0,0.0,0.0,0.0,0,0,0,0,1
Tochi Chukwuani,DEN,MF,Sturm Graz,21-226,2003,1.9,83,95,87.4,1213,268,49,51,96.1,27,33,81.8,2,4,50.0,0,0.0,0.0,0.0,0,8,0,0,7
Samuel Chukwueze,NGA,FW,Milan,25-167,1999,0.5,21,29,72.4,291,66,13,16,81.3,7,10,70.0,0,0,,1,0.1,0.1,+0.9,1,0,2,0,3
Bobby Clark,ENG,MF,RB Salzburg,19-272,2005,1.4,78,86,90.7,1007,251,45,48,93.8,25,25,100.0,1,2,50.0,0,0.2,0.1,-0.2,3,5,1,0,8
Ebrima Colley,GAM,"MF,FW",Young Boys,24-278,2000,1.8,29,43,67.4,541,115,12,16,75.0,6,10,60.0,7,11,63.6,0,0.1,0.1,-0.1,1,1,2,0,4
Kingsley Coman,FRA,FW,Bayern Munich,28-145,1996,0.8,32,39,82.1,458,29,19,22,86.4,13,13,100.0,0,1,0.0,0,0.1,0.1,-0.1,3,0,1,0,1
Francisco Conceição,POR,FW,Juventus,21-327,2002,1.5,39,49,79.6,599,67,22,25,88.0,12,17,70.6,3,4,75.0,1,0.0,0.1,+1.0,2,0,0,0,2
Abdu Conté,POR,DF,Young Boys,26-226,1998,0.3,5,8,62.5,91,26,2,5,40.0,3,3,100.0,0,0,,0,0.0,0.0,0.0,0,1,0,0,1
Ángel Correa,ARG,"MF,FW",Atlético Madrid,29-241,1995,2.0,39,53,73.6,589,94,21,26,80.8,7,10,70.0,7,9,77.8,0,0.4,0.2,-0.4,2,3,1,0,4
Soumaïla Coulibaly,FRA,DF,Brest,21-022,2003,3.0,130,143,90.9,2819,732,30,32,93.8,83,84,98.8,17,26,65.4,0,0.0,0.0,0.0,0,5,0,0,3
Thibaut Courtois,BEL,GK,Real Madrid,32-178,1992,2.0,58,67,86.6,1370,819,9,9,100.0,40,41,97.6,8,16,50.0,0,0.0,0.0,0.0,0,1,0,0,0
Yan Couto,BRA,"DF,MF",Dortmund,22-155,2002,0.7,45,52,86.5,675,187,27,29,93.1,18,23,78.3,0,0,,0,0.0,0.2,0.0,1,3,2,1,1
Juan Cuadrado,COL,"DF,MF",Atalanta,36-163,1988,0.8,33,45,73.3,412,91,24,29,82.8,7,8,87.5,1,4,25.0,0,0.0,0.0,0.0,0,2,0,0,3
Pau Cubarsí,ESP,DF,Barcelona,17-288,2007,2.6,167,184,90.8,3329,950,46,52,88.5,111,115,96.5,10,16,62.5,0,0.0,0.1,0.0,0,19,1,0,14
Andres Cuenca,ESP,DF,Barcelona,17-147,2007,0.1,9,9,100.0,127,23,4,4,100.0,5,5,100.0,0,0,,0,0.0,0.0,0.0,0,1,0,0,0
Adam Daghim,DEN,FW,RB Salzburg,19-038,2005,2.0,36,54,66.7,534,158,21,26,80.8,15,24,62.5,0,4,0.0,0,0.1,0.1,-0.1,2,2,1,0,5
Dálcio,GNB,MF,Red Star,28-167,1996,1.7,53,68,77.9,927,219,28,31,90.3,18,22,81.8,6,10,60.0,0,0.1,0.1,-0.1,2,7,2,2,5
Thijs Dallinga,NED,FW,Bologna,24-094,2000,1.9,20,26,76.9,335,49,8,13,61.5,11,12,91.7,1,1,100.0,0,0.0,0.0,0.0,1,2,0,0,3
Matteo Dams,BEL,DF,PSV Eindhoven,20-241,2004,2.8,98,107,91.6,1694,564,44,46,95.7,45,48,93.8,7,11,63.6,0,0.0,0.1,0.0,0,10,1,1,8
Kryštof Daněk,CZE,FW,Sparta Prague,21-305,2003,0.2,3,3,100.0,49,11,2,2,100.0,0,0,,1,1,100.0,0,0.0,0.0,0.0,0,0,0,0,1
Danilo,BRA,DF,Juventus,33-113,1991,1.3,77,88,87.5,1442,543,27,29,93.1,45,48,93.8,5,10,50.0,0,0.0,0.0,0.0,0,5,0,0,5
Arnaut Danjuma,NED,FW,Girona,27-279,1997,2.1,53,75,70.7,919,236,27,29,93.1,21,30,70.0,5,14,35.7,2,1.0,0.7,+1.0,5,2,5,3,5
Matteo Darmian,ITA,DF,Inter,34-339,1989,0.8,12,19,63.2,184,45,5,7,71.4,5,7,71.4,0,3,0.0,0,0.0,0.0,0.0,0,0,0,0,0
Juan David Cabal,COL,DF,Juventus,23-302,2001,1.0,30,37,81.1,468,160,13,15,86.7,17,19,89.5,0,3,0.0,0,0.0,0.0,0.0,0,0,1,0,1
Jonathan David,CAN,FW,Lille,24-296,2000,2.0,35,44,79.5,461,43,24,29,82.8,11,12,91.7,0,1,0.0,0,0.0,0.0,0.0,0,0,0,0,3
Alphonso Davies,CAN,DF,Bayern Munich,24-003,2000,3.0,167,184,90.8,2448,608,99,104,95.2,57,61,93.4,7,11,63.6,0,0.4,0.3,-0.4,5,13,1,0,14
Kevin De Bruyne,BEL,MF,Manchester City,33-130,1991,0.5,25,35,71.4,374,110,15,17,88.2,6,9,66.7,3,3,100.0,0,0.4,0.3,-0.4,2,1,2,1,2
Maxim De Cuyper,BEL,DF,Club Brugge,23-319,2000,3.0,173,212,81.6,3215,1349,86,93,92.5,62,72,86.1,22,41,53.7,0,0.2,0.6,-0.2,5,17,3,1,13
Charles De Ketelaere,BEL,"FW,MF",Atalanta,23-240,2001,1.7,45,62,72.6,604,86,25,33,75.8,17,22,77.3,0,0,,0,0.1,0.2,-0.1,3,1,3,1,5
Rodrigo De Paul,ARG,MF,Atlético Madrid,30-165,1994,2.2,120,159,75.5,1953,567,62,72,86.1,43,54,79.6,12,27,44.4,0,0.3,0.6,-0.3,4,14,4,2,15
Zeno Debast,BEL,DF,Sporting CP,21-012,2003,2.8,174,194,89.7,3759,1433,49,52,94.2,90,97,92.8,31,36,86.1,1,0.4,0.0,+0.6,1,9,0,0,8
Amar Dedić,BIH,DF,RB Salzburg,22-079,2002,3.0,182,212,85.8,2748,688,100,113,88.5,68,73,93.2,10,15,66.7,0,0.6,0.4,-0.6,4,17,7,0,23
Romain Del Castillo,FRA,FW,Brest,28-221,1996,1.8,63,90,70.0,870,295,40,48,83.3,20,30,66.7,2,5,40.0,0,0.5,0.2,-0.5,6,3,4,0,7
Ousmane Dembélé,FRA,FW,Paris S-G,27-174,1997,1.9,58,84,69.0,987,302,37,45,82.2,15,22,68.2,6,10,60.0,0,0.3,0.2,-0.3,6,4,6,0,15
Ermedin Demirović,BIH,FW,Stuttgart,26-225,1998,1.5,19,27,70.4,214,34,14,21,66.7,4,4,100.0,0,0,,0,0.3,0.1,-0.3,3,1,0,0,0
Michele Di Gregorio,ITA,GK,Juventus,27-101,1997,1.6,56,65,86.2,1397,763,11,12,91.7,31,31,100.0,13,21,61.9,0,0.0,0.0,0.0,0,0,0,0,0
Ángel Di María,ARG,FW,Benfica,36-265,1988,2.5,71,106,67.0,1229,447,42,53,79.2,18,28,64.3,10,14,71.4,0,1.2,1.0,-1.2,7,7,9,0,15
Bafodé Diakité,FRA,DF,Lille,23-304,2001,2.5,109,121,90.1,2021,691,39,41,95.1,60,65,92.3,8,11,72.7,0,0.0,0.0,0.0,0,6,0,0,5
Mamady Diambou,MLI,"MF,DF",RB Salzburg,21-360,2002,1.3,63,72,87.5,1096,170,23,28,82.1,36,39,92.3,3,3,100.0,0,0.0,0.0,0.0,1,7,0,0,3
Rúben Dias,POR,DF,Manchester City,27-175,1997,1.5,135,144,93.8,2401,782,47,48,97.9,83,91,91.2,5,5,100.0,0,0.0,0.1,0.0,0,22,0,0,7
Krépin Diatta,SEN,DF,Monaco,25-254,1999,0.4,23,27,85.2,530,119,6,6,100.0,13,15,86.7,4,6,66.7,0,0.3,0.1,-0.3,1,4,0,0,3
Luis Díaz,COL,FW,Liverpool,27-297,1997,1.4,41,55,74.5,505,122,30,36,83.3,10,14,71.4,0,1,0.0,0,0.1,0.2,-0.1,1,6,1,0,2
Eric Dier,ENG,DF,Bayern Munich,30-295,1994,0.2,20,20,100.0,288,157,14,14,100.0,6,6,100.0,0,0,,0,0.0,0.0,0.0,0,0,0,0,1
Lucas Digne,FRA,DF,Aston Villa,31-108,1993,2.0,67,84,79.8,1100,467,36,42,85.7,25,30,83.3,6,11,54.5,0,0.1,0.1,-0.1,2,4,3,2,2
Federico Dimarco,ITA,DF,Inter,26-361,1997,0.4,27,32,84.4,486,180,16,17,94.1,7,11,63.6,4,4,100.0,1,0.6,0.5,+0.4,5,0,1,1,2
Ousmane Diomande,CIV,DF,Sporting CP,20-337,2003,1.3,71,77,92.2,1373,376,24,24,100.0,44,46,95.7,3,7,42.9,0,0.0,0.0,0.0,0,2,0,0,2
Nasser Djiga,BFA,DF,Red Star,21-356,2002,3.0,140,159,88.1,2689,807,50,50,100.0,77,87,88.5,11,18,61.1,0,0.0,0.0,0.0,0,9,0,0,14
Berat Djimsiti,ALB,DF,Atalanta,31-260,1993,2.5,156,182,85.7,2516,730,75,84,89.3,71,79,89.9,8,10,80.0,0,0.0,0.2,0.0,1,9,8,1,24
Jeremy Doku,BEL,FW,Manchester City,22-162,2002,1.1,60,79,75.9,819,129,46,51,90.2,11,16,68.8,3,4,75.0,1,0.6,0.7,+0.4,7,0,6,2,5
Sergi Dominguez,ESP,"FW,DF",Barcelona,19-218,2005,0.1,2,3,66.7,35,22,1,1,100.0,1,1,100.0,0,1,0.0,0,0.0,0.0,0.0,0,0,0,0,1
Gianluigi Donnarumma,ITA,GK,Paris S-G,25-254,1999,2.0,53,59,89.8,1069,611,17,17,100.0,28,28,100.0,8,14,57.1,0,0.0,0.0,0.0,0,1,0,0,0
Nene Dorgeles,MLI,"FW,MF",RB Salzburg,21-318,2002,1.3,42,54,77.8,568,189,21,23,91.3,18,22,81.8,0,0,,0,0.0,0.1,0.0,0,2,1,0,8
Désiré Doué,FRA,FW,Paris S-G,19-155,2005,1.1,31,43,72.1,400,67,22,25,88.0,8,10,80.0,1,5,20.0,0,0.0,0.0,0.0,1,1,1,0,3
Kamory Doumbia,MLI,MF,Brest,21-261,2003,0.5,15,20,75.0,233,51,5,8,62.5,8,8,100.0,1,2,50.0,0,0.0,0.0,0.0,1,1,2,0,4
Couhaib Driouech,MAR,FW,PSV Eindhoven,22-202,2002,0.3,7,7,100.0,102,48,4,4,100.0,3,3,100.0,0,0,,0,0.0,0.0,0.0,0,0,0,0,0
Vanja Drkušič,SVN,DF,Red Star,25-006,1999,1.0,46,50,92.0,857,236,17,17,100.0,26,28,92.9,3,4,75.0,0,0.0,0.0,0.0,0,0,0,0,0
Joel Drommel,NED,GK,PSV Eindhoven,27-355,1996,1.0,37,45,82.2,1001,662,7,8,87.5,18,18,100.0,12,19,63.2,0,0.0,0.0,0.0,0,1,0,0,0
Bruno Duarte,BRA,FW,Red Star,28-226,1996,1.1,23,30,76.7,380,17,11,11,100.0,10,10,100.0,1,4,25.0,0,0.0,0.0,0.0,0,1,0,0,2
Denzel Dumfries,NED,DF,Inter,28-201,1996,2.2,67,86,77.9,1110,255,31,37,83.8,26,35,74.3,5,6,83.3,0,0.2,0.3,-0.2,2,2,2,2,2
Jhon Durán,COL,FW,Aston Villa,20-328,2003,1.3,14,26,53.8,233,49,5,12,41.7,8,10,80.0,1,2,50.0,0,0.0,0.0,0.0,1,1,0,0,1
Julien Duranville,BEL,FW,Dortmund,18-184,2006,0.5,8,9,88.9,107,10,4,4,100.0,3,3,100.0,0,0,,0,0.1,0.1,-0.1,1,0,0,0,0
Éderson,BRA,MF,Atalanta,25-121,1999,3.0,154,175,88.0,2634,762,69,73,94.5,70,75,93.3,11,19,57.9,0,0.3,0.3,-0.3,3,20,6,1,26
Ederson,BRA,GK,Manchester City,31-080,1993,1.0,30,32,93.8,805,581,6,6,100.0,15,15,100.0,9,11,81.8,0,0.0,0.0,0.0,0,0,0,0,0
Eguinaldo,BRA,FW,Shakhtar,20-088,2004,2.6,41,52,78.8,542,90,26,30,86.7,12,12,100.0,1,2,50.0,0,0.2,0.1,-0.2,1,1,2,0,2
Meschak Elia,COD,"FW,MF",Young Boys,27-091,1997,0.7,5,8,62.5,72,0,3,3,100.0,2,2,100.0,0,3,0.0,0,0.0,0.0,0.0,1,1,0,0,0
Elif Elmas,MKD,MF,RB Leipzig,25-042,1999,0.1,10,11,90.9,138,29,7,7,100.0,3,3,100.0,0,1,0.0,0,0.0,0.0,0.0,0,1,0,0,2
Timi Elšnik,SVN,"MF,DF",Red Star,26-190,1998,3.0,123,169,72.8,2208,873,53,63,84.1,51,65,78.5,16,30,53.3,0,0.3,0.5,-0.3,7,16,4,0,26
Breel Embolo,SUI,FW,Monaco,27-265,1997,2.0,31,40,77.5,376,64,20,23,87.0,9,12,75.0,0,2,0.0,1,0.5,0.2,+0.5,4,1,2,0,4
Emerson,BRA,DF,Milan,25-296,1999,2.2,143,156,91.7,2181,455,71,74,95.9,60,64,93.8,6,8,75.0,0,0.1,0.1,-0.1,2,5,3,1,11
Wataru Endo,JPN,MF,Liverpool,31-270,1993,0.0,0,2,0.0,0,0,0,0,,0,0,,0,1,0.0,0,0.0,0.0,0.0,0,0,0,0,0
Endrick,BRA,FW,Real Madrid,18-107,2006,0.7,12,13,92.3,176,40,7,8,87.5,1,1,100.0,2,2,100.0,0,0.4,0.2,-0.4,1,1,0,0,1
Arne Engels,BEL,MF,Celtic,21-058,2003,2.8,85,118,72.0,1350,426,47,52,90.4,30,44,68.2,7,17,41.2,2,1.1,0.6,+0.9,5,6,3,0,9
Luis Enrique Palma,HON,FW,Celtic,24-293,2000,0.2,1,2,50.0,8,0,1,2,50.0,0,0,,0,0,,0,0.0,0.0,0.0,0,0,0,0,0
Ricardo Esgaio,POR,DF,Sporting CP,31-173,1993,0.6,32,41,78.0,680,197,6,10,60.0,20,22,90.9,5,8,62.5,0,0.0,0.0,0.0,0,0,0,0,1
Giovanni Fabbian,ITA,MF,Bologna,21-296,2003,1.9,20,25,80.0,270,23,11,13,84.6,8,9,88.9,0,0,,0,0.0,0.0,0.0,0,0,0,0,1
Nicolò Fagioli,ITA,"MF,FW",Juventus,23-267,2001,2.2,113,131,86.3,2071,503,43,45,95.6,57,63,90.5,11,16,68.8,1,0.7,0.3,+0.3,8,14,1,0,14
Romain Faivre,FRA,FW,Brest,26-114,1998,0.9,23,30,76.7,322,80,16,18,88.9,5,7,71.4,1,4,25.0,0,0.0,0.0,0.0,1,2,0,0,3
Ansu Fati,ESP,"FW,MF",Barcelona,22-005,2002,0.4,20,23,87.0,352,95,12,13,92.3,5,6,83.3,3,3,100.0,0,0.0,0.2,0.0,0,2,0,0,5
Edimilson Fernandes,SUI,MF,Brest,28-204,1996,1.6,39,46,84.8,819,186,16,18,88.9,15,16,93.8,7,9,77.8,0,0.0,0.0,0.0,0,3,0,0,3
Matias Fernandez-Pardo,BEL,"MF,FW",Lille,19-276,2005,1.3,18,23,78.3,312,34,9,11,81.8,3,4,75.0,4,4,100.0,0,0.0,0.0,0.0,1,1,0,0,1
Ryan Flamingo,NED,DF,PSV Eindhoven,21-310,2002,3.0,146,159,91.8,3031,1081,38,40,95.0,85,88,96.6,20,24,83.3,0,0.0,0.0,0.0,0,5,0,0,12
Phil Foden,ENG,MF,Manchester City,24-161,2000,2.4,125,149,83.9,1658,257,85,92,92.4,36,42,85.7,1,8,12.5,1,0.5,0.5,+0.5,8,7,5,0,18
Youssouf Fofana,FRA,MF,Milan,25-300,1999,2.8,154,172,89.5,2562,697,80,89,89.9,65,68,95.6,8,11,72.7,0,0.1,0.1,-0.1,3,14,1,1,15
James Forrest,SCO,FW,Celtic,33-121,1991,0.3,7,11,63.6,79,36,5,5,100.0,1,3,33.3,0,1,0.0,1,0.3,0.2,+0.7,1,0,1,0,1
Héctor Fort,ESP,DF,Barcelona,18-095,2006,0.3,22,25,88.0,219,60,17,18,94.4,4,6,66.7,0,0,,0,0.0,0.0,0.0,0,3,0,0,1
Alejandro Francés,ESP,DF,Girona,22-096,2002,1.0,78,88,88.6,1312,294,39,40,97.5,32,35,91.4,7,11,63.6,0,0.1,0.1,-0.1,2,10,2,1,8
Lassina Franck Traoré,BFA,FW,Shakhtar,23-298,2001,0.5,14,16,87.5,182,29,8,8,100.0,2,3,66.7,1,1,100.0,0,0.0,0.1,0.0,1,0,0,0,2
Davide Frattesi,ITA,MF,Inter,25-014,1999,1.4,29,35,82.9,396,149,14,18,77.8,13,14,92.9,0,0,,0,0.0,0.0,0.0,0,1,0,0,4
Remo Freuler,SUI,MF,Bologna,32-204,1992,2.9,126,144,87.5,2318,624,46,51,90.2,67,70,95.7,12,19,63.2,0,0.0,0.1,0.0,1,10,0,0,10
Jeremie Frimpong,NED,DF,Leverkusen,23-331,2000,2.3,49,66,74.2,722,139,27,34,79.4,18,22,81.8,3,7,42.9,1,0.6,0.2,+0.4,3,4,1,0,3
Chris Führich,GER,FW,Stuttgart,26-301,1998,1.0,54,67,80.6,728,205,35,40,87.5,14,17,82.4,2,4,50.0,0,0.1,0.4,-0.1,3,1,5,2,4
Kyogo Furuhashi,JPN,FW,Celtic,29-290,1995,1.8,10,17,58.8,199,9,3,4,75.0,5,8,62.5,2,3,66.7,0,0.0,0.0,0.0,0,1,0,0,0
Matteo Gabbia,ITA,DF,Milan,25-015,1999,2.0,147,154,95.5,2930,935,52,52,100.0,76,80,95.0,19,21,90.5,0,0.0,0.0,0.0,0,18,0,0,8
Artur Gajdoš,SVK,MF,Slovan Bratislava,20-290,2004,0.1,13,16,81.3,267,98,4,5,80.0,7,7,100.0,2,3,66.7,0,0.1,0.1,-0.1,2,2,0,0,2
Cody Gakpo,NED,FW,Liverpool,25-182,1999,2.0,52,67,77.6,785,230,33,36,91.7,15,21,71.4,2,5,40.0,1,1.0,1.2,0.0,6,3,5,0,10
Javi Galán,ESP,DF,Atlético Madrid,29-352,1994,0.8,35,44,79.5,577,179,13,16,81.3,20,23,87.0,1,3,33.3,0,0.1,0.0,-0.1,1,3,0,0,4
Conor Gallagher,ENG,MF,Atlético Madrid,24-273,2000,1.7,71,79,89.9,1043,147,41,43,95.3,21,21,100.0,5,8,62.5,0,0.0,0.0,0.0,0,7,0,0,4
Silvère Ganvoula M'Boussy,CGO,FW,Young Boys,28-136,1996,2.1,14,23,60.9,164,14,11,12,91.7,3,8,37.5,0,1,0.0,0,0.0,0.0,0.0,1,1,0,0,0
Aleix García,ESP,MF,Leverkusen,27-130,1997,2.0,158,171,92.4,2824,809,86,89,96.6,50,51,98.0,20,27,74.1,0,0.0,0.3,0.0,1,15,2,1,11
Eric García,ESP,MF,Barcelona,23-301,2001,0.1,4,5,80.0,61,10,3,3,100.0,0,1,0.0,1,1,100.0,0,0.0,0.0,0.0,0,0,0,0,0
Fran Garcia,ESP,DF,Real Madrid,25-083,1999,0.7,37,44,84.1,504,94,18,18,100.0,16,20,80.0,0,2,0.0,0,0.0,0.0,0.0,0,0,0,0,5
Federico Gatti,ITA,DF,Juventus,26-134,1998,1.6,76,81,93.8,1382,315,23,23,100.0,51,54,94.4,1,2,50.0,0,0.0,0.0,0.0,0,3,1,0,3
Gavi,ESP,MF,Barcelona,20-092,2004,0.1,1,2,50.0,11,7,1,2,50.0,0,0,,0,0,,0,0.0,0.0,0.0,0,0,0,0,0
Jusuf Gazibegović,BIH,DF,Sturm Graz,24-239,2000,3.0,92,121,76.0,1468,582,48,50,96.0,35,46,76.1,5,17,29.4,0,0.3,0.1,-0.3,3,9,4,1,12
Paulo Gazzaniga,ARG,GK,Girona,32-308,1992,3.0,83,114,72.8,2229,1457,10,11,90.9,53,53,100.0,20,50,40.0,0,0.0,0.0,0.0,0,1,1,0,0
Lutsharel Geertruida,NED,DF,RB Leipzig,24-110,2000,2.0,70,89,78.7,1168,296,32,34,94.1,33,42,78.6,4,7,57.1,0,0.1,0.1,-0.1,2,3,1,1,2
Niklas Geyrhofer,AUT,DF,Sturm Graz,24-268,2000,1.6,72,80,90.0,1253,423,28,28,100.0,37,40,92.5,5,9,55.6,0,0.0,0.0,0.0,0,1,0,0,2
Alaa Ghram,TUN,DF,Shakhtar,23-104,2001,0.5,20,28,71.4,384,105,6,7,85.7,10,11,90.9,3,6,50.0,0,0.0,0.0,0.0,0,1,0,0,1
Bryan Gil,ESP,FW,Girona,23-268,2001,1.5,63,75,84.0,907,189,39,42,92.9,20,24,83.3,3,5,60.0,0,0.2,0.2,-0.2,3,2,3,2,4
Santiago Giménez,MEX,FW,Feyenoord,23-201,2001,1.0,8,12,66.7,79,4,2,4,50.0,3,3,100.0,0,1,0.0,0,0.0,0.1,0.0,0,0,0,0,0
Jamie Gittens,ENG,FW,Dortmund,20-089,2004,1.9,41,52,78.8,520,107,27,29,93.1,14,17,82.4,0,1,0.0,0,0.0,0.0,0.0,1,2,0,0,2
Omri Glazer,ISR,GK,Red Star,28-239,1996,2.0,55,63,87.3,1558,1132,7,7,100.0,28,28,100.0,20,28,71.4,0,0.0,0.0,0.0,0,1,0,0,0
Oscar Gloukh,ISR,"FW,MF",RB Salzburg,20-218,2004,2.8,139,173,80.3,1789,536,92,107,86.0,40,50,80.0,2,7,28.6,0,0.3,0.6,-0.3,4,10,8,1,23
Serge Gnabry,GER,FW,Bayern Munich,29-114,1995,2.7,93,114,81.6,1291,231,61,74,82.4,19,22,86.4,5,8,62.5,1,0.5,1.0,+0.5,2,3,7,1,11
Ben Godfrey,ENG,DF,Atalanta,26-295,1998,0.1,3,3,100.0,72,24,0,0,,3,3,100.0,0,0,,0,0.0,0.0,0.0,0,0,0,0,0
Aleksandr Golovin,RUS,"FW,MF",Monaco,28-159,1996,1.5,75,92,81.5,1260,351,41,45,91.1,28,31,90.3,5,13,38.5,0,0.2,0.6,-0.2,5,4,3,0,10
Angel Gomes,ENG,MF,Lille,24-066,2000,0.5,26,31,83.9,496,84,11,11,100.0,10,13,76.9,5,5,100.0,0,0.0,0.0,0.0,0,1,1,0,2
Marlon Gomes,BRA,MF,Shakhtar,20-327,2003,0.9,33,38,86.8,486,98,16,17,94.1,14,14,100.0,1,3,33.3,0,0.0,0.0,0.0,1,1,1,0,4
Joe Gomez,ENG,DF,Liverpool,27-166,1997,0.3,21,23,91.3,288,124,13,13,100.0,6,7,85.7,1,2,50.0,0,0.0,0.0,0.0,1,1,1,0,3
Pedro Gonçalves,POR,MF,Sporting CP,26-130,1998,1.2,27,39,69.2,442,192,13,17,76.5,8,9,88.9,4,5,80.0,1,0.4,0.1,+0.6,3,3,2,0,5
Facundo González,URU,DF,Feyenoord,21-152,2003,0.1,0,1,0.0,0,0,0,0,,0,1,0.0,0,0,,0,0.0,0.0,0.0,0,0,0,0,0
Nicolás González,ARG,FW,Juventus,26-213,1998,0.9,24,33,72.7,401,90,12,14,85.7,10,14,71.4,2,3,66.7,1,0.2,0.0,+0.8,3,4,0,0,3
Jon Gorenc Stanković,SVN,MF,Sturm Graz,28-296,1996,1.0,29,47,61.7,449,187,13,17,76.5,12,18,66.7,2,8,25.0,0,0.0,0.0,0.0,0,3,0,0,0
Leon Goretzka,GER,"MF,DF",Bayern Munich,29-273,1995,0.5,38,42,90.5,547,188,22,22,100.0,12,14,85.7,3,4,75.0,0,0.2,0.4,-0.2,1,5,4,1,9
Lucas Gourna-Douath,FRA,MF,RB Salzburg,21-092,2003,1.1,69,73,94.5,1109,287,33,35,94.3,29,31,93.5,5,5,100.0,0,0.0,0.0,0.0,0,12,0,0,9
Ryan Gravenberch,NED,MF,Liverpool,22-173,2002,3.0,137,148,92.6,2145,704,64,70,91.4,64,67,95.5,5,6,83.3,0,0.1,0.1,-0.1,2,16,3,0,17
Jack Grealish,ENG,"FW,MF",Manchester City,29-056,1995,1.1,47,53,88.7,647,137,31,32,96.9,11,11,100.0,3,5,60.0,0,0.2,0.3,-0.2,4,1,3,0,7
Antoine Griezmann,FRA,"MF,FW",Atlético Madrid,33-229,1991,2.5,118,148,79.7,1876,538,64,74,86.5,32,39,82.1,11,16,68.8,1,1.2,0.9,-0.2,7,13,5,3,13
Álex Grimaldo,ESP,DF,Leverkusen,29-046,1995,2.9,153,180,85.0,1947,408,108,113,95.6,36,45,80.0,6,14,42.9,0,0.5,0.4,-0.5,4,9,3,0,12
Pascal Groß,GER,MF,Dortmund,33-143,1991,1.7,165,184,89.7,2822,773,82,86,95.3,62,67,92.5,17,26,65.4,0,0.4,0.8,-0.4,5,15,4,1,14
Gabriel Gudmundsson,SWE,DF,Lille,25-190,1999,2.1,63,91,69.2,1038,400,34,42,81.0,21,25,84.0,6,15,40.0,1,0.2,0.0,+0.8,1,4,0,0,6
Raphaël Guerreiro,POR,DF,Bayern Munich,30-319,1993,1.8,123,139,88.5,1592,506,87,91,95.6,30,34,88.2,3,3,100.0,0,0.4,0.3,-0.4,4,11,2,0,15
Daouda Guindo,MLI,DF,RB Salzburg,22-022,2002,0.1,4,4,100.0,79,28,1,1,100.0,2,2,100.0,1,1,100.0,0,0.0,0.0,0.0,0,1,1,1,0
Serhou Guirassy,GUI,FW,Dortmund,28-238,1996,2.1,48,56,85.7,563,61,34,38,89.5,14,16,87.5,0,0,,1,0.6,0.6,+0.4,2,3,1,0,3
Péter Gulácsi,HUN,GK,RB Leipzig,34-183,1990,3.0,133,145,91.7,2769,1275,24,24,100.0,92,93,98.9,16,27,59.3,0,0.0,0.0,0.0,0,1,0,0,0
Arda Güler,TUR,"MF,FW",Real Madrid,19-254,2005,0.5,24,29,82.8,398,101,11,11,100.0,10,12,83.3,2,4,50.0,0,0.6,0.6,-0.6,2,0,3,1,4
İlkay Gündoğan,GER,MF,Manchester City,34-012,1990,2.3,218,241,90.5,3403,731,112,120,93.3,91,93,97.8,12,22,54.5,0,0.4,0.8,-0.4,7,18,6,1,23
Miguel Gutiérrez,ESP,"DF,MF",Girona,23-101,2001,3.0,138,169,81.7,2486,683,65,69,94.2,53,61,86.9,16,25,64.0,0,0.2,0.2,-0.2,6,15,4,4,13
Joško Gvardiol,CRO,DF,Manchester City,22-287,2002,2.0,193,199,97.0,2990,643,106,106,100.0,80,82,97.6,6,8,75.0,0,0.4,0.6,-0.4,2,20,1,0,20
Viktor Gyökeres,SWE,FW,Sporting CP,26-154,1998,3.0,47,59,79.7,648,138,28,31,90.3,9,12,75.0,4,5,80.0,1,0.9,0.6,+0.1,8,4,3,0,5
Erling Haaland,NOR,FW,Manchester City,24-107,2000,2.5,16,20,80.0,206,68,8,10,80.0,6,7,85.7,0,1,0.0,0,0.1,0.1,-0.1,2,2,1,0,2
Anis Hadj Moussa,ALG,DF,Feyenoord,22-268,2002,0.5,14,19,73.7,310,44,6,8,75.0,5,6,83.3,3,5,60.0,0,0.1,0.2,-0.1,1,1,0,0,2
Jaouen Hadjam,ALG,DF,Young Boys,21-224,2003,2.7,109,135,80.7,1806,677,63,69,91.3,31,37,83.8,12,19,63.2,0,0.1,0.2,-0.1,4,9,3,3,8
Amadou Haidara,MLI,MF,RB Leipzig,26-279,1998,2.8,104,124,83.9,1540,486,58,61,95.1,39,49,79.6,4,7,57.1,0,0.2,0.1,-0.2,2,10,2,0,8
Massadio Haïdara,MLI,DF,Brest,31-339,1992,2.1,95,113,84.1,1658,521,45,48,93.8,42,52,80.8,8,10,80.0,0,0.0,0.0,0.0,0,8,2,0,9
Achraf Hakimi,MAR,DF,Paris S-G,26-001,1998,3.0,190,218,87.2,2593,761,122,135,90.4,60,68,88.2,4,8,50.0,0,0.6,0.7,-0.6,6,10,8,1,22
Dávid Hancko,SVK,DF,Feyenoord,26-328,1997,3.0,140,168,83.3,2447,845,63,67,94.0,64,72,88.9,10,21,47.6,0,0.1,0.0,-0.1,3,12,1,0,18
Lukáš Haraslín,SVK,FW,Sparta Prague,28-163,1996,2.2,28,46,60.9,469,152,15,19,78.9,8,15,53.3,4,10,40.0,0,0.2,0.2,-0.2,3,3,2,1,4
Conrad Harder,DEN,"MF,FW",Sporting CP,19-212,2005,0.2,3,4,75.0,38,0,2,2,100.0,1,1,100.0,0,1,0.0,0,0.0,0.0,0.0,0,0,0,0,0
Reo Hatate,JPN,MF,Celtic,26-350,1997,2.1,83,110,75.5,1495,340,41,48,85.4,28,36,77.8,12,19,63.2,1,0.7,0.3,+0.3,4,12,5,0,11
Kai Havertz,GER,"FW,MF",Arsenal,25-147,1999,3.0,71,89,79.8,859,196,52,60,86.7,16,18,88.9,1,1,100.0,0,0.7,0.5,-0.7,6,8,4,1,11
Benjamin Henrichs,GER,"DF,MF",RB Leipzig,27-256,1997,2.3,97,116,83.6,1596,574,47,52,90.4,41,45,91.1,7,13,53.8,0,0.1,0.2,-0.1,2,5,3,1,8
Theo Hernández,FRA,DF,Milan,27-030,1997,3.0,179,199,89.9,2942,839,93,95,97.9,66,77,85.7,16,21,76.2,0,0.2,0.3,-0.2,5,15,5,3,19
Yangel Herrera,VEN,MF,Girona,26-296,1998,1.9,98,104,94.2,1725,334,47,49,95.9,41,44,93.2,9,9,100.0,0,0.0,0.0,0.0,0,11,0,0,12
Isak Hien,SWE,DF,Atalanta,25-297,1999,2.0,125,135,92.6,2391,522,32,37,86.5,86,87,98.9,6,8,75.0,0,0.0,0.0,0.0,0,6,0,0,6
Stefan Hierländer,AUT,MF,Sturm Graz,33-276,1991,0.1,3,4,75.0,34,8,3,3,100.0,0,1,0.0,0,0,,0,0.0,0.0,0.0,0,0,0,0,0
Piero Hincapié,ECU,DF,Leverkusen,22-301,2002,3.0,230,249,92.4,3702,1449,105,108,97.2,113,117,96.6,8,16,50.0,0,0.2,0.1,-0.2,1,10,0,0,15
Morten Hjulmand,DEN,MF,Sporting CP,25-133,1999,3.0,121,147,82.3,1861,391,57,63,90.5,57,68,83.8,3,8,37.5,0,0.2,0.2,-0.2,3,7,2,0,6
Jonas Hofmann,GER,"MF,FW",Leverkusen,32-114,1992,1.0,34,44,77.3,627,149,16,18,88.9,12,14,85.7,5,8,62.5,1,0.3,0.3,+0.7,1,4,2,0,8
Tomi Horvat,SVN,MF,Sturm Graz,25-226,1999,1.5,44,56,78.6,804,300,18,21,85.7,16,17,94.1,8,13,61.5,0,0.2,0.2,-0.2,2,8,2,0,11
Arbër Hoxha,ALB,DF,Dinamo Zagreb,26-030,1998,0.2,9,12,75.0,122,28,4,6,66.7,4,5,80.0,0,0,,0,0.0,0.0,0.0,0,0,0,0,0
Lukáš Hrádecký,FIN,GK,Leverkusen,34-347,1989,2.0,66,78,84.6,1420,1014,22,22,100.0,32,33,97.0,12,22,54.5,0,0.0,0.0,0.0,0,0,0,0,0
Yang Hyunjun,KOR,FW,Celtic,22-164,2002,0.3,3,3,100.0,20,2,2,2,100.0,0,0,,0,0,,0,0.0,0.0,0.0,0,0,0,0,0
Adam Idah,IRL,FW,Celtic,23-268,2001,1.2,20,26,76.9,329,53,11,13,84.6,7,9,77.8,2,3,66.7,0,0.0,0.0,0.0,0,1,0,0,0
Danylo Ihnatenko,UKR,MF,Slovan Bratislava,27-237,1997,2.4,59,70,84.3,1039,280,29,33,87.9,22,23,95.7,6,7,85.7,0,0.0,0.0,0.0,1,3,1,0,5
George Ilenikhena,FRA,FW,Monaco,18-081,2006,1.0,10,14,71.4,149,34,4,6,66.7,4,6,66.7,1,1,100.0,0,0.1,0.0,-0.1,1,0,0,0,3
Luka Ilić,SRB,"MF,FW",Red Star,25-126,1999,0.7,21,29,72.4,369,52,8,11,72.7,12,17,70.6,1,1,100.0,0,0.0,0.0,0.0,0,1,1,0,2
Marko Ilić,SRB,GK,Red Star,26-276,1998,1.0,14,32,43.8,566,504,2,2,100.0,3,4,75.0,9,26,34.6,0,0.0,0.0,0.0,0,0,0,0,0
Samuel Iling-Junior,ENG,"FW,MF",Bologna,21-032,2003,0.6,17,23,73.9,293,39,9,10,90.0,7,8,87.5,1,4,25.0,0,0.0,0.1,0.0,0,0,1,0,2
Kastriot Imeri,SUI,MF,Young Boys,24-131,2000,1.5,31,41,75.6,600,238,10,13,76.9,12,13,92.3,7,10,70.0,0,0.3,0.1,-0.3,2,3,4,1,10
Hwang In-beom,KOR,MF,Feyenoord,28-046,1996,3.0,109,138,79.0,1777,483,57,64,89.1,37,44,84.1,8,19,42.1,0,0.5,0.2,-0.5,1,12,2,1,8
Gonçalo Inácio,POR,DF,Sporting CP,23-072,2001,2.1,161,179,89.9,3113,1165,58,59,98.3,81,88,92.0,22,29,75.9,0,0.0,0.0,0.0,0,8,0,0,3
Franco Israel,URU,GK,Sporting CP,24-197,2000,3.0,85,100,85.0,1790,1042,26,26,100.0,45,45,100.0,11,26,42.3,0,0.0,0.0,0.0,0,1,1,0,0
Cedric Itten,SUI,FW,Young Boys,27-314,1996,0.9,11,21,52.4,153,5,6,9,66.7,2,5,40.0,1,1,100.0,0,0.0,0.0,0.0,0,0,0,0,1
Mirko Ivanić,MNE,MF,Red Star,31-053,1993,1.0,29,42,69.0,446,138,21,23,91.3,5,8,62.5,3,5,60.0,0,0.0,0.2,0.0,0,3,0,0,10
Luka Ivanušec,CRO,MF,Feyenoord,25-345,1998,0.1,2,2,100.0,17,10,2,2,100.0,0,0,,0,0,,0,0.0,0.0,0.0,1,0,0,0,1
Ardon Jashari,SUI,MF,Club Brugge,22-098,2002,1.9,89,102,87.3,1620,341,37,40,92.5,42,43,97.7,9,18,50.0,0,0.0,0.0,0.0,1,4,0,0,8
Seedy Jatta,NOR,FW,Sturm Graz,21-232,2003,1.7,12,20,60.0,185,29,5,9,55.6,7,7,100.0,0,1,0.0,0,0.1,0.2,-0.1,1,1,1,0,2
Gabriel Jesus,BRA,"FW,MF",Arsenal,27-216,1997,1.6,57,73,78.1,842,67,35,40,87.5,17,23,73.9,3,5,60.0,0,0.2,0.1,-0.2,3,0,0,0,3
Alistair Johnston,CAN,DF,Celtic,26-028,1998,2.8,135,167,80.8,2263,678,58,66,87.9,69,80,86.3,6,17,35.3,0,0.1,0.2,-0.1,2,13,3,0,16
Max Johnston,SCO,DF,Sturm Graz,20-315,2003,2.3,58,90,64.4,1179,534,15,19,78.9,36,55,65.5,7,15,46.7,0,0.0,0.1,0.0,1,7,4,2,9
Curtis Jones,ENG,MF,Liverpool,23-280,2001,0.2,19,20,95.0,282,38,8,9,88.9,10,10,100.0,0,0,,0,0.0,0.2,0.0,0,0,1,0,2
Frenkie de Jong,NED,"MF,FW",Barcelona,27-177,1997,0.5,32,35,91.4,536,123,19,21,90.5,9,9,100.0,4,5,80.0,0,0.0,0.0,0.0,0,7,0,0,1
Luuk de Jong,NED,FW,PSV Eindhoven,34-070,1990,2.8,66,105,62.9,791,168,46,62,74.2,16,25,64.0,0,0,,0,0.2,0.1,-0.2,4,4,1,0,7
Jorginho,ITA,MF,Arsenal,32-321,1991,0.4,20,26,76.9,263,30,13,15,86.7,6,8,75.0,0,2,0.0,0,0.0,0.0,0.0,0,1,0,0,0
Diogo Jota,POR,FW,Liverpool,27-337,1996,1.1,14,19,73.7,259,83,6,6,100.0,6,7,85.7,2,2,100.0,0,0.1,0.0,-0.1,2,4,2,0,5
Juanpe,ESP,DF,Girona,33-189,1991,1.0,79,83,95.2,1380,414,31,33,93.9,45,47,95.7,3,3,100.0,0,0.0,0.0,0.0,0,2,0,0,4
Mauro Júnior,BRA,DF,PSV Eindhoven,25-183,1999,1.9,124,136,91.2,2152,684,63,65,96.9,44,49,89.8,14,17,82.4,0,0.0,0.1,0.0,1,5,1,0,7
Vinicius Júnior,BRA,FW,Real Madrid,24-116,2000,3.0,77,111,69.4,1247,251,39,50,78.0,30,40,75.0,5,13,38.5,0,0.8,0.9,-0.8,7,4,5,3,8
Ferran Jutglà,ESP,FW,Club Brugge,25-278,1999,1.9,32,41,78.0,397,61,21,26,80.8,9,12,75.0,0,0,,0,0.1,0.0,-0.1,2,4,1,0,2
Issa Kaboré,BFA,DF,Benfica,23-177,2001,0.6,15,25,60.0,207,58,7,10,70.0,7,12,58.3,0,2,0.0,0,0.0,0.0,0.0,0,2,0,0,2
Lukas Kačavenda,CRO,FW,Dinamo Zagreb,21-248,2003,0.2,11,11,100.0,176,24,7,7,100.0,3,3,100.0,1,1,100.0,0,0.1,0.1,-0.1,1,0,1,0,1
Kaan Kairinen,FIN,MF,Sparta Prague,25-319,1998,3.0,60,74,81.1,1132,261,22,28,78.6,29,33,87.9,7,10,70.0,0,0.1,0.3,-0.1,1,2,1,0,8
Pierre Kalulu,FRA,DF,Juventus,24-153,2000,3.0,200,209,95.7,3250,1160,98,103,95.1,92,94,97.9,8,10,80.0,0,0.0,0.0,0.0,0,7,0,0,12
Boubacar Kamara,FRA,MF,Aston Villa,24-348,1999,0.1,11,12,91.7,180,37,6,6,100.0,5,6,83.3,0,0,,0,0.0,0.0,0.0,0,2,0,0,0
Kevin Kampl,SVN,MF,RB Leipzig,34-027,1990,0.2,7,7,100.0,95,15,5,5,100.0,2,2,100.0,0,0,,0,0.0,0.0,0.0,0,1,0,0,0
Harry Kane,ENG,FW,Bayern Munich,31-100,1993,3.0,68,85,80.0,1165,211,39,44,88.6,17,26,65.4,11,11,100.0,0,0.1,0.7,-0.1,3,7,4,0,9
Lee Kang-in,KOR,"FW,MF",Paris S-G,23-260,2001,2.1,98,114,86.0,1577,433,59,62,95.2,27,33,81.8,12,18,66.7,0,0.5,0.5,-0.5,10,6,6,2,12
Guélor Kanga,GAB,MF,Red Star,34-065,1990,0.2,11,12,91.7,214,98,4,4,100.0,4,5,80.0,2,2,100.0,0,0.0,0.0,0.0,0,1,0,0,1
Atakan Karazor,,MF,Stuttgart,28-023,1996,2.8,221,229,96.5,2855,924,143,147,97.3,68,68,100.0,3,5,60.0,0,0.2,0.6,-0.2,4,23,5,0,19
Rick Karsdorp,NED,DF,PSV Eindhoven,29-268,1995,0.3,14,15,93.3,253,81,7,7,100.0,5,6,83.3,2,2,100.0,0,0.0,0.1,0.0,2,3,1,1,2
Guram Kashia,GEO,DF,Slovan Bratislava,37-124,1987,3.0,72,95,75.8,1367,709,23,28,82.1,43,48,89.6,6,17,35.3,0,0.0,0.0,0.0,0,2,0,0,3
Aleksandar Katai,SRB,FW,Red Star,33-273,1991,0.2,4,5,80.0,39,0,2,2,100.0,1,2,50.0,0,0,,0,0.0,0.0,0.0,0,0,0,0,0
Silas Katompa,COD,"FW,DF",Red Star,26-030,1998,2.4,29,43,67.4,515,95,11,15,73.3,16,22,72.7,2,4,50.0,0,0.0,0.0,0.0,1,3,2,0,4
Thilo Kehrer,GER,DF,Monaco,28-045,1996,3.0,180,195,92.3,3630,1596,52,55,94.5,109,113,96.5,19,25,76.0,1,0.0,0.1,+1.0,2,25,0,0,26
Caoimhín Kelleher,IRL,GK,Liverpool,25-348,1998,1.0,35,42,83.3,862,514,4,4,100.0,23,23,100.0,8,15,53.3,0,0.0,0.0,0.0,0,0,0,0,0
Marvin Keller,SUI,GK,Young Boys,22-125,2002,1.0,27,39,69.2,689,342,3,3,100.0,16,16,100.0,8,20,40.0,0,0.0,0.0,0.0,0,1,0,0,0
Kevin,BRA,"FW,MF",Shakhtar,21-306,2003,0.6,16,20,80.0,206,56,9,9,100.0,3,4,75.0,1,3,33.3,0,0.1,0.1,-0.1,2,1,1,1,2
Joshua Kimmich,GER,MF,Bayern Munich,29-271,1995,3.0,250,289,86.5,4047,1308,136,140,97.1,88,100,88.0,20,37,54.1,2,0.7,1.1,+1.3,7,24,11,3,28
Otar Kiteishvili,GEO,MF,Sturm Graz,28-224,1996,1.9,76,93,81.7,1147,425,43,49,87.8,24,29,82.8,5,9,55.6,0,0.0,0.1,0.0,0,11,4,0,11
Jakub Kiwior,POL,DF,Arsenal,24-264,2000,0.5,8,11,72.7,124,38,4,5,80.0,3,5,60.0,1,1,100.0,0,0.0,0.0,0.0,0,0,0,0,0
Maurits Kjærgaard,DEN,MF,RB Salzburg,21-132,2003,1.0,51,62,82.3,1016,342,21,23,91.3,19,22,86.4,9,14,64.3,0,0.3,0.7,-0.3,2,7,3,1,11
Gregor Kobel,SUI,GK,Dortmund,26-335,1997,3.0,102,117,87.2,2107,1401,37,37,100.0,48,49,98.0,16,28,57.1,0,0.0,0.0,0.0,0,0,0,0,0
Philipp Köhn,SUI,GK,Monaco,26-217,1998,2.0,31,38,81.6,768,541,5,5,100.0,18,18,100.0,8,15,53.3,0,0.0,0.0,0.0,0,0,0,0,0
Orkun Kökçü,TUR,MF,Benfica,23-312,2000,2.7,126,157,80.3,2207,566,59,69,85.5,55,62,88.7,10,17,58.8,0,0.4,0.2,-0.4,3,19,0,0,12
Koke,ESP,MF,Atlético Madrid,32-302,1992,2.5,171,194,88.1,2862,786,79,87,90.8,71,76,93.4,12,17,70.6,0,0.0,0.2,0.0,2,19,3,1,17
Sead Kolašinac,BIH,DF,Atalanta,31-138,1993,2.9,166,189,87.8,2493,601,94,98,95.9,65,76,85.5,4,7,57.1,1,0.1,0.3,+0.9,1,15,2,0,22
Randal Kolo Muani,FRA,FW,Paris S-G,25-336,1998,1.0,9,17,52.9,193,64,1,5,20.0,7,8,87.5,1,2,50.0,0,0.3,0.1,-0.3,2,0,2,0,3
Ibrahima Konaté,FRA,DF,Liverpool,25-164,1999,3.0,153,166,92.2,2859,925,50,52,96.2,86,96,89.6,14,15,93.3,0,0.0,0.0,0.0,0,5,0,0,7
Karim Konaté,CIV,FW,RB Salzburg,20-229,2004,2.4,27,40,67.5,369,6,11,19,57.9,13,15,86.7,0,0,,0,0.1,0.1,-0.1,2,0,0,0,0
Yukhym Konoplia,UKR,DF,Shakhtar,25-071,1999,1.9,55,63,87.3,924,135,23,27,85.2,29,31,93.5,2,2,100.0,0,0.0,0.0,0.0,0,1,1,1,4
Ezri Konsa,ENG,DF,Aston Villa,27-013,1997,3.0,105,113,92.9,1803,554,46,46,100.0,48,54,88.9,8,9,88.9,0,0.1,0.1,-0.1,1,3,0,0,2
Teun Koopmeiners,NED,MF,Juventus,26-251,1998,2.0,56,76,73.7,903,290,27,34,79.4,19,27,70.4,6,9,66.7,0,1.1,0.8,-1.1,7,4,3,2,8
Odilon Kossounou,CIV,DF,Atalanta,23-306,2001,0.9,41,45,91.1,813,237,7,9,77.8,29,29,100.0,5,6,83.3,0,0.0,0.0,0.0,0,4,0,0,4
Jules Koundé,FRA,DF,Barcelona,25-359,1998,3.0,146,165,88.5,2385,833,70,73,95.9,64,73,87.7,9,12,75.0,0,0.2,0.2,-0.2,1,3,3,1,7
Moussa Kounfolo Yeo,MLI,FW,RB Salzburg,20-157,2004,0.6,21,24,87.5,251,37,11,12,91.7,8,9,88.9,0,0,,0,0.0,0.0,0.0,1,1,0,0,1
Mateo Kovačić,CRO,MF,Manchester City,30-183,1994,0.2,31,32,96.9,448,142,17,17,100.0,13,14,92.9,0,0,,0,0.0,0.1,0.0,0,3,1,0,5
Matej Kovar,CZE,GK,Leverkusen,24-172,2000,1.0,32,36,88.9,756,462,6,6,100.0,17,17,100.0,9,13,69.2,0,0.0,0.0,0.0,0,0,0,0,0
Ermal Krasniqi,KVX,FW,Sparta Prague,26-059,1998,0.8,5,7,71.4,51,20,1,2,50.0,2,3,66.7,0,0,,0,0.0,0.0,0.0,0,1,0,0,1
Ladislav Krejčí,CZE,DF,Girona,25-199,1999,3.0,215,238,90.3,3859,1348,90,95,94.7,112,119,94.1,13,22,59.1,0,0.0,0.0,0.0,0,15,1,0,17
Rade Krunić,BIH,MF,Red Star,31-029,1993,2.5,95,112,84.8,1668,469,41,46,89.1,45,51,88.2,8,9,88.9,0,0.0,0.0,0.0,1,12,0,0,10
Dmytro Kryskiv,UKR,MF,Shakhtar,24-030,2000,3.0,123,140,87.9,1907,451,62,68,91.2,50,54,92.6,6,8,75.0,0,0.3,0.1,-0.3,2,11,1,1,8
Juraj Kucka,SVK,MF,Slovan Bratislava,37-253,1987,0.9,23,30,76.7,284,95,13,16,81.3,7,7,100.0,0,3,0.0,0,0.0,0.1,0.0,1,0,2,0,3
Nicolas-Gerrit Kühn,GER,FW,Celtic,24-309,2000,2.4,47,70,67.1,717,231,23,32,71.9,20,28,71.4,2,6,33.3,1,1.4,0.9,-0.4,5,2,3,0,8
Sandro Kulenović,CRO,FW,Dinamo Zagreb,24-337,1999,1.2,17,28,60.7,198,4,8,17,47.1,5,5,100.0,0,1,0.0,0,0.0,0.0,0.0,0,1,0,0,0
Qazim Laçi,ALB,MF,Sparta Prague,28-291,1996,2.7,51,60,85.0,943,170,22,25,88.0,25,28,89.3,4,6,66.7,0,0.0,0.0,0.0,0,3,0,0,9
Konrad Laimer,AUT,DF,Bayern Munich,27-162,1997,1.0,42,49,85.7,634,208,24,28,85.7,15,18,83.3,3,3,100.0,0,0.1,0.0,-0.1,1,5,0,0,6
Kenny Lala,MAD,DF,Brest,33-033,1991,3.0,129,170,75.9,2714,791,40,45,88.9,64,76,84.2,23,45,51.1,0,0.4,0.2,-0.4,4,7,5,2,8
Mohamed Lamine Bayo,GUI,FW,Lille,26-154,1998,0.7,12,17,70.6,189,7,8,9,88.9,3,4,75.0,1,1,100.0,0,0.1,0.0,-0.1,1,0,0,0,0
Noa Lang,NED,"FW,MF",PSV Eindhoven,25-141,1999,1.3,45,61,73.8,715,244,23,27,85.2,17,22,77.3,3,7,42.9,0,0.1,0.4,-0.1,2,1,4,0,8
Sandro Lauper,SUI,"MF,DF",Young Boys,28-011,1996,3.0,91,102,89.2,1860,649,32,34,94.1,39,44,88.6,15,17,88.2,0,0.0,0.0,0.0,0,11,0,0,13
Dimitri Lavalée,BEL,DF,Sturm Graz,27-297,1997,2.0,66,88,75.0,1246,611,23,26,88.5,38,49,77.6,5,12,41.7,0,0.0,0.0,0.0,0,3,1,0,9
Julien Le Cardinal,FRA,DF,Brest,27-094,1997,1.0,37,45,82.2,839,298,8,10,80.0,21,22,95.5,7,11,63.6,0,0.0,0.0,0.0,0,0,0,0,0
Robin Le Normand,ESP,DF,Atlético Madrid,27-360,1996,1.0,45,51,88.2,892,244,13,17,76.5,27,28,96.4,4,5,80.0,0,0.0,0.0,0.0,0,5,0,0,3
Rafael Leão,POR,FW,Milan,25-148,1999,2.7,71,93,76.3,1304,227,27,38,71.1,37,43,86.0,4,7,57.1,0,0.2,0.4,-0.2,3,5,3,0,10
Richy Ledezma,USA,"DF,MF",PSV Eindhoven,24-060,2000,1.2,96,106,90.6,1478,540,44,46,95.7,45,48,93.8,3,6,50.0,0,0.4,0.1,-0.4,2,15,3,2,10
Pierre Lees-Melou,FRA,MF,Brest,31-164,1993,1.0,54,63,85.7,1023,278,23,26,88.5,24,27,88.9,7,10,70.0,0,0.0,0.0,0.0,0,5,0,0,2
Robert Lewandowski,POL,FW,Barcelona,36-076,1988,2.6,34,49,69.4,359,61,25,30,83.3,6,10,60.0,0,3,0.0,0,0.9,0.0,-0.9,3,2,0,0,4
Jamie Leweling,GER,FW,Stuttgart,23-253,2001,2.9,79,107,73.8,1180,230,49,59,83.1,24,32,75.0,5,11,45.5,1,0.7,0.8,+0.3,5,4,5,1,12
Rico Lewis,ENG,"DF,MF",Manchester City,19-350,2004,3.0,209,223,93.7,2957,646,126,130,96.9,77,82,93.9,3,3,100.0,1,2.2,1.8,-1.2,9,20,9,0,35
Myles Lewis-Skelly,ENG,"DF,MF",Arsenal,18-040,2006,0.2,13,13,100.0,193,17,8,8,100.0,5,5,100.0,0,0,,0,0.0,0.0,0.0,0,1,0,0,2
Samuel Lino,BRA,"DF,FW",Atlético Madrid,24-318,1999,1.5,68,79,86.1,794,157,52,55,94.5,14,17,82.4,0,0,,0,0.1,0.1,-0.1,2,3,2,0,6
Marcos Llorente,ESP,DF,Atlético Madrid,29-280,1995,1.4,49,64,76.6,770,181,26,28,92.9,17,21,81.0,4,5,80.0,1,0.5,0.4,+0.5,3,2,7,4,7
Manuel Locatelli,ITA,MF,Juventus,26-302,1998,1.0,68,73,93.2,1203,396,30,31,96.8,32,33,97.0,5,7,71.4,0,0.2,0.1,-0.2,1,4,1,1,1
Ruben Loftus-Cheek,ENG,MF,Milan,28-287,1996,2.4,82,93,88.2,1172,158,50,56,89.3,23,24,95.8,4,5,80.0,0,0.0,0.0,0.0,0,7,0,0,6
Ademola Lookman,NGA,"FW,MF",Atalanta,27-016,1997,2.4,75,93,80.6,1101,292,44,52,84.6,21,25,84.0,7,9,77.8,1,1.2,0.8,-0.2,7,3,6,3,7
David López,ESP,DF,Girona,35-027,1989,2.1,120,130,92.3,2409,806,35,37,94.6,69,70,98.6,15,21,71.4,0,0.0,0.0,0.0,0,4,0,0,7
Fermin López,ESP,MF,Barcelona,21-178,2003,0.7,8,9,88.9,120,32,4,5,80.0,4,4,100.0,0,0,,2,1.5,0.0,+0.5,2,0,0,0,1
Jordan Lotomba,SUI,DF,Feyenoord,26-037,1998,2.4,94,105,89.5,1363,502,54,54,100.0,31,39,79.5,4,4,100.0,0,0.1,0.0,-0.1,2,5,0,0,4
Jhon Lucumí,COL,DF,Bologna,26-132,1998,3.0,200,216,92.6,3955,1237,71,76,93.4,106,111,95.5,22,26,84.6,0,0.0,0.0,0.0,0,8,0,0,10
Florentino Luís,POR,MF,Benfica,25-078,1999,2.7,125,134,93.3,1966,434,63,66,95.5,50,51,98.0,8,10,80.0,0,0.0,0.0,0.0,1,4,0,0,2
Douglas Luiz,BRA,MF,Juventus,26-180,1998,0.5,20,24,83.3,284,78,14,17,82.4,4,5,80.0,2,2,100.0,0,0.0,0.0,0.0,0,2,1,0,4
Castello Lukeba,FRA,DF,RB Leipzig,21-324,2002,3.0,202,224,90.2,3549,1391,82,86,95.3,109,117,93.2,9,16,56.3,0,0.0,0.0,0.0,1,11,0,0,13
Andriy Lunin,UKR,GK,Real Madrid,25-268,1999,1.0,21,23,91.3,437,248,3,3,100.0,15,15,100.0,2,4,50.0,0,0.0,0.0,0.0,0,0,0,0,0
Charalambos Lykogiannis,GRE,DF,Bologna,31-014,1993,1.9,65,86,75.6,1277,452,27,31,87.1,28,34,82.4,10,18,55.6,0,0.2,0.2,-0.2,2,10,2,1,9
Ian Maatsen,NED,"DF,FW",Aston Villa,22-240,2002,1.4,49,59,83.1,765,155,29,31,93.5,15,19,78.9,4,5,80.0,0,0.0,0.2,0.0,0,1,2,1,2
Alexis Mac Allister,ARG,MF,Liverpool,25-317,1998,3.0,129,147,87.8,1916,651,74,81,91.4,44,50,88.0,7,10,70.0,0,0.8,0.4,-0.8,6,15,5,0,19
Daizen Maeda,JPN,FW,Celtic,27-016,1997,2.8,37,50,74.0,535,147,19,21,90.5,17,23,73.9,0,2,0.0,0,0.4,0.6,-0.4,2,4,0,0,6
Gabriel Magalhães,BRA,DF,Arsenal,26-322,1997,3.0,174,186,93.5,2904,845,78,79,98.7,89,93,95.7,7,14,50.0,0,0.0,0.0,0.0,0,12,0,0,6
Soungoutou Magassa,FRA,MF,Monaco,21-028,2003,0.2,17,19,89.5,378,79,7,8,87.5,7,8,87.5,3,3,100.0,0,0.0,0.0,0.0,0,7,0,0,2
Hugo Magnetti,FRA,MF,Brest,26-159,1998,2.9,96,112,85.7,1707,459,40,48,83.3,38,43,88.4,12,15,80.0,0,0.0,0.1,0.0,2,10,2,1,14
Mike Maignan,FRA,GK,Milan,29-125,1995,2.6,97,111,87.4,2175,1308,22,22,100.0,60,60,100.0,15,29,51.7,0,0.0,0.0,0.0,0,0,0,0,1
Radosław Majecki,POL,GK,Monaco,24-355,1999,1.0,20,22,90.9,493,329,1,1,100.0,14,14,100.0,5,7,71.4,0,0.0,0.0,0.0,0,0,0,0,0
Róbert Mak,SVK,"FW,MF",Slovan Bratislava,33-242,1991,0.2,10,11,90.9,105,20,7,7,100.0,3,4,75.0,0,0,,0,0.0,0.0,0.0,0,0,0,0,0
Andrija Maksimović,SRB,MF,Red Star,17-153,2007,1.6,45,50,90.0,736,165,16,18,88.9,25,27,92.6,2,2,100.0,0,0.0,0.0,0.0,0,4,0,0,9
Donyell Malen,NED,FW,Dortmund,25-301,1999,1.3,24,26,92.3,245,39,16,18,88.9,4,4,100.0,0,0,,1,0.9,0.7,+0.1,3,0,1,1,0
Darian Males,SUI,"FW,MF",Young Boys,23-186,2001,0.4,8,13,61.5,133,8,2,2,100.0,2,3,66.7,2,5,40.0,0,0.0,0.0,0.0,0,1,0,0,1
Reinildo Mandava,MOZ,DF,Atlético Madrid,30-289,1994,2.2,146,162,90.1,1955,646,90,96,93.8,46,51,90.2,3,6,50.0,0,0.0,0.1,0.0,1,8,3,2,12
Aïssa Mandi,ALG,"DF,MF",Lille,33-014,1991,1.7,56,59,94.9,1239,356,13,13,100.0,35,35,100.0,8,10,80.0,0,0.0,0.0,0.0,0,3,0,0,1
Nino Marcelli,SVK,FW,Slovan Bratislava,19-160,2005,0.4,5,9,55.6,78,16,3,3,100.0,0,1,0.0,1,3,33.3,0,0.0,0.0,0.0,0,0,0,0,1
José María Giménez,URU,DF,Atlético Madrid,29-290,1995,3.0,202,222,91.0,4156,1461,47,48,97.9,135,140,96.4,19,32,59.4,0,0.0,0.0,0.0,0,11,0,0,12
Marquinhos,BRA,DF,Paris S-G,30-175,1994,3.0,239,251,95.2,4386,1225,73,76,96.1,147,149,98.7,14,20,70.0,0,0.0,0.1,0.0,2,18,1,0,19
Gerard Martín,ESP,"FW,DF",Barcelona,22-309,2002,0.1,3,4,75.0,45,0,2,2,100.0,1,1,100.0,0,0,,0,0.0,0.0,0.0,0,0,0,0,0
Iván Martín,ESP,MF,Girona,25-265,1999,2.0,93,109,85.3,1504,405,48,53,90.6,36,42,85.7,7,9,77.8,0,0.0,0.0,0.0,1,10,0,0,5
Jonas Martin,FRA,MF,Brest,34-210,1990,0.5,29,33,87.9,461,103,17,18,94.4,10,11,90.9,2,3,66.7,0,0.0,0.1,0.0,0,2,1,0,5
Gabriel Martinelli,BRA,"MF,FW",Arsenal,23-140,2001,3.0,56,72,77.8,779,197,33,38,86.8,20,24,83.3,1,5,20.0,0,0.6,1.2,-0.6,6,3,4,2,3
Arnau Martinez,ESP,"DF,MF",Girona,21-194,2003,3.0,145,173,83.8,2228,558,81,88,92.0,59,71,83.1,4,8,50.0,0,0.2,0.2,-0.2,2,6,1,1,10
Emiliano Martínez,ARG,GK,Aston Villa,32-064,1992,3.0,95,131,72.5,2916,2144,8,8,100.0,59,60,98.3,28,63,44.4,0,0.0,0.0,0.0,0,7,0,0,0
Iñigo Martínez,ESP,DF,Barcelona,33-172,1991,2.9,175,194,90.2,3223,1029,68,71,95.8,95,101,94.1,10,17,58.8,1,0.9,0.1,+0.1,2,18,0,0,19
Lautaro Martínez,ARG,FW,Inter,27-075,1997,0.9,19,26,73.1,263,81,12,15,80.0,3,3,100.0,2,3,66.7,0,0.0,0.0,0.0,0,2,0,0,2
Eliot Matazo,BEL,MF,Monaco,22-264,2002,0.0,2,2,100.0,28,0,1,1,100.0,1,1,100.0,0,0,,0,0.0,0.0,0.0,0,0,0,0,0
Mykola Matviyenko,UKR,DF,Shakhtar,28-187,1996,3.0,196,226,86.7,3208,1216,100,104,96.2,76,81,93.8,18,35,51.4,0,0.0,0.0,0.0,1,13,0,0,13
Christian Mawissa,FRA,DF,Monaco,19-201,2005,0.0,5,5,100.0,46,21,5,5,100.0,0,0,,0,0,,0,0.0,0.0,0.0,0,0,1,0,1
Senny Mayulu,FRA,MF,Paris S-G,18-172,2006,0.1,4,6,66.7,51,6,2,3,66.7,2,3,66.7,0,0,,0,0.0,0.2,0.0,0,0,0,0,0
Kylian Mbappé,FRA,FW,Real Madrid,25-321,1998,2.4,35,52,67.3,563,104,18,26,69.2,15,18,83.3,2,3,66.7,1,0.5,0.6,+0.5,4,1,3,1,7
James Mcatee,ENG,"FW,MF",Manchester City,22-018,2002,0.6,19,24,79.2,274,76,9,11,81.8,10,11,90.9,0,1,0.0,0,0.0,0.0,0.0,0,4,1,0,6
Luke McCowan,SCO,MF,Celtic,26-332,1997,0.2,2,4,50.0,37,6,1,1,100.0,1,3,33.3,0,0,,0,0.0,0.0,0.0,0,0,0,0,0
John McGinn,SCO,FW,Aston Villa,30-018,1994,1.7,41,55,74.5,675,205,20,26,76.9,14,16,87.5,5,9,55.6,1,0.0,0.1,+1.0,2,4,3,1,6
Callum McGregor,SCO,MF,Celtic,31-144,1993,3.0,155,169,91.7,2516,567,69,72,95.8,79,85,92.9,4,8,50.0,0,0.0,0.1,0.0,1,11,0,0,14
Weston McKennie,USA,"MF,DF",Juventus,26-069,1998,2.4,74,86,86.0,1050,399,40,46,87.0,26,29,89.7,3,4,75.0,0,0.3,0.2,-0.3,2,9,1,0,15
Brandon Mechele,BEL,DF,Club Brugge,31-282,1993,3.0,186,211,88.2,3713,1305,59,62,95.2,105,107,98.1,19,34,55.9,0,0.1,0.2,-0.1,1,6,1,0,3
John Mellberg,SWE,DF,RB Salzburg,18-098,2006,0.5,29,33,87.9,461,20,14,15,93.3,14,15,93.3,1,3,33.3,0,0.0,0.0,0.0,0,0,0,0,1
Nuno Mendes,POR,DF,Paris S-G,22-139,2002,3.0,204,242,84.3,3583,970,75,83,90.4,117,128,91.4,10,19,52.6,0,0.6,0.4,-0.6,2,21,4,2,28
Ferland Mendy,FRA,DF,Real Madrid,29-150,1995,2.3,107,114,93.9,1657,393,64,65,98.5,34,39,87.2,6,7,85.7,0,0.0,0.0,0.0,2,6,1,0,6
Mikel Merino,ESP,MF,Arsenal,28-136,1996,0.8,16,20,80.0,288,85,7,8,87.5,7,10,70.0,2,2,100.0,0,0.0,0.0,0.0,0,1,0,0,1
Idjessi Metsoko,FRA,FW,Slovan Bratislava,22-236,2002,0.1,3,4,75.0,28,0,1,1,100.0,1,1,100.0,0,0,,0,0.0,0.0,0.0,0,0,0,0,0
Thomas Meunier,BEL,DF,Lille,33-054,1991,1.7,78,96,81.3,1339,534,34,38,89.5,34,38,89.5,8,14,57.1,1,0.1,0.0,+0.9,1,6,0,0,7
Simon Mignolet,BEL,GK,Club Brugge,36-244,1988,3.0,89,98,90.8,2261,1478,13,13,100.0,54,54,100.0,22,31,71.0,0,0.0,0.0,0.0,0,1,0,0,0
Antoni Milambo,NED,"MF,FW",Feyenoord,19-216,2005,2.7,57,69,82.6,929,235,26,28,92.9,21,25,84.0,6,6,100.0,0,0.3,0.2,-0.3,3,10,4,0,13
Éder Militão,BRA,DF,Real Madrid,26-292,1998,2.1,129,143,90.2,2815,1007,32,34,94.1,81,84,96.4,16,23,69.6,0,0.0,0.0,0.0,1,15,1,0,10
Enzo Millot,FRA,"FW,MF",Stuttgart,22-111,2002,2.8,119,139,85.6,1659,495,62,64,96.9,39,46,84.8,7,9,77.8,1,1.5,1.3,-0.5,10,14,6,2,22
Milson,ANG,FW,Red Star,25-024,1999,0.2,3,5,60.0,36,0,1,1,100.0,1,2,50.0,0,1,0.0,0,0.0,0.0,0.0,0,0,0,0,0
Ognjen Mimovic,SRB,DF,Red Star,20-080,2004,0.3,14,16,87.5,182,46,8,9,88.9,6,7,85.7,0,0,,0,0.1,0.0,-0.1,1,1,1,0,1
Kim Min-jae,KOR,DF,Bayern Munich,27-356,1996,2.7,233,241,96.7,3985,1514,103,105,98.1,110,111,99.1,16,19,84.2,0,0.0,0.0,0.0,0,18,0,0,17
Takumi Minamino,JPN,MF,Monaco,29-294,1995,2.8,55,80,68.8,751,240,35,45,77.8,16,22,72.7,1,3,33.3,1,0.2,0.2,+0.8,4,5,5,1,10
Bojan Miovski,MKD,FW,Girona,25-134,1999,1.6,20,23,87.0,266,5,11,12,91.7,8,8,100.0,0,0,,0,0.0,0.0,0.0,0,0,1,0,1
Juan Miranda,ESP,DF,Bologna,24-291,2000,1.1,37,53,69.8,619,223,15,17,88.2,18,25,72.0,3,5,60.0,0,0.0,0.0,0.0,0,3,0,0,4
Josip Mišić,CRO,MF,Dinamo Zagreb,30-130,1994,3.0,128,155,82.6,2463,707,50,59,84.7,59,65,90.8,15,22,68.2,1,0.3,0.2,+0.7,1,8,2,0,13
Jeyland Mitchell,CRC,DF,Feyenoord,20-037,2004,0.2,7,9,77.8,118,10,2,3,66.7,5,5,100.0,0,1,0.0,0,0.0,0.0,0.0,0,0,0,0,1
Maximilian Mittelstädt,GER,DF,Stuttgart,27-232,1997,3.0,166,201,82.6,2522,707,95,102,93.1,64,77,83.1,6,13,46.2,1,0.4,0.4,+0.6,6,5,5,4,10
Henrikh Mkhitaryan,ARM,MF,Inter,35-289,1989,1.6,106,112,94.6,1764,568,60,64,93.8,29,29,100.0,15,16,93.8,0,0.1,0.3,-0.1,2,12,4,0,18
Samy Mmaee,MAR,DF,Dinamo Zagreb,28-058,1996,1.0,33,40,82.5,742,321,11,12,91.7,17,18,94.4,5,9,55.6,0,0.0,0.0,0.0,0,3,0,0,1
Luka Modrić,CRO,MF,Real Madrid,39-057,1985,1.4,104,124,83.9,1735,547,52,57,91.2,41,47,87.2,8,17,47.1,1,0.7,1.1,+0.3,6,12,5,1,14
Nahuel Molina,ARG,"DF,MF",Atlético Madrid,26-213,1998,1.8,100,123,81.3,1403,417,58,66,87.9,31,39,79.5,5,9,55.6,0,0.1,0.1,-0.1,2,4,3,2,4
Joel Monteiro,SUI,"MF,FW",Young Boys,25-092,1999,2.9,35,59,59.3,769,229,13,25,52.0,12,16,75.0,7,10,70.0,0,0.1,0.1,-0.1,2,6,3,1,7
Álvaro Morata,ESP,FW,Milan,32-013,1992,2.1,33,41,80.5,494,58,15,16,93.8,14,15,93.3,1,5,20.0,1,0.1,0.1,+0.9,2,1,0,0,1
Leandro Morgalla,GER,DF,RB Salzburg,20-053,2004,0.8,26,40,65.0,353,154,14,18,77.8,10,13,76.9,0,3,0.0,0,0.0,0.0,0.0,0,3,1,0,7
Hidemasa Morita,JPN,MF,Sporting CP,29-179,1995,1.7,46,58,79.3,779,301,22,27,81.5,19,21,90.5,3,6,50.0,0,0.0,0.2,0.0,0,3,0,0,3
Nikola Moro,CRO,MF,Bologna,26-238,1998,2.0,59,82,72.0,1195,382,28,32,87.5,19,30,63.3,12,18,66.7,0,0.5,0.3,-0.5,4,8,1,1,8
Ngal'Ayel Mukau,,MF,Lille,19-341,2004,1.0,31,39,79.5,494,53,10,16,62.5,18,19,94.7,1,1,100.0,0,0.0,0.0,0.0,0,0,0,0,2
Nordi Mukiele,FRA,DF,Leverkusen,27-004,1997,0.8,47,55,85.5,696,260,31,34,91.2,14,14,100.0,2,5,40.0,0,0.0,0.0,0.0,0,2,0,0,3
Thomas Müller,GER,MF,Bayern Munich,35-053,1989,0.9,29,42,69.0,408,96,17,20,85.0,6,9,66.7,3,3,100.0,1,0.2,0.4,+0.8,3,2,2,1,3
Yunus Musah,USA,MF,Milan,21-342,2002,0.2,22,23,95.7,415,83,8,8,100.0,11,12,91.7,2,2,100.0,0,0.0,0.0,0.0,0,4,0,0,3
Jamal Musiala,GER,MF,Bayern Munich,21-253,2003,1.6,73,95,76.8,967,232,49,59,83.1,15,19,78.9,4,5,80.0,2,2.4,1.3,-0.4,9,7,6,0,12
Chris Nadje,FRA,MF,Feyenoord,23-083,2001,0.2,4,5,80.0,66,9,2,3,66.7,2,2,100.0,0,0,,0,0.0,0.0,0.0,0,1,0,0,2
Adamo Nagalo,BFA,DF,PSV Eindhoven,22-044,2002,0.1,3,3,100.0,56,36,1,1,100.0,2,2,100.0,0,0,,0,0.0,0.0,0.0,0,1,0,0,0
Cherif Ndiaye,SEN,FW,Red Star,28-287,1996,1.8,24,33,72.7,346,89,16,21,76.2,4,5,80.0,2,4,50.0,1,0.6,0.4,+0.4,1,3,1,0,4
Dan Ndoye,SUI,"FW,MF",Bologna,24-011,2000,2.7,62,83,74.7,986,231,33,37,89.2,26,32,81.3,3,8,37.5,0,0.7,1.0,-0.7,8,5,8,2,14
Manuel Neuer,GER,GK,Bayern Munich,38-223,1986,2.5,113,127,89.0,2685,1482,28,28,100.0,57,59,96.6,28,39,71.8,0,0.0,0.0,0.0,0,2,0,0,2
João Neves,POR,MF,Paris S-G,20-039,2004,2.3,169,186,90.9,2932,592,81,85,95.3,67,73,91.8,16,17,94.1,0,0.3,0.4,-0.3,4,22,4,0,22
Ivan Nevistić,CRO,GK,Dinamo Zagreb,26-097,1998,3.0,69,96,71.9,2168,1620,12,12,100.0,28,28,100.0,28,55,50.9,0,0.0,0.0,0.0,0,1,0,0,0
Newerton,BRA,"FW,MF",Shakhtar,19-155,2005,0.8,13,18,72.2,182,68,8,10,80.0,3,5,60.0,1,1,100.0,0,0.0,0.0,0.0,0,0,0,0,1
Cheikh Niasse,SEN,MF,Young Boys,24-291,2000,0.9,29,37,78.4,468,92,16,19,84.2,7,8,87.5,4,6,66.7,0,0.0,0.0,0.0,0,0,0,0,2
Casper Nielsen,DEN,MF,Club Brugge,30-190,1994,0.1,2,2,100.0,16,0,2,2,100.0,0,0,,0,0,,0,0.0,0.0,0.0,0,0,0,0,0
Gustaf Nilsson,SWE,FW,Club Brugge,27-166,1997,0.7,8,11,72.7,127,28,5,6,83.3,1,3,33.3,1,1,100.0,0,0.0,0.0,0.0,0,0,0,0,2
Felix Nmecha,GER,MF,Dortmund,24-026,2000,1.4,81,88,92.0,1240,352,39,43,90.7,33,34,97.1,3,4,75.0,1,0.3,0.1,+0.7,3,9,2,0,8
Alexander Nübel,GER,GK,Stuttgart,28-036,1996,3.0,86,110,78.2,1929,1375,28,28,100.0,43,45,95.6,15,37,40.5,0,0.0,0.0,0.0,0,2,0,0,0
Matheus Nunes,POR,MF,Manchester City,26-070,1998,2.0,126,141,89.4,1819,298,77,85,90.6,45,48,93.8,2,3,66.7,2,1.0,1.2,+1.0,5,4,5,2,13
Darwin Núñez,URU,FW,Liverpool,25-134,1999,1.7,23,37,62.2,404,78,9,14,64.3,12,14,85.7,2,6,33.3,0,0.1,0.0,-0.1,1,3,1,0,5
Antonio Nusa,NOR,MF,RB Leipzig,19-202,2005,1.7,26,41,63.4,389,160,16,20,80.0,7,13,53.8,2,5,40.0,0,0.3,0.6,-0.3,3,2,4,1,6
Jan Oblak,SVN,GK,Atlético Madrid,31-303,1993,3.0,48,54,88.9,1347,894,5,5,100.0,28,28,100.0,15,21,71.4,0,0.0,0.0,0.0,0,1,0,0,0
Jens Odgaard,DEN,FW,Bologna,25-219,1999,0.5,11,12,91.7,224,45,5,6,83.3,4,4,100.0,2,2,100.0,0,0.0,0.0,0.0,0,2,0,0,3
Takuya Ogiwara,JPN,DF,Dinamo Zagreb,24-348,1999,1.7,42,58,72.4,695,233,19,24,79.2,19,20,95.0,4,11,36.4,0,0.1,0.2,-0.1,1,1,1,1,1
Noah Okafor,SUI,"MF,FW",Milan,24-165,2000,0.4,20,21,95.2,295,49,10,11,90.9,9,9,100.0,1,1,100.0,1,0.5,0.5,+0.5,2,0,1,0,3
Victor Olatunji,NGA,FW,Sparta Prague,25-061,1999,1.6,7,13,53.8,129,44,3,5,60.0,3,6,50.0,1,1,100.0,1,0.7,0.3,+0.3,1,0,0,0,0
Peter Olayinka,NGA,"FW,DF",Red Star,28-353,1995,2.8,60,87,69.0,1007,365,31,41,75.6,19,26,73.1,8,15,53.3,0,0.1,0.1,-0.1,1,5,2,1,7
Michael Olise,FRA,"FW,MF",Bayern Munich,22-329,2001,2.1,118,154,76.6,1680,371,77,85,90.6,27,31,87.1,9,18,50.0,0,0.0,0.2,0.0,0,12,3,0,15
Dani Olmo,ESP,FW,Barcelona,26-182,1998,0.2,4,5,80.0,92,50,2,2,100.0,0,0,,2,2,100.0,0,0.1,0.2,-0.1,1,1,0,0,2
Amadou Onana,BEL,MF,Aston Villa,23-081,2001,2.2,71,76,93.4,1120,261,36,38,94.7,31,33,93.9,4,4,100.0,0,0.0,0.0,0.0,1,5,0,0,6
Raphael Onyedika,NGA,MF,Club Brugge,23-200,2001,2.4,116,132,87.9,2306,576,40,45,88.9,61,64,95.3,15,21,71.4,1,0.2,0.1,+0.8,4,13,2,0,9
Loïs Openda,BEL,FW,RB Leipzig,24-263,2000,3.0,32,45,71.1,506,139,16,23,69.6,11,13,84.6,3,5,60.0,1,0.8,0.5,+0.2,3,2,3,1,5
Willi Orban,HUN,DF,RB Leipzig,32-002,1992,3.0,161,183,88.0,2999,1085,57,62,91.9,90,97,92.8,14,21,66.7,0,0.0,0.0,0.0,0,6,0,0,3
Joel Ordóñez,ECU,DF,Club Brugge,20-198,2004,3.0,179,191,93.7,3729,1053,36,38,94.7,128,132,97.0,14,19,73.7,0,0.0,0.0,0.0,0,8,0,0,8
Riccardo Orsolini,ITA,"FW,MF",Bologna,27-286,1997,2.2,42,72,58.3,794,230,18,27,66.7,16,25,64.0,5,7,71.4,0,0.1,0.4,-0.1,2,2,3,1,11
Stefan Ortega,GER,GK,Manchester City,31-365,1992,2.0,43,46,93.5,945,671,4,4,100.0,31,31,100.0,8,11,72.7,0,0.0,0.0,0.0,0,0,0,0,1
Ibrahim Osman,GHA,FW,Feyenoord,19-342,2004,1.3,6,14,42.9,89,43,3,6,50.0,2,3,66.7,0,0,,0,0.0,0.1,0.0,0,1,1,0,2
Nicolás Otamendi,ARG,DF,Benfica,36-267,1988,3.0,199,209,95.2,3813,1282,72,75,96.0,98,100,98.0,27,31,87.1,0,0.0,0.0,0.0,0,2,0,0,7
Kassoum Ouattara,FRA,DF,Monaco,20-022,2004,0.1,3,8,37.5,57,44,2,2,100.0,0,2,0.0,1,3,33.3,0,0.0,0.0,0.0,0,0,0,0,0
Nico O’Reilly,ENG,FW,Manchester City,19-229,2005,0.1,2,2,100.0,14,0,1,1,100.0,0,0,,0,0,,0,0.0,0.0,0.0,0,0,0,0,0
Willian Pacho,ECU,DF,Paris S-G,23-020,2001,3.0,258,275,93.8,4905,1036,65,68,95.6,173,179,96.6,16,22,72.7,0,0.1,0.0,-0.1,1,6,0,0,6
Igor Paixão,BRA,FW,Feyenoord,24-130,2000,2.7,43,62,69.4,693,272,21,24,87.5,11,19,57.9,7,12,58.3,3,1.3,0.8,+1.7,8,2,2,0,6
Exequiel Palacios,ARG,MF,Leverkusen,26-031,1998,0.9,85,92,92.4,1158,418,58,63,92.1,20,22,90.9,5,5,100.0,0,0.0,0.1,0.0,0,7,1,0,6
João Palhinha,POR,MF,Bayern Munich,29-119,1995,0.8,36,41,87.8,614,94,16,17,94.1,14,14,100.0,4,6,66.7,0,0.0,0.0,0.0,0,4,0,0,3
Filip Panák,CZE,DF,Sparta Prague,29-003,1995,3.0,48,67,71.6,1069,400,15,17,88.2,22,27,81.5,10,20,50.0,1,0.2,0.0,+0.8,2,4,1,0,4
Thomas Partey,GHA,"MF,DF",Arsenal,31-145,1993,2.3,120,141,85.1,2024,547,58,60,96.7,56,68,82.4,6,11,54.5,0,0.0,0.1,0.0,1,12,1,0,9
Mario Pašalić,CRO,MF,Atalanta,29-270,1995,1.4,48,57,84.2,741,200,29,35,82.9,15,18,83.3,4,4,100.0,0,0.1,0.1,-0.1,2,5,2,2,6
Lukáš Pauschek,SVK,DF,Slovan Bratislava,31-332,1992,0.1,2,3,66.7,10,9,1,2,50.0,0,0,,0,0,,0,0.0,0.0,0.0,0,0,0,0,0
Benjamin Pavard,FRA,DF,Inter,28-222,1996,2.0,125,135,92.6,2258,624,55,59,93.2,53,58,91.4,16,17,94.1,0,0.4,0.1,-0.4,1,10,1,0,10
Vangelis Pavlidis,GRE,FW,Benfica,25-350,1998,2.4,44,57,77.2,668,109,19,24,79.2,15,21,71.4,4,5,80.0,0,0.1,0.0,-0.1,4,5,1,0,5
Aleksandar Pavlovic,GER,MF,Bayern Munich,20-186,2004,1.8,160,170,94.1,2278,612,91,94,96.8,50,54,92.6,10,10,100.0,0,0.0,0.2,0.0,2,18,4,0,20
Strahinja Pavlović,SRB,DF,Milan,23-165,2001,1.0,57,69,82.6,1016,323,23,26,88.5,31,35,88.6,3,7,42.9,0,0.0,0.0,0.0,0,2,1,1,1
Pedri,ESP,MF,Barcelona,21-346,2002,2.5,124,141,87.9,2319,537,50,55,90.9,52,57,91.2,18,23,78.3,1,0.2,0.4,+0.8,2,19,3,0,15
Pedrinho,BRA,FW,Shakhtar,26-206,1998,0.3,17,21,81.0,287,51,7,7,100.0,9,10,90.0,1,2,50.0,0,0.0,0.0,0.0,0,1,0,0,1
Pedrinho,BRA,DF,Shakhtar,22-117,2002,3.0,122,149,81.9,2045,669,64,70,91.4,46,55,83.6,8,13,61.5,0,0.0,0.3,0.0,0,5,2,0,4
Iñaki Peña,ESP,GK,Barcelona,25-248,1999,2.0,55,68,80.9,1199,721,11,11,100.0,36,36,100.0,8,21,38.1,0,0.0,0.0,0.0,0,0,0,0,0
Ricardo Pepi,USA,FW,PSV Eindhoven,21-301,2003,0.2,3,4,75.0,42,2,0,1,0.0,2,2,100.0,0,0,,0,0.0,0.0,0.0,0,0,0,0,0
Mathias Pereira Lage,POR,FW,Brest,27-341,1996,0.2,6,12,50.0,107,7,3,4,75.0,1,4,25.0,1,2,50.0,0,0.5,0.1,-0.5,1,0,0,0,0
Mattia Perin,ITA,GK,Juventus,31-361,1992,1.3,47,54,87.0,1346,889,4,4,100.0,30,30,100.0,13,20,65.0,0,0.0,0.0,0.0,0,0,0,0,0
Bruno Petković,CRO,FW,Dinamo Zagreb,30-050,1994,2.1,54,78,69.2,769,185,29,37,78.4,16,21,76.2,4,5,80.0,0,0.0,0.1,0.0,0,2,2,0,5
Jaden Philogene Bidace,ENG,FW,Aston Villa,22-271,2002,1.3,14,19,73.7,193,50,8,8,100.0,6,7,85.7,0,1,0.0,0,0.0,0.0,0.0,1,1,0,0,0
Kamil Piątkowski,POL,DF,RB Salzburg,24-137,2000,3.0,155,172,90.1,3265,1116,43,47,91.5,97,103,94.2,14,21,66.7,0,0.0,0.0,0.0,1,18,0,0,12
Ronaël Pierre-Gabriel,FRA,DF,Dinamo Zagreb,26-145,1998,1.9,46,57,80.7,624,349,29,33,87.9,13,15,86.7,2,6,33.3,0,0.2,0.1,-0.2,3,7,2,1,9
Marko Pjaca,CRO,FW,Dinamo Zagreb,29-183,1995,0.7,8,9,88.9,80,22,5,6,83.3,2,2,100.0,0,0,,1,0.2,0.5,+0.8,1,0,0,0,1
Tommaso Pobega,ITA,MF,Bologna,25-113,1999,0.3,13,15,86.7,244,17,5,5,100.0,7,8,87.5,1,1,100.0,0,0.0,0.0,0.0,0,0,0,0,1
Portu,ESP,"MF,FW",Girona,32-168,1992,0.5,10,12,83.3,127,59,5,7,71.4,3,3,100.0,0,0,,0,0.0,0.0,0.0,0,0,2,0,2
Stefan Posch,AUT,DF,Bologna,27-175,1997,3.0,109,145,75.2,1965,617,48,56,85.7,45,57,78.9,14,22,63.6,0,0.2,0.1,-0.2,4,9,2,1,9
Yussuf Poulsen,DEN,"FW,MF",RB Leipzig,30-143,1994,0.4,5,14,35.7,62,19,4,8,50.0,1,3,33.3,0,0,,0,0.1,0.3,-0.1,1,0,1,0,2
Ángelo Preciado,ECU,MF,Sparta Prague,26-261,1998,3.0,40,85,47.1,720,330,18,24,75.0,11,26,42.3,8,24,33.3,0,0.6,0.2,-0.6,5,2,2,2,3
Christian Pulisic,USA,FW,Milan,26-048,1998,2.9,103,121,85.1,1670,306,57,63,90.5,34,40,85.0,9,11,81.8,0,0.6,0.6,-0.6,8,4,4,1,17
Eduardo Quaresma,POR,DF,Sporting CP,22-248,2002,0.7,19,26,73.1,374,97,5,7,71.4,11,14,78.6,3,3,100.0,0,0.0,0.0,0.0,0,0,0,0,1
Geovany Quenda,POR,DF,Sporting CP,17-189,2007,1.9,54,70,77.1,984,230,19,22,86.4,29,36,80.6,6,10,60.0,0,0.3,0.1,-0.3,1,3,0,0,5
Nemanja Radonjić,SRB,MF,Red Star,28-264,1996,0.2,4,5,80.0,85,30,2,2,100.0,1,1,100.0,1,1,100.0,0,0.0,0.0,0.0,1,1,0,0,1
Anthony Ralston,SCO,DF,Celtic,25-355,1998,0.2,16,19,84.2,312,42,8,9,88.9,6,7,85.7,2,3,66.7,0,0.0,0.0,0.0,0,1,0,0,1
Jacob Ramsey,ENG,FW,Aston Villa,23-161,2001,1.6,53,58,91.4,708,192,31,32,96.9,18,20,90.0,1,2,50.0,0,0.3,0.3,-0.3,3,3,5,0,11
Raphinha,BRA,"FW,MF",Barcelona,27-327,1996,2.8,78,118,66.1,1496,410,34,41,82.9,29,41,70.7,14,25,56.0,1,1.5,0.6,-0.5,9,8,7,1,19
Petar Ratkov,SRB,"MF,FW",RB Salzburg,21-079,2003,0.1,1,1,100.0,10,4,1,1,100.0,0,0,,0,0,,0,0.0,0.0,0.0,0,0,1,0,1
David Raum,GER,DF,RB Leipzig,26-197,1998,2.0,85,109,78.0,1438,695,47,54,87.0,30,35,85.7,8,16,50.0,0,0.9,1.1,-0.9,6,4,4,4,3
David Raya,ESP,GK,Arsenal,29-051,1995,3.0,70,102,68.6,1974,1426,11,12,91.7,39,39,100.0,20,51,39.2,0,0.0,0.0,0.0,0,4,0,0,0
Tijjani Reijnders,NED,MF,Milan,26-099,1998,3.0,111,121,91.7,1746,337,62,66,93.9,41,41,100.0,7,10,70.0,0,0.2,0.2,-0.2,3,13,3,0,13
Matheus Reis,BRA,DF,Sporting CP,29-261,1995,1.3,64,73,87.7,1091,535,29,32,90.6,30,33,90.9,5,7,71.4,0,0.0,0.1,0.0,1,3,1,1,5
Mateo Retegui,ITA,FW,Atalanta,25-190,1999,1.7,20,34,58.8,286,21,7,14,50.0,7,9,77.8,2,3,66.7,0,0.2,0.8,-0.2,3,1,0,0,0
Alexsandro Ribeiro,BRA,DF,Lille,25-088,1999,3.0,120,153,78.4,2141,807,51,55,92.7,61,71,85.9,7,17,41.2,0,0.0,0.2,0.0,0,5,0,0,2
Declan Rice,ENG,MF,Arsenal,25-296,1999,3.0,134,150,89.3,2076,488,66,67,98.5,59,61,96.7,5,13,38.5,0,0.0,0.1,0.0,1,10,1,0,11
Fabian Rieder,SUI,"FW,MF",Stuttgart,22-263,2002,0.6,25,36,69.4,454,207,11,14,78.6,10,10,100.0,4,11,36.4,0,0.2,0.2,-0.2,4,0,2,1,2
Rodrigo Riquelme,ESP,DF,Atlético Madrid,24-217,2000,0.7,29,37,78.4,385,125,18,22,81.8,6,8,75.0,2,2,100.0,0,0.2,0.2,-0.2,3,4,2,1,2
Stefan Ristovski,MKD,DF,Dinamo Zagreb,32-267,1992,3.0,111,143,77.6,1873,866,53,63,84.1,44,55,80.0,11,17,64.7,2,0.6,0.4,+1.4,5,6,2,2,9
Dmytro Riznyk,UKR,GK,Shakhtar,25-280,1999,3.0,123,170,72.4,3020,2094,30,30,100.0,60,62,96.8,33,78,42.3,0,0.0,0.0,0.0,0,3,0,0,0
Andrew Robertson,SCO,DF,Liverpool,30-239,1994,1.0,44,55,80.0,769,312,22,24,91.7,19,21,90.5,3,9,33.3,0,0.1,0.0,-0.1,2,10,0,0,7
Milan Rodić,SRB,DF,Red Star,33-217,1991,0.4,8,11,72.7,134,80,5,6,83.3,2,2,100.0,1,3,33.3,0,0.0,0.0,0.0,0,0,0,0,0
Rodri,ESP,MF,Manchester City,28-136,1996,1.0,82,89,92.1,1282,356,47,50,94.0,23,26,88.5,9,9,100.0,0,0.0,0.2,0.0,1,10,3,0,7
Rodrygo,BRA,FW,Real Madrid,23-301,2001,1.8,61,76,80.3,848,222,36,40,90.0,16,19,84.2,4,10,40.0,1,1.0,0.7,0.0,4,6,1,1,10
Marko Rog,CRO,MF,Dinamo Zagreb,29-109,1995,1.2,28,34,82.4,339,81,15,17,88.2,8,9,88.9,1,3,33.3,1,0.0,0.0,+1.0,1,0,0,0,1
Morgan Rogers,ENG,MF,Aston Villa,22-102,2002,3.0,66,89,74.2,920,346,35,46,76.1,26,34,76.5,2,3,66.7,1,1.3,0.6,-0.3,9,12,6,1,17
Benjamín Rollheiser,ARG,"MF,FW",Benfica,24-226,2000,0.8,35,38,92.1,477,119,21,21,100.0,8,10,80.0,3,3,100.0,0,0.2,0.3,-0.2,4,4,2,0,6
Oriol Romeu,ESP,MF,Girona,33-042,1991,1.0,33,40,82.5,477,91,17,20,85.0,14,15,93.3,0,2,0.0,0,0.0,0.0,0.0,0,4,0,0,1
Marten de Roon,NED,"MF,DF",Atalanta,33-221,1991,3.0,188,208,90.4,3369,886,76,79,96.2,97,103,94.2,13,16,81.3,0,0.1,0.2,-0.1,3,20,2,0,35
Anthony Rouault,FRA,DF,Stuttgart,23-160,2001,3.0,148,163,90.8,2438,982,70,72,97.2,71,74,95.9,5,14,35.7,0,0.1,0.1,-0.1,2,16,3,0,18
Jonas Rouhi,SWE,DF,Juventus,20-303,2004,0.0,3,3,100.0,44,2,1,1,100.0,2,2,100.0,0,0,,0,0.0,0.0,0.0,0,0,0,0,0
Albion Rrahmani,KVX,FW,Sparta Prague,24-066,2000,1.4,12,19,63.2,222,90,5,9,55.6,4,6,66.7,2,2,100.0,0,0.3,0.0,-0.3,1,3,0,0,2
Antonio Rüdiger,GER,DF,Real Madrid,31-247,1993,3.0,184,199,92.5,3618,1150,47,48,97.9,118,123,95.9,17,24,70.8,0,0.2,0.4,-0.2,1,8,2,0,9
Matteo Ruggeri,ITA,DF,Atalanta,22-117,2002,1.1,53,67,79.1,881,299,29,35,82.9,17,21,81.0,5,5,100.0,0,0.2,0.3,-0.2,2,6,3,3,9
Fabián Ruiz Peña,ESP,MF,Paris S-G,28-216,1996,1.6,61,74,82.4,943,168,33,37,89.2,23,26,88.5,2,4,50.0,1,0.1,0.0,+0.9,3,2,0,0,8
Julian Ryerson,NOR,DF,Dortmund,26-354,1997,2.8,111,126,88.1,1541,385,68,72,94.4,37,43,86.0,3,7,42.9,0,0.2,0.2,-0.2,3,5,1,1,6
Matěj Ryneš,CZE,MF,Sparta Prague,23-159,2001,2.2,31,46,67.4,452,192,18,21,85.7,11,12,91.7,1,6,16.7,0,0.3,0.4,-0.3,2,4,2,1,4
Kyriani Sabbe,BEL,DF,Club Brugge,19-289,2005,0.7,26,29,89.7,394,162,16,16,100.0,9,10,90.0,1,1,100.0,0,0.1,0.0,-0.1,1,2,1,0,3
Marcel Sabitzer,AUT,"MF,FW",Dortmund,30-233,1994,2.0,75,86,87.2,1059,155,45,48,93.8,22,24,91.7,3,6,50.0,0,0.0,0.1,0.0,1,3,0,0,6
Lukáš Sadílek,CZE,MF,Sparta Prague,28-166,1996,0.3,2,4,50.0,34,25,1,2,50.0,1,2,50.0,0,0,,0,0.0,0.0,0.0,0,0,1,0,1
Matvei Safonov,RUS,GK,Paris S-G,25-254,1999,1.0,20,25,80.0,383,215,9,9,100.0,7,7,100.0,4,9,44.4,0,0.0,0.0,0.0,0,0,0,0,0
Osame Sahraoui,MAR,MF,Lille,23-147,2001,1.0,26,32,81.3,307,73,16,19,84.2,7,9,77.8,0,1,0.0,0,0.0,0.1,0.0,0,1,1,0,6
Ismael Saibari,MAR,MF,PSV Eindhoven,23-282,2001,2.0,57,71,80.3,992,278,28,34,82.4,22,25,88.0,7,9,77.8,1,0.3,0.1,+0.7,3,4,0,0,7
Bukayo Saka,ENG,"MF,FW",Arsenal,23-061,2001,1.8,41,54,75.9,516,206,27,32,84.4,10,12,83.3,1,6,16.7,0,0.1,0.6,-0.1,1,2,2,0,8
Ibrahim Salah,MAR,FW,Brest,23-067,2001,0.2,9,10,90.0,137,24,5,5,100.0,4,4,100.0,0,1,0.0,0,0.1,0.1,-0.1,1,1,1,1,1
Mohamed Salah,EGY,FW,Liverpool,32-143,1992,2.7,52,74,70.3,856,290,28,33,84.8,16,24,66.7,6,8,75.0,2,1.8,0.6,+0.2,5,4,5,1,11
William Saliba,FRA,DF,Arsenal,23-226,2001,3.0,182,198,91.9,3193,846,81,83,97.6,89,99,89.9,11,14,78.6,0,0.0,0.0,0.0,0,10,0,0,6
Mohammed Salisu,GHA,DF,Monaco,25-202,1999,2.0,111,130,85.4,2355,1235,36,38,94.7,58,62,93.5,17,26,65.4,0,0.0,0.0,0.0,0,13,0,0,9
Lazar Samardzic,SRB,"MF,FW",Atalanta,22-255,2002,1.4,51,67,76.1,727,252,29,32,90.6,15,22,68.2,4,9,44.4,0,0.4,0.3,-0.4,7,4,2,0,7
Mama Samba Baldé,GNB,FW,Brest,28-365,1995,0.6,15,18,83.3,283,61,8,11,72.7,6,6,100.0,1,1,100.0,1,0.2,0.0,+0.8,2,0,0,0,1
Renato Sanches,POR,MF,Benfica,27-079,1997,0.2,7,11,63.6,102,14,4,4,100.0,3,3,100.0,0,3,0.0,0,0.0,0.0,0.0,0,0,1,0,1
Leroy Sané,GER,"FW,MF",Bayern Munich,28-299,1996,0.9,34,41,82.9,407,100,23,24,95.8,5,5,100.0,2,5,40.0,0,0.1,0.1,-0.1,2,3,2,0,3
Nuno Santos,POR,DF,Sporting CP,29-266,1995,1.8,102,122,83.6,1800,506,44,49,89.8,49,59,83.1,9,12,75.0,0,0.1,0.2,-0.1,3,9,3,0,12
Tiago Santos,POR,DF,Lille,22-105,2002,1.3,47,62,75.8,850,224,20,23,87.0,23,29,79.3,4,8,50.0,0,0.0,0.0,0.0,1,2,1,1,5
Sávio,BRA,"FW,MF",Manchester City,20-209,2004,2.5,110,134,82.1,1651,345,66,73,90.4,40,50,80.0,4,6,66.7,1,0.8,1.2,+0.2,8,1,11,2,11
Nicolò Savona,ITA,DF,Juventus,21-231,2003,1.3,54,60,90.0,879,188,30,32,93.8,19,21,90.5,5,6,83.3,0,0.0,0.0,0.0,0,4,0,0,2
Kyriakos Savvidis,GRE,MF,Slovan Bratislava,29-138,1995,2.1,57,65,87.7,836,171,29,33,87.9,25,26,96.2,2,2,100.0,0,0.0,0.0,0.0,0,1,0,0,4
Liam Scales,IRL,DF,Celtic,26-089,1998,3.0,186,201,92.5,3270,1390,72,74,97.3,107,112,95.5,6,11,54.5,0,0.0,0.0,0.0,0,11,0,0,13
Kjell Scherpen,NED,GK,Sturm Graz,24-287,2000,3.0,66,91,72.5,1837,1299,7,7,100.0,35,35,100.0,24,48,50.0,0,0.0,0.0,0.0,0,1,0,0,0
Patrik Schick,CZE,FW,Leverkusen,28-286,1996,1.0,19,23,82.6,250,21,10,12,83.3,7,8,87.5,0,0,,0,0.1,0.0,-0.1,1,0,0,0,0
Andreas Schjelderup,NOR,DF,Benfica,20-157,2004,0.0,5,5,100.0,83,25,2,2,100.0,3,3,100.0,0,0,,0,0.0,0.0,0.0,0,0,0,0,1
Alexander Schlager,AUT,GK,RB Salzburg,28-278,1996,0.7,16,17,94.1,450,320,2,2,100.0,7,7,100.0,7,8,87.5,0,0.0,0.0,0.0,0,0,0,0,0
Nico Schlotterbeck,GER,DF,Dortmund,24-340,1999,3.0,268,298,89.9,4989,2116,120,128,93.8,121,126,96.0,25,36,69.4,1,0.2,0.2,+0.8,2,29,3,0,22
Kasper Schmeichel,DEN,GK,Celtic,38-000,1986,3.0,91,109,83.5,2247,1556,17,17,100.0,52,52,100.0,22,39,56.4,0,0.0,0.0,0.0,0,2,0,0,0
Konstantin Schopp,AUT,DF,Sturm Graz,18-311,2005,0.0,3,3,100.0,40,15,2,2,100.0,1,1,100.0,0,0,,0,0.0,0.0,0.0,0,0,0,0,0
Jerdy Schouten,NED,MF,PSV Eindhoven,27-298,1997,2.0,115,132,87.1,1763,496,64,70,91.4,44,50,88.0,6,10,60.0,0,0.1,0.1,-0.1,2,12,0,0,16
Nicolas Seiwald,AUT,MF,RB Leipzig,23-185,2001,1.3,37,41,90.2,608,292,18,19,94.7,11,12,91.7,5,6,83.3,0,0.0,0.0,0.0,0,4,1,0,4
Javier Serrano,ESP,MF,Atlético Madrid,21-294,2003,0.5,27,29,93.1,398,83,14,15,93.3,12,12,100.0,0,0,,0,0.0,0.0,0.0,0,4,0,0,3
Benjamin Šeško,SVN,FW,RB Leipzig,21-158,2003,2.6,23,39,59.0,275,58,12,16,75.0,5,8,62.5,1,3,33.3,0,0.0,0.0,0.0,1,2,0,0,2
Joaquin Seys,BEL,DF,Club Brugge,19-222,2005,2.3,116,136,85.3,2072,594,47,54,87.0,64,67,95.5,5,14,35.7,0,0.0,0.1,0.0,1,5,2,1,7
Zuberu Sharani,GHA,"DF,MF",Slovan Bratislava,24-303,2000,1.3,17,26,65.4,201,52,12,14,85.7,4,7,57.1,1,3,33.3,0,0.0,0.0,0.0,0,0,0,0,0
Danylo Sikan,UKR,FW,Shakhtar,23-203,2001,1.1,17,19,89.5,258,35,11,12,91.7,4,4,100.0,2,2,100.0,0,0.1,0.0,-0.1,1,0,0,0,1
André Silva,POR,FW,RB Leipzig,28-365,1995,0.0,0,0,,0,0,0,0,,0,0,,0,0,,0,0.0,0.0,0.0,0,0,0,0,0
António Silva,POR,DF,Benfica,21-006,2003,1.1,25,36,69.4,543,224,6,9,66.7,12,16,75.0,6,10,60.0,0,0.0,0.0,0.0,0,3,1,0,1
Bernardo Silva,POR,"MF,FW",Manchester City,30-087,1994,1.6,84,96,87.5,1241,167,47,49,95.9,32,37,86.5,2,3,66.7,0,0.1,0.3,-0.1,1,3,3,0,11
Caio Henrique Oliveira Silva,BRA,"DF,MF",Monaco,27-097,1997,2.0,107,142,75.4,1831,583,59,66,89.4,39,53,73.6,9,19,47.4,0,0.7,0.7,-0.7,4,5,4,0,9
Abdallah Sima,SEN,FW,Brest,23-141,2001,2.5,37,65,56.9,483,72,26,37,70.3,10,18,55.6,0,2,0.0,0,0.0,0.1,0.0,0,0,2,0,4
Giuliano Simeone,ARG,"FW,DF",Atlético Madrid,21-323,2002,0.5,14,24,58.3,196,38,8,10,80.0,5,8,62.5,0,3,0.0,0,0.0,0.0,0.0,0,1,1,0,1
Xavi Simons,NED,MF,RB Leipzig,21-198,2003,2.8,104,138,75.4,1534,415,60,70,85.7,26,37,70.3,9,15,60.0,0,0.7,0.7,-0.7,6,10,7,2,16
Wilfried Singo,CIV,DF,Monaco,23-316,2000,2.0,113,133,85.0,2101,843,41,41,100.0,64,74,86.5,8,16,50.0,1,0.5,0.4,+0.5,2,19,0,0,12
Michał Skóraś,POL,"MF,FW",Club Brugge,24-264,2000,0.7,19,25,76.0,308,111,9,10,90.0,9,11,81.8,1,3,33.3,0,0.3,0.1,-0.3,3,2,1,0,6
Łukasz Skorupski,POL,GK,Bologna,33-184,1991,3.0,89,105,84.8,1993,1095,19,19,100.0,51,52,98.1,17,32,53.1,0,0.0,0.0,0.0,0,0,0,0,0
Andreas Skov Olsen,DEN,MF,Club Brugge,24-312,1999,1.7,54,74,73.0,1052,324,24,31,77.4,23,32,71.9,7,8,87.5,0,0.3,0.2,-0.3,4,10,2,1,11
Gijs Smal,NED,DF,Feyenoord,27-066,1997,0.5,23,29,79.3,303,14,15,16,93.8,8,11,72.7,0,0,,0,0.0,0.0,0.0,0,0,0,0,0
Markus Solbakken,NOR,MF,Sparta Prague,24-103,2000,0.0,0,0,,0,0,0,0,,0,0,,0,0,,0,0.0,0.0,0.0,0,0,0,0,0
Jhon Solis,COL,MF,Girona,20-033,2004,0.4,8,10,80.0,120,26,3,4,75.0,3,3,100.0,1,1,100.0,0,0.0,0.0,0.0,0,1,0,0,0
Yann Sommer,SUI,GK,Inter,35-324,1988,3.0,131,149,87.9,2786,1590,40,40,100.0,68,71,95.8,23,37,62.2,0,0.0,0.0,0.0,0,0,0,0,0
Uroš Spajić,SRB,DF,Red Star,31-266,1993,3.0,116,127,91.3,2320,780,26,27,96.3,79,84,94.0,10,14,71.4,0,0.1,0.0,-0.1,1,2,0,0,0
Dario Špikić,CRO,DF,Dinamo Zagreb,25-228,1999,0.2,5,7,71.4,57,27,4,6,66.7,1,1,100.0,0,0,,0,0.0,0.0,0.0,0,0,0,0,0
Jerry St. Juste,NED,DF,Sporting CP,28-017,1996,0.2,8,8,100.0,177,39,1,1,100.0,5,5,100.0,2,2,100.0,0,0.0,0.0,0.0,0,1,0,0,0
Pascal Stenzel,GER,DF,Stuttgart,28-230,1996,0.7,23,32,71.9,375,96,14,17,82.4,7,10,70.0,2,4,50.0,0,0.0,0.0,0.0,0,0,1,0,3
Taras Stepanenko,UKR,MF,Shakhtar,35-089,1989,0.8,17,21,81.0,255,30,7,8,87.5,8,9,88.9,1,1,100.0,0,0.0,0.0,0.0,1,1,0,0,0
Raheem Sterling,ENG,"FW,MF",Arsenal,29-333,1994,0.5,13,20,65.0,121,48,10,13,76.9,1,1,100.0,0,0,,0,0.5,0.3,-0.5,1,1,2,0,2
Angelo Stiller,GER,MF,Stuttgart,23-215,2001,3.0,243,279,87.1,3675,1274,127,139,91.4,103,110,93.6,8,18,44.4,0,0.3,0.6,-0.3,7,35,3,1,31
Luka Stojkovic,CRO,MF,Dinamo Zagreb,21-008,2003,0.5,27,31,87.1,441,113,16,16,100.0,7,8,87.5,4,7,57.1,0,0.1,0.0,-0.1,2,0,0,0,1
John Stones,ENG,DF,Manchester City,30-161,1994,1.8,185,189,97.9,3034,840,96,99,97.0,79,79,100.0,10,11,90.9,0,0.1,0.2,-0.1,2,27,1,0,18
Dávid Strelec,SVK,FW,Slovan Bratislava,23-215,2001,2.7,47,62,75.8,655,157,27,31,87.1,12,15,80.0,4,5,80.0,0,0.2,0.2,-0.2,2,1,1,0,2
Cristhian Stuani,URU,FW,Girona,38-024,1986,1.8,19,24,79.2,235,6,14,18,77.8,4,4,100.0,0,0,,0,0.0,0.0,0.0,0,1,0,0,1
Petar Sucic,CRO,MF,Dinamo Zagreb,21-011,2003,2.0,48,73,65.8,769,327,23,35,65.7,19,24,79.2,3,6,50.0,0,0.0,0.1,0.0,1,8,3,1,9
Heorhiy Sudakov,UKR,MF,Shakhtar,22-065,2002,2.9,126,156,80.8,2058,623,58,65,89.2,58,65,89.2,7,16,43.8,0,0.2,0.4,-0.2,3,8,6,2,15
Niklas Süle,GER,DF,Dortmund,29-063,1995,2.0,162,167,97.0,2717,847,78,80,97.5,74,75,98.7,10,11,90.9,0,0.0,0.1,0.0,1,13,1,0,16
Dominik Szoboszlai,HUN,MF,Liverpool,24-011,2000,2.9,126,155,81.3,1955,317,70,78,89.7,45,57,78.9,7,12,58.3,1,0.5,0.5,+0.5,5,9,1,0,17
Július Szöke,SVK,MF,Slovan Bratislava,29-096,1995,0.4,4,6,66.7,50,4,2,3,66.7,2,2,100.0,0,1,0.0,0,0.0,0.0,0.0,0,0,0,0,0
Asger Sørensen,DEN,DF,Sparta Prague,28-153,1996,1.0,21,24,87.5,414,196,6,8,75.0,13,13,100.0,2,3,66.7,0,0.0,0.0,0.0,0,0,0,0,1
Alexander Sørloth,NOR,FW,Atlético Madrid,28-336,1995,1.5,22,34,64.7,258,43,15,21,71.4,6,11,54.5,0,1,0.0,0,0.0,0.0,0.0,0,1,0,0,2
Jonathan Tah,GER,DF,Leverkusen,28-268,1996,3.0,196,207,94.7,3504,1265,80,82,97.6,93,96,96.9,21,26,80.8,0,0.0,0.3,0.0,0,5,2,1,6
Dominik Takáč,SVK,GK,Slovan Bratislava,25-298,1999,3.0,39,66,59.1,1015,668,10,10,100.0,18,19,94.7,11,36,30.6,0,0.0,0.0,0.0,0,1,0,0,0
Chemsdine Talbi,BEL,MF,Club Brugge,19-180,2005,0.6,13,13,100.0,166,26,10,10,100.0,3,3,100.0,0,0,,0,0.0,0.1,0.0,0,0,0,0,0
Edmond Tapsoba,BFA,DF,Leverkusen,25-277,1999,2.2,110,130,84.6,1985,653,49,55,89.1,49,53,92.5,12,19,63.2,0,0.0,0.1,0.0,0,14,0,0,8
Mehdi Taremi,IRN,FW,Inter,32-110,1992,2.8,37,51,72.5,471,151,26,32,81.3,8,9,88.9,2,5,40.0,2,1.5,0.6,+0.5,7,2,7,0,8
Greg Taylor,SCO,DF,Celtic,27-000,1997,1.5,63,81,77.8,993,367,41,48,85.4,17,23,73.9,5,7,71.4,0,0.1,0.2,-0.1,1,4,1,0,8
Aurélien Tchouaméni,FRA,"MF,DF",Real Madrid,24-283,2000,1.8,103,113,91.2,1913,591,39,41,95.1,52,55,94.5,11,15,73.3,0,0.0,0.0,0.0,0,7,0,0,13
Mathys Tel,FRA,MF,Bayern Munich,19-192,2005,0.1,3,5,60.0,48,9,2,2,100.0,1,3,33.3,0,0,,0,0.0,0.0,0.0,0,0,0,0,0
Nathan Tella,NGA,FW,Leverkusen,25-123,1999,0.7,16,21,76.2,285,59,8,10,80.0,7,9,77.8,1,1,100.0,0,0.2,0.1,-0.2,2,1,2,2,2
Marc-André ter Stegen,GER,GK,Barcelona,32-189,1992,1.0,39,56,69.6,1041,785,4,5,80.0,23,27,85.2,12,24,50.0,0,0.0,0.0,0.0,0,0,0,0,0
Martin Terrier,FRA,MF,Leverkusen,27-246,1997,1.1,15,22,68.2,218,69,11,13,84.6,3,5,60.0,1,1,100.0,0,0.0,0.0,0.0,0,0,1,0,1
Aleksa Terzić,SRB,DF,RB Salzburg,25-080,1999,0.9,44,60,73.3,598,171,29,34,85.3,10,12,83.3,2,7,28.6,0,0.0,0.0,0.0,0,3,1,1,2
Kévin Théophile-Catherine,FRA,DF,Dinamo Zagreb,35-008,1989,3.0,52,68,76.5,894,273,23,27,85.2,27,33,81.8,2,6,33.3,0,0.0,0.0,0.0,0,3,0,0,2
Malick Thiaw,GER,DF,Milan,23-089,2001,0.1,15,15,100.0,258,96,9,9,100.0,4,4,100.0,2,2,100.0,0,0.0,0.0,0.0,0,2,0,0,1
Khéphren Thuram,FRA,MF,Juventus,23-224,2001,1.4,39,47,83.0,584,175,23,25,92.0,14,15,93.3,2,5,40.0,0,0.0,0.1,0.0,0,2,1,0,3
Marcus Thuram,FRA,FW,Inter,27-091,1997,0.9,15,17,88.2,167,65,12,13,92.3,2,3,66.7,0,0,,0,0.1,0.3,-0.1,2,3,1,0,4
Youri Tielemans,BEL,MF,Aston Villa,27-182,1997,2.8,115,141,81.6,1844,591,54,60,90.0,49,60,81.7,8,12,66.7,1,0.2,0.2,+0.8,3,12,0,0,15
Guus Til,NED,MF,PSV Eindhoven,26-319,1997,2.5,54,72,75.0,729,102,33,38,86.8,17,23,73.9,2,3,66.7,0,0.0,0.0,0.0,0,6,0,0,7
Malik Tillman,USA,"FW,MF",PSV Eindhoven,22-161,2002,3.0,105,121,86.8,1780,458,45,47,95.7,47,49,95.9,9,16,56.3,0,0.3,0.3,-0.3,5,5,5,2,12
Jurriën Timber,NED,DF,Arsenal,23-141,2001,1.3,55,65,84.6,839,255,29,31,93.5,25,28,89.3,1,2,50.0,0,0.0,0.0,0.0,0,1,0,0,2
Quinten Timber,NED,MF,Feyenoord,23-141,2001,3.0,85,99,85.9,1169,276,48,52,92.3,31,33,93.9,1,6,16.7,1,0.1,0.2,+0.9,2,5,3,0,8
Vinicius Tobias,BRA,DF,Shakhtar,20-256,2004,0.6,23,25,92.0,355,45,10,11,90.9,13,14,92.9,0,0,,0,0.0,0.0,0.0,0,1,0,0,0
Marko Tolić,CRO,MF,Slovan Bratislava,28-123,1996,2.8,90,121,74.4,1362,368,46,53,86.8,30,37,81.1,6,15,40.0,1,0.1,0.1,+0.9,2,6,1,0,8
Fikayo Tomori,ENG,DF,Milan,26-322,1997,2.9,250,267,93.6,3961,1455,129,136,94.9,111,115,96.5,8,13,61.5,0,0.0,0.1,0.0,0,18,0,0,11
Pablo Torre,ESP,MF,Barcelona,21-216,2003,0.1,4,4,100.0,48,35,4,4,100.0,0,0,,0,0,,0,0.0,0.0,0.0,0,0,0,0,0
Raúl Torrente,ESP,DF,Dinamo Zagreb,23-055,2001,2.0,62,83,74.7,1186,419,25,29,86.2,30,35,85.7,7,17,41.2,0,0.0,0.0,0.0,0,5,0,0,0
Ferrán Torres,ESP,FW,Barcelona,24-250,2000,1.1,23,27,85.2,397,26,7,9,77.8,12,13,92.3,1,1,100.0,0,0.1,0.0,-0.1,1,1,0,0,0
Pau Torres,ESP,DF,Aston Villa,27-294,1997,3.0,129,142,90.8,2397,1037,43,46,93.5,81,84,96.4,5,12,41.7,1,0.0,0.0,+1.0,1,8,0,0,6
Lorenzo Torriani,ITA,GK,Milan,19-279,2005,0.4,12,15,80.0,283,176,2,2,100.0,7,7,100.0,3,6,50.0,0,0.0,0.0,0.0,0,0,0,0,0
Ousmane Toure,FRA,DF,Lille,19-261,2005,0.5,16,21,76.2,429,84,3,5,60.0,10,11,90.9,3,3,100.0,0,0.0,0.0,0.0,0,0,0,0,3
Gernot Trauner,AUT,DF,Feyenoord,32-225,1992,2.0,111,123,90.2,2111,744,29,33,87.9,72,75,96.0,8,13,61.5,0,0.0,0.0,0.0,0,10,0,0,6
Francisco Trincão,POR,MF,Sporting CP,24-312,1999,2.8,61,78,78.2,909,289,32,38,84.2,25,28,89.3,2,6,33.3,0,0.6,0.2,-0.6,6,3,0,0,9
Leandro Trossard,BEL,FW,Arsenal,29-337,1994,2.1,56,73,76.7,992,306,24,26,92.3,22,29,75.9,8,14,57.1,1,0.2,0.9,+0.8,1,5,4,2,8
Anatolii Trubin,UKR,GK,Benfica,23-096,2001,3.0,74,92,80.4,1637,1060,17,17,100.0,45,45,100.0,12,30,40.0,0,0.0,0.0,0.0,0,1,0,0,0
Auston Trusty,USA,DF,Celtic,26-085,1998,2.1,97,102,95.1,1554,580,48,49,98.0,46,48,95.8,2,4,50.0,0,0.0,0.0,0.0,0,2,0,0,2
Kostas Tsimikas,GRE,DF,Liverpool,28-177,1996,2.0,129,147,87.8,2205,720,62,62,100.0,54,61,88.5,12,22,54.5,1,0.5,0.6,+0.5,4,6,0,0,15
Viktor Tsyhankov,UKR,FW,Girona,26-356,1997,1.3,28,40,70.0,420,120,18,21,85.7,8,10,80.0,2,7,28.6,0,0.3,0.3,-0.3,3,2,0,0,3
Christos Tzolis,GRE,MF,Club Brugge,22-280,2002,2.7,80,91,87.9,1346,253,47,50,94.0,24,30,80.0,8,8,100.0,0,0.4,0.5,-0.4,3,5,4,0,11
Ayase Ueda,JPN,"FW,MF",Feyenoord,26-056,1998,1.9,15,22,68.2,218,37,9,11,81.8,6,8,75.0,0,1,0.0,0,0.0,0.0,0.0,0,1,0,0,3
Filip Ugrinic,SUI,MF,Young Boys,25-305,1999,2.6,107,128,83.6,1770,480,54,58,93.1,45,49,91.8,7,13,53.8,0,0.4,0.4,-0.4,6,6,1,0,10
Sven Ulreich,GER,GK,Bayern Munich,36-094,1988,0.5,14,14,100.0,236,144,7,7,100.0,6,6,100.0,1,1,100.0,0,0.0,0.0,0.0,0,0,0,0,0
Deniz Undav,GER,"MF,FW",Stuttgart,28-109,1996,2.6,39,57,68.4,516,143,21,29,72.4,11,13,84.6,2,3,66.7,0,0.8,0.1,-0.8,3,4,2,0,6
Dayot Upamecano,FRA,DF,Bayern Munich,26-009,1998,3.0,214,226,94.7,4168,1433,68,70,97.1,127,131,96.9,18,21,85.7,0,0.1,0.0,-0.1,1,8,0,0,11
Kacper Urbanski,POL,MF,Bologna,20-059,2004,1.5,43,57,75.4,733,175,24,31,77.4,13,15,86.7,5,9,55.6,0,0.0,0.1,0.0,0,3,1,0,6
Josha Vagnoman,GER,DF,Stuttgart,23-330,2000,1.7,54,60,90.0,807,229,31,33,93.9,21,22,95.5,2,3,66.7,0,0.2,0.2,-0.2,2,2,2,1,5
Álex Valle,ESP,DF,Celtic,20-194,2004,1.5,66,85,77.6,933,405,48,52,92.3,14,21,66.7,3,6,50.0,0,0.2,0.1,-0.2,2,8,1,0,6
Federico Valverde,URU,MF,Real Madrid,26-106,1998,3.0,139,153,90.8,2212,515,75,77,97.4,50,54,92.6,10,14,71.4,0,0.1,0.2,-0.1,2,12,2,0,12
Virgil van Dijk,NED,DF,Liverpool,33-120,1991,3.0,193,214,90.2,3620,1438,80,85,94.1,95,103,92.2,17,23,73.9,0,0.0,0.1,0.0,1,6,1,0,10
Hans Vanaken,BEL,"MF,FW",Club Brugge,32-073,1992,3.0,153,171,89.5,2766,660,74,81,91.4,60,65,92.3,18,21,85.7,0,0.1,0.3,-0.1,4,12,1,0,21
Vanderson,BRA,DF,Monaco,23-137,2001,2.8,159,200,79.5,2920,887,78,84,92.9,59,74,79.7,21,33,63.6,2,0.7,0.4,+1.3,6,16,3,1,17
Lucas Vázquez,ESP,DF,Real Madrid,33-127,1991,1.5,83,101,82.2,1257,275,37,42,88.1,40,45,88.9,2,6,33.3,0,0.1,0.1,-0.1,2,1,2,1,4
Joey Veerman,NED,MF,PSV Eindhoven,25-352,1998,0.7,40,49,81.6,696,194,20,24,83.3,11,12,91.7,7,11,63.6,0,0.1,0.0,-0.1,3,9,1,0,8
Romeo Vermant,BEL,"FW,MF",Club Brugge,20-286,2004,0.2,2,3,66.7,45,0,0,1,0.0,2,2,100.0,0,0,,0,0.0,0.0,0.0,0,0,0,0,0
Arthur Vermeeren,BEL,MF,RB Leipzig,19-272,2005,1.5,83,93,89.2,1226,342,47,50,94.0,34,36,94.4,2,5,40.0,0,0.0,0.1,0.0,1,9,2,0,8
Hugo Vetlesen,NOR,MF,Club Brugge,24-250,2000,1.4,23,30,76.7,460,135,11,12,91.7,8,11,72.7,4,5,80.0,1,0.1,0.1,+0.9,2,3,0,0,4
William Vick,DEN,MF,Sturm Graz,21-249,2003,2.7,41,64,64.1,627,145,24,33,72.7,11,15,73.3,4,10,40.0,0,0.2,0.1,-0.2,4,2,1,1,2
Pau Victor Delgado,ESP,FW,Barcelona,22-345,2001,0.2,6,6,100.0,71,27,5,5,100.0,1,1,100.0,0,0,,0,0.0,0.0,0.0,0,1,0,0,0
Peter Vindahl Jensen,DEN,GK,Sparta Prague,26-263,1998,3.0,39,90,43.3,1347,991,3,3,100.0,20,20,100.0,16,66,24.2,0,0.0,0.0,0.0,0,5,0,0,0
Alan Virginius,FRA,"FW,MF",Young Boys,21-307,2003,1.2,15,18,83.3,138,32,14,16,87.5,1,1,100.0,0,0,,0,0.0,0.0,0.0,0,1,1,1,1
Martin Vitík,CZE,DF,Sparta Prague,21-289,2003,3.0,41,52,78.8,675,195,15,16,93.8,22,24,91.7,2,8,25.0,0,0.0,0.0,0.0,0,1,0,0,3
Vitinha,POR,MF,Paris S-G,24-266,2000,1.7,136,148,91.9,2276,453,68,71,95.8,48,52,92.3,15,17,88.2,0,0.0,0.2,0.0,1,16,2,0,8
Dušan Vlahović,SRB,FW,Juventus,24-282,2000,2.7,26,35,74.3,426,65,14,16,87.5,9,10,90.0,2,4,50.0,1,0.8,0.4,+0.2,3,2,3,0,8
Stefan de Vrij,NED,DF,Inter,32-274,1992,1.7,117,121,96.7,2271,686,25,26,96.2,82,82,100.0,9,11,81.8,0,0.0,0.0,0.0,0,5,0,0,9
Kyle Walker,ENG,DF,Manchester City,34-161,1990,0.1,13,16,81.3,251,43,7,8,87.5,4,6,66.7,2,2,100.0,0,0.0,0.0,0.0,0,2,1,0,1
Ollie Watkins,ENG,FW,Aston Villa,28-311,1995,1.7,17,28,60.7,281,70,7,12,58.3,8,11,72.7,1,3,33.3,1,0.8,0.1,+0.2,4,2,1,0,2
Timothy Weah,USA,FW,Juventus,24-257,2000,0.6,26,34,76.5,420,76,12,17,70.6,13,15,86.7,1,1,100.0,0,0.1,0.1,-0.1,1,2,2,0,5
Vladimír Weiss,SVK,"FW,MF",Slovan Bratislava,34-341,1989,1.5,38,48,79.2,525,132,19,22,86.4,15,17,88.2,1,2,50.0,0,0.0,0.0,0.0,1,2,1,0,4
Timon Wellenreuther,GER,GK,Feyenoord,28-338,1995,3.0,85,114,74.6,2015,1274,22,22,100.0,47,47,100.0,16,45,35.6,0,0.0,0.0,0.0,0,2,0,0,1
Ben White,ENG,DF,Arsenal,27-028,1997,1.5,83,100,83.0,1319,550,45,46,97.8,33,40,82.5,4,8,50.0,0,0.0,0.0,0.0,0,11,1,0,7
Tomáš Wiesner,CZE,MF,Sparta Prague,27-111,1997,0.8,17,24,70.8,290,86,7,9,77.8,6,8,75.0,2,3,66.7,0,0.0,0.0,0.0,0,0,0,0,2
Kevin Wimmer,AUT,DF,Slovan Bratislava,31-356,1992,3.0,89,121,73.6,1536,788,46,51,90.2,31,39,79.5,9,23,39.1,0,0.0,0.0,0.0,1,8,1,0,9
Florian Wirtz,GER,"MF,FW",Leverkusen,21-186,2003,2.8,128,143,89.5,1690,444,87,92,94.6,34,41,82.9,5,7,71.4,0,0.6,0.6,-0.6,9,10,2,0,17
Axel Witsel,BEL,DF,Atlético Madrid,35-298,1989,2.0,133,141,94.3,2372,763,54,56,96.4,66,71,93.0,10,11,90.9,0,0.0,0.1,0.0,0,2,0,0,6
Gregory Wüthrich,SUI,DF,Sturm Graz,29-337,1994,0.1,2,2,100.0,42,9,0,0,,2,2,100.0,0,0,,0,0.0,0.0,0.0,0,0,0,0,0
Granit Xhaka,SUI,MF,Leverkusen,32-039,1992,2.2,144,158,91.1,2480,626,68,72,94.4,62,68,91.2,12,14,85.7,0,0.2,0.1,-0.2,1,16,1,0,16
Malick Yalcouye,CIV,MF,Sturm Graz,18-353,2005,2.4,88,102,86.3,1308,286,46,49,93.9,31,34,91.2,6,10,60.0,0,0.0,0.2,0.0,1,7,2,0,6
Lamine Yamal,ESP,FW,Barcelona,17-115,2007,2.6,63,79,79.7,890,287,35,40,87.5,22,28,78.6,3,5,60.0,1,0.2,0.3,+0.8,2,7,3,0,9
Erencan Yardimci,TUR,FW,Sturm Graz,22-275,2002,0.7,12,18,66.7,126,12,10,13,76.9,1,3,33.3,0,0,,0,0.0,0.0,0.0,0,0,2,0,2
Kenan Yıldız,TUR,FW,Juventus,19-185,2005,2.4,64,83,77.1,997,246,38,43,88.4,19,30,63.3,5,7,71.4,0,0.0,0.1,0.0,1,4,3,1,8
Seol Youngwoo,KOR,DF,Red Star,25-336,1998,3.0,118,146,80.8,2026,877,56,61,91.8,50,61,82.0,10,18,55.6,0,0.1,0.1,-0.1,3,15,1,0,15
Dan-Axel Zagadou,FRA,DF,Stuttgart,25-155,1999,0.0,4,4,100.0,59,19,2,2,100.0,2,2,100.0,0,0,,0,0.0,0.0,0.0,0,2,0,0,0
Warren Zaïre-Emery,FRA,MF,Paris S-G,18-242,2006,2.9,154,170,90.6,2279,429,86,92,93.5,52,55,94.5,7,8,87.5,0,0.2,0.3,-0.2,5,11,3,1,16
Denis Zakaria,SUI,MF,Monaco,27-351,1996,3.0,158,166,95.2,2545,832,84,90,93.3,67,69,97.1,7,7,100.0,0,0.1,0.1,-0.1,3,18,1,0,26
Nicolò Zaniolo,ITA,"FW,MF",Atalanta,25-126,1999,0.7,15,18,83.3,221,48,9,9,100.0,1,2,50.0,2,2,100.0,0,0.1,0.1,-0.1,1,1,0,0,1
Davide Zappacosta,ITA,DF,Atalanta,32-147,1992,2.8,165,190,86.8,2123,522,114,122,93.4,36,46,78.3,6,9,66.7,1,1.6,1.5,-0.6,7,7,7,5,9
Jaroslav Zelený,CZE,DF,Sparta Prague,32-077,1992,2.0,50,68,73.5,946,342,17,18,94.4,24,30,80.0,6,14,42.9,0,0.0,0.0,0.0,1,2,0,0,2
Ramiz Zerrouki,ALG,"MF,FW",Feyenoord,26-163,1998,0.8,27,33,81.8,434,66,12,16,75.0,13,15,86.7,1,1,100.0,0,0.0,0.0,0.0,0,3,0,0,2
Edon Zhegrova,KVX,"MF,FW",Lille,25-219,1999,2.8,74,97,76.3,1098,249,41,45,91.1,30,38,78.9,2,12,16.7,0,0.2,0.3,-0.2,2,3,4,1,8
Piotr Zieliński,POL,MF,Inter,30-169,1994,2.1,86,98,87.8,1217,346,51,57,89.5,34,38,89.5,1,3,33.3,0,0.4,0.3,-0.4,3,8,2,1,7
Tanguy Zoukrou,FRA,DF,Young Boys,21-182,2003,2.0,79,93,84.9,1531,633,29,30,96.7,39,44,88.6,10,14,71.4,0,0.0,0.0,0.0,1,3,0,0,0
Oleksandr Zubkov,UKR,"FW,MF",Shakhtar,28-094,1996,2.4,52,72,72.2,816,262,28,32,87.5,20,25,80.0,2,10,20.0,0,0.0,0.1,0.0,1,3,3,1,4
Lovro Zvonarek,CRO,"MF,FW",Sturm Graz,19-181,2005,0.8,21,25,84.0,278,63,11,12,91.7,9,11,81.8,0,1,0.0,0,0.1,0.0,-0.1,3,1,0,0,3
Łukasz Łakomy,POL,MF,Young Boys,23-292,2001,0.9,40,55,72.7,800,240,18,19,94.7,14,16,87.5,7,15,46.7,0,0.0,0.0,0.0,2,7,0,0,6
