Player,Pos,Squad,Age,Born,90s,Goals,Shots,SoT,SoT%,Shots/90,SoT/90,Goals/Shots,Goals/SoT,AvgDist,FK,PK,PKatt,xG,npxG,npxG/Sh,G-xG,np:G-xG
Che Adams,FW,Scotland,27,1996,2.3,0,2,1,50.0,0.86,0.43,0.00,0.00,14.1,0,0,0,0.1,0.1,0.06,-0.1,-0.1
Michel Aebischer,DF,Switzerland,27,1997,5.3,1,2,1,50.0,0.38,0.19,0.50,1.00,21.7,0,0,0,0.1,0.1,0.05,+0.9,+0.9
Arlind Ajeti,DF,Albania,30,1993,3.0,0,0,0,,0.00,0.00,,,,0,0,0,0.0,0.0,,0.0,0.0
Manuel Akanji,DF,Switzerland,28,1995,5.3,0,0,0,,0.00,0.00,,,,0,0,0,0.0,0.0,,0.0,0.0
Samet Akaydın,DF,Türkiye,29,1994,3.7,1,2,1,50.0,0.54,0.27,0.50,1.00,5.2,0,0,0,0.4,0.4,0.18,+0.6,+0.6
Nathan Aké,DF,Netherlands,28,1995,5.2,0,2,0,0.0,0.38,0.00,0.00,,10.0,0,0,0,0.1,0.1,0.06,-0.1,-0.1
Yunus Akgün,FW,Türkiye,23,2000,0.8,0,0,0,,0.00,0.00,,,,0,0,0,0.0,0.0,,0.0,0.0
Kerem Aktürkoğlu,"FW,MF",Türkiye,25,1998,1.2,1,6,2,33.3,5.14,1.71,0.17,0.50,12.0,0,0,0,1.4,1.4,0.24,-0.4,-0.4
Trent Alexander-Arnold,"MF,DF",England,25,1998,1.5,0,4,1,25.0,2.69,0.67,0.00,0.00,28.6,1,0,0,0.1,0.1,0.03,-0.1,-0.1
Denis Alibec,FW,Romania,33,1991,0.3,0,1,0,0.0,3.10,0.00,0.00,,14.1,0,0,0,0.3,0.3,0.34,-0.3,-0.3
Barış Alper Yılmaz,FW,Türkiye,23,2000,5.0,0,4,3,75.0,0.80,0.60,0.00,0.00,15.5,0,0,0,0.4,0.4,0.10,-0.4,-0.4
Sandro Altunashvili,MF,Georgia,26,1997,0.6,0,0,0,,0.00,0.00,,,,0,0,0,0.0,0.0,,0.0,0.0
Zeki Amdouni,"MF,FW",Switzerland,23,2000,0.6,0,2,1,50.0,3.16,1.58,0.00,0.00,13.5,0,0,0,0.2,0.2,0.10,-0.2,-0.2
Joachim Andersen,DF,Denmark,27,1996,4.0,0,3,0,0.0,0.75,0.00,0.00,,9.0,0,0,0,0.2,0.2,0.05,-0.2,-0.2
Robert Andrich,MF,Germany,29,1994,3.5,0,7,2,28.6,1.98,0.57,0.00,0.00,21.3,0,0,0,0.3,0.3,0.04,-0.3,-0.3
Waldemar Anton,DF,Germany,27,1996,0.4,0,0,0,,0.00,0.00,,,,0,0,0,0.0,0.0,,0.0,0.0
Stuart Armstrong,MF,Scotland,31,1992,0.2,0,0,0,,0.00,0.00,,,,0,0,0,0.0,0.0,,0.0,0.0
Marko Arnautović,FW,Austria,34,1989,3.1,1,3,2,66.7,0.97,0.65,0.00,0.00,19.4,0,1,1,1.7,0.9,0.29,-0.7,-0.9
Jasir Asani,FW,Albania,28,1995,2.3,0,4,1,25.0,1.71,0.43,0.00,0.00,25.7,0,0,0,0.1,0.1,0.01,-0.1,-0.1
Kristjan Asllani,MF,Albania,21,2002,3.0,0,8,3,37.5,2.67,1.00,0.00,0.00,23.9,1,0,0,0.6,0.6,0.07,-0.6,-0.6
Kaan Ayhan,"MF,DF",Türkiye,29,1994,4.0,0,3,0,0.0,0.75,0.00,0.00,,15.6,0,0,0,0.3,0.3,0.10,-0.3,-0.3
Alex Baena,"MF,FW",Spain,22,2001,0.3,0,0,0,,0.00,0.00,,,,0,0,0,0.0,0.0,,0.0,0.0
Alexander Bah,"DF,MF",Denmark,26,1997,3.1,0,2,0,0.0,0.64,0.00,0.00,,14.4,0,0,0,0.4,0.4,0.19,-0.4,-0.4
Nedim Bajrami,"FW,MF",Albania,24,1999,2.7,1,3,1,33.3,1.10,0.37,0.33,1.00,15.5,0,0,0,0.1,0.1,0.05,+0.9,+0.9
Johan Bakayoko,"FW,DF",Belgium,20,2003,0.5,0,3,0,0.0,5.63,0.00,0.00,,16.0,0,0,0,0.6,0.6,0.22,-0.6,-0.6
Jure Balkovec,DF,Slovenia,29,1994,1.3,0,0,0,,0.00,0.00,,,,0,0,0,0.0,0.0,,0.0,0.0
Iván Balliu,DF,Albania,32,1992,1.0,0,0,0,,0.00,0.00,,,,0,0,0,0.0,0.0,,0.0,0.0
Nicușor Bancu,DF,Romania,31,1992,3.0,0,0,0,,0.00,0.00,,,,0,0,0,0.0,0.0,,0.0,0.0
Antonín Barák,MF,Czechia,29,1994,0.5,0,0,0,,0.00,0.00,,,,0,0,0,0.0,0.0,,0.0,0.0
Bradley Barcola,"FW,MF",France,21,2002,1.1,0,2,1,50.0,1.75,0.87,0.00,0.00,9.9,0,0,0,0.1,0.1,0.07,-0.1,-0.1
Abdülkerim Bardakcı,DF,Türkiye,29,1994,4.0,0,2,0,0.0,0.50,0.00,0.00,,8.9,0,0,0,0.3,0.3,0.13,-0.3,-0.3
Nicolò Barella,MF,Italy,26,1997,3.7,1,1,1,100.0,0.27,0.27,1.00,1.00,21.7,0,0,0,0.1,0.1,0.09,+0.9,+0.9
Alessandro Bastoni,DF,Italy,24,1999,4.0,1,3,2,66.7,0.75,0.50,0.33,0.50,6.4,0,0,0,0.5,0.5,0.17,+0.5,+0.5
Martin Baturina,FW,Croatia,20,2003,0.1,0,1,1,100.0,12.86,12.86,0.00,0.00,13.3,0,0,0,0.1,0.1,0.07,-0.1,-0.1
Christoph Baumgartner,"MF,FW",Austria,24,1999,3.2,1,8,4,50.0,2.49,1.25,0.13,0.25,11.5,0,0,0,1.8,1.8,0.22,-0.8,-0.8
Altay Bayındır,GK,Türkiye,25,1998,1.0,0,0,0,,0.00,0.00,,,,0,0,0,0.0,0.0,,0.0,0.0
Jan Bednarek,DF,Poland,27,1996,3.0,0,1,0,0.0,0.33,0.00,0.00,,11.5,0,0,0,0.2,0.2,0.16,-0.2,-0.2
Maximilian Beier,FW,Germany,21,2002,0.3,0,0,0,,0.00,0.00,,,,0,0,0,0.0,0.0,,0.0,0.0
Jude Bellingham,"MF,FW",England,20,2003,7.4,2,6,3,50.0,0.81,0.40,0.33,0.67,13.7,0,0,0,0.6,0.6,0.11,+1.4,+1.4
László Bénes,MF,Slovakia,26,1997,0.8,0,1,0,0.0,1.27,0.00,0.00,,16.3,0,0,0,0.1,0.1,0.10,-0.1,-0.1
Bartosz Bereszyński,DF,Poland,31,1992,0.1,0,0,0,,0.00,0.00,,,,0,0,0,0.0,0.0,,0.0,0.0
Steven Bergwijn,FW,Netherlands,26,1997,1.0,0,1,0,0.0,1.00,0.00,0.00,,31.7,0,0,0,0.0,0.0,0.02,0.0,0.0
Medon Berisha,MF,Albania,20,2003,0.2,0,1,0,0.0,4.29,0.00,0.00,,26.6,0,0,0,0.0,0.0,0.03,0.0,0.0
Victor Bernth Kristiansen,"DF,MF",Denmark,21,2002,1.7,0,1,0,0.0,0.58,0.00,0.00,,20.2,0,0,0,0.0,0.0,0.03,0.0,0.0
Matúš Bero,"MF,DF",Slovakia,28,1995,0.5,0,1,0,0.0,2.20,0.00,0.00,,26.6,0,0,0,0.0,0.0,0.03,0.0,0.0
Jaka Bijol,DF,Slovenia,24,1999,4.3,0,1,0,0.0,0.23,0.00,0.00,,7.1,0,0,0,0.0,0.0,0.01,0.0,0.0
Veljko Birmančević,DF,Serbia,25,1998,0.3,0,1,0,0.0,3.46,0.00,0.00,,24.6,0,0,0,0.0,0.0,0.02,0.0,0.0
Daley Blind,FW,Netherlands,33,1990,0.0,0,0,0,,0.00,0.00,,,,0,0,0,0.0,0.0,,0.0,0.0
Bendegúz Bolla,DF,Hungary,24,1999,2.3,0,3,1,33.3,1.32,0.44,0.00,0.00,22.3,0,0,0,0.1,0.1,0.02,-0.1,-0.1
Endre Botka,DF,Hungary,29,1994,1.0,0,0,0,,0.00,0.00,,,,0,0,0,0.0,0.0,,0.0,0.0
Jarrod Bowen,FW,England,27,1996,0.4,0,0,0,,0.00,0.00,,,,0,0,0,0.0,0.0,,0.0,0.0
Róbert Boženík,FW,Slovakia,24,1999,2.3,0,3,1,33.3,1.30,0.43,0.00,0.00,17.7,0,0,0,0.1,0.1,0.04,-0.1,-0.1
Volodymyr Brazhko,MF,Ukraine,22,2002,2.0,0,2,1,50.0,0.99,0.49,0.00,0.00,30.6,0,0,0,0.0,0.0,0.02,0.0,0.0
David Brekalo,MF,Slovenia,25,1998,0.0,0,0,0,,0.00,0.00,,,,0,0,0,0.0,0.0,,0.0,0.0
Brian Brobbey,FW,Netherlands,21,2002,0.0,0,0,0,,0.00,0.00,,,,0,0,0,0.0,0.0,,0.0,0.0
Armando Broja,FW,Albania,22,2001,1.2,0,2,2,100.0,1.67,1.67,0.00,0.00,13.8,0,0,0,0.2,0.2,0.11,-0.2,-0.2
Marcelo Brozović,MF,Croatia,31,1992,2.5,0,3,2,66.7,1.20,0.80,0.00,0.00,24.8,0,0,0,0.1,0.1,0.05,-0.1,-0.1
Jacob Bruun Larsen,FW,Denmark,25,1998,0.1,0,0,0,,0.00,0.00,,,,0,0,0,0.0,0.0,,0.0,0.0
Ante Budimir,FW,Croatia,32,1991,1.4,0,5,3,60.0,3.69,2.21,0.00,0.00,9.3,0,0,0,0.8,0.5,0.10,-0.8,-0.5
Adam Buksa,FW,Poland,27,1996,1.7,1,3,1,33.3,1.81,0.60,0.33,1.00,12.8,0,0,0,0.2,0.2,0.05,+0.8,+0.8
Andrei Burcă,DF,Romania,30,1993,4.0,0,1,0,0.0,0.25,0.00,0.00,,9.0,0,0,0,0.1,0.1,0.08,-0.1,-0.1
Riccardo Calafiori,DF,Italy,21,2002,3.0,0,3,0,0.0,1.00,0.00,0.00,,11.1,0,0,0,0.3,0.3,0.10,-0.3,-0.3
Hakan Çalhanoğlu,MF,Türkiye,29,1994,3.9,1,10,2,20.0,2.54,0.51,0.10,0.50,22.4,1,0,0,0.4,0.4,0.04,+0.6,+0.6
Eduardo Camavinga,MF,France,21,2002,1.9,0,2,0,0.0,1.07,0.00,0.00,,17.2,0,0,0,0.3,0.3,0.14,-0.3,-0.3
Andrea Cambiaso,"FW,DF",Italy,23,2000,0.8,0,0,0,,0.00,0.00,,,,0,0,0,0.0,0.0,,0.0,0.0
Emre Can,MF,Germany,30,1994,1.1,1,1,1,100.0,0.88,0.88,1.00,1.00,23.3,0,0,0,0.0,0.0,0.04,+1.0,+1.0
João Cancelo,"DF,MF",Portugal,29,1994,3.8,0,2,0,0.0,0.52,0.00,0.00,,15.6,0,0,0,0.1,0.1,0.04,-0.1,-0.1
Yannick Carrasco,"DF,FW",Belgium,30,1993,2.4,0,6,1,16.7,2.48,0.41,0.00,0.00,17.0,0,0,0,0.3,0.3,0.06,-0.3,-0.3
Dani Carvajal,DF,Spain,32,1992,5.2,1,2,2,100.0,0.38,0.38,0.50,0.50,7.4,0,0,0,0.5,0.5,0.26,+0.5,+0.5
Timothy Castagne,DF,Belgium,28,1995,4.0,0,0,0,,0.00,0.00,,,,0,0,0,0.0,0.0,,0.0,0.0
Koen Casteels,GK,Belgium,31,1992,4.0,0,0,0,,0.00,0.00,,,,0,0,0,0.0,0.0,,0.0,0.0
Žan Celar,"FW,MF",Slovenia,24,1999,0.7,0,1,0,0.0,1.34,0.00,0.00,,28.4,0,0,0,0.0,0.0,0.03,0.0,0.0
Zeki Çelik,"DF,MF",Türkiye,26,1997,1.2,0,1,0,0.0,0.86,0.00,0.00,,11.2,0,0,0,0.2,0.2,0.20,-0.2,-0.2
Václav Černý,MF,Czechia,26,1997,0.6,0,2,1,50.0,3.33,1.67,0.00,0.00,14.0,0,0,0,0.5,0.5,0.24,-0.5,-0.5
Giorgi Chakvetadze,"MF,FW",Georgia,24,1999,2.7,0,2,0,0.0,0.74,0.00,0.00,,20.0,0,0,0,0.1,0.1,0.03,-0.1,-0.1
Federico Chiesa,"FW,MF",Italy,26,1997,2.9,0,8,0,0.0,2.74,0.00,0.00,,19.6,0,0,0,0.2,0.2,0.02,-0.2,-0.2
Tomáš Chorý,MF,Czechia,29,1995,0.4,0,1,0,0.0,2.50,0.00,0.00,,4.9,0,0,0,0.4,0.4,0.40,-0.4,-0.4
Andreas Christensen,DF,Denmark,27,1996,3.9,0,4,0,0.0,1.03,0.00,0.00,,17.6,0,0,0,0.5,0.5,0.11,-0.5,-0.5
Ryan Christie,"MF,FW",Scotland,28,1995,1.1,0,0,0,,0.00,0.00,,,,0,0,0,0.0,0.0,,0.0,0.0
Mojmir Chytil,FW,Czechia,24,1999,1.2,0,2,0,0.0,1.68,0.00,0.00,,11.1,0,0,0,0.2,0.2,0.09,-0.2,-0.2
Alexandru Cicâldău,MF,Romania,26,1997,0.2,0,0,0,,0.00,0.00,,,,0,0,0,0.0,0.0,,0.0,0.0
Florinel Coman,MF,Romania,25,1998,1.3,0,2,1,50.0,1.53,0.76,0.00,0.00,24.2,0,0,0,0.1,0.1,0.04,-0.1,-0.1
Kingsley Coman,MF,France,27,1996,0.2,0,0,0,,0.00,0.00,,,,0,0,0,0.0,0.0,,0.0,0.0
Francisco Conceição,"FW,MF",Portugal,21,2002,2.0,1,5,1,20.0,2.47,0.49,0.20,1.00,14.5,0,0,0,0.9,0.9,0.18,+0.1,+0.1
Diogo Costa,GK,Portugal,24,1999,5.7,0,0,0,,0.00,0.00,,,,0,0,0,0.0,0.0,,0.0,0.0
Vladimír Coufal,"DF,FW",Czechia,31,1992,3.0,0,0,0,,0.00,0.00,,,,0,0,0,0.0,0.0,,0.0,0.0
Bryan Cristante,MF,Italy,28,1995,1.5,0,2,1,50.0,1.35,0.68,0.00,0.00,18.7,0,0,0,0.1,0.1,0.04,-0.1,-0.1
Kevin Csoboth,DF,Hungary,23,2000,0.1,1,2,1,50.0,20.00,10.00,0.50,1.00,11.9,0,0,0,0.6,0.6,0.31,+0.4,+0.4
Marc Cucurella,DF,Spain,25,1998,6.1,0,1,1,100.0,0.17,0.17,0.00,0.00,24.4,0,0,0,0.0,0.0,0.02,0.0,0.0
Mirlind Daku,FW,Albania,26,1998,0.1,0,1,0,0.0,15.00,0.00,0.00,,10.9,0,0,0,0.1,0.1,0.11,-0.1,-0.1
Diogo Dalot,"DF,MF",Portugal,24,1999,1.7,0,3,1,33.3,1.78,0.59,0.00,0.00,21.8,0,0,0,0.1,0.1,0.02,-0.1,-0.1
Mikkel Damsgaard,FW,Denmark,23,2000,0.4,0,1,1,100.0,2.65,2.65,0.00,0.00,25.5,0,0,0,0.0,0.0,0.01,0.0,0.0
Kevin Danso,DF,Austria,25,1998,2.4,0,1,0,0.0,0.42,0.00,0.00,,10.9,0,0,0,0.0,0.0,0.04,0.0,0.0
Márton Dárdai,DF,Hungary,21,2002,1.9,0,1,0,0.0,0.51,0.00,0.00,,9.6,0,0,0,0.1,0.1,0.07,-0.1,-0.1
Matteo Darmian,DF,Italy,34,1989,1.8,0,0,0,,0.00,0.00,,,,0,0,0,0.0,0.0,,0.0,0.0
Zuriko Davitashvili,"FW,MF",Georgia,22,2001,1.3,0,2,0,0.0,1.57,0.00,0.00,,12.6,0,0,0,0.1,0.1,0.04,-0.1,-0.1
Paweł Dawidowicz,DF,Poland,28,1995,2.0,0,1,0,0.0,0.50,0.00,0.00,,9.1,0,0,0,0.1,0.1,0.10,-0.1,-0.1
Kevin De Bruyne,MF,Belgium,32,1991,4.0,1,11,5,45.5,2.75,1.25,0.09,0.20,20.4,1,0,0,0.9,0.9,0.08,+0.1,+0.1
Charles De Ketelaere,FW,Belgium,22,2001,0.0,0,0,0,,0.00,0.00,,,,0,0,0,0.0,0.0,,0.0,0.0
Zeno Debast,DF,Belgium,20,2003,1.2,0,0,0,,0.00,0.00,,,,0,0,0,0.0,0.0,,0.0,0.0
Thomas Delaney,MF,Denmark,32,1991,0.9,0,1,0,0.0,1.07,0.00,0.00,,3.8,0,0,0,0.1,0.1,0.11,-0.1,-0.1
Ousmane Dembélé,"FW,MF",France,26,1997,4.0,0,8,1,12.5,1.99,0.25,0.00,0.00,19.4,0,0,0,0.5,0.5,0.07,-0.5,-0.5
Merih Demiral,DF,Türkiye,25,1998,2.3,2,3,2,66.7,1.30,0.87,0.67,1.00,4.0,0,0,0,0.7,0.7,0.24,+1.3,+1.3
Giovanni Di Lorenzo,"DF,FW",Italy,30,1993,4.0,0,2,0,0.0,0.50,0.00,0.00,,5.9,0,0,0,0.2,0.2,0.08,-0.2,-0.2
Rúben Dias,DF,Portugal,26,1997,4.7,0,2,0,0.0,0.43,0.00,0.00,,17.5,0,0,0,0.1,0.1,0.05,-0.1,-0.1
Federico Dimarco,"DF,FW",Italy,26,1997,2.5,0,2,1,50.0,0.79,0.39,0.00,0.00,23.5,0,0,0,0.0,0.0,0.02,0.0,0.0
Berat Djimsiti,DF,Albania,30,1993,3.0,0,2,0,0.0,0.67,0.00,0.00,,14.9,0,0,0,0.1,0.1,0.05,-0.1,-0.1
Jeremy Doku,"FW,MF",Belgium,21,2002,3.6,0,5,1,20.0,1.41,0.28,0.00,0.00,16.4,0,0,0,0.2,0.2,0.04,-0.2,-0.2
Kasper Dolberg,FW,Denmark,26,1997,0.4,0,0,0,,0.00,0.00,,,,0,0,0,0.0,0.0,,0.0,0.0
Gianluigi Donnarumma,GK,Italy,24,1999,4.0,0,0,0,,0.00,0.00,,,,0,0,0,0.0,0.0,,0.0,0.0
David Doudera,FW,Czechia,25,1998,1.0,0,0,0,,0.00,0.00,,,,0,0,0,0.0,0.0,,0.0,0.0
Artem Dovbyk,FW,Ukraine,26,1997,2.7,0,6,0,0.0,2.20,0.00,0.00,,14.9,0,0,0,0.6,0.6,0.11,-0.6,-0.6
Denis Drăguș,FW,Romania,24,1999,3.2,1,5,2,40.0,1.55,0.62,0.20,0.50,15.6,0,0,0,1.1,1.1,0.21,-0.1,-0.1
Radu Drăgușin,DF,Romania,21,2002,4.0,0,3,1,33.3,0.75,0.25,0.00,0.00,17.4,0,0,0,0.2,0.2,0.08,-0.2,-0.2
Vanja Drkušič,DF,Slovenia,24,1999,4.3,0,0,0,,0.00,0.00,,,,0,0,0,0.0,0.0,,0.0,0.0
Kwadwo Duah,FW,Switzerland,26,1997,1.2,1,4,3,75.0,3.36,2.52,0.25,0.33,16.0,0,0,0,0.7,0.7,0.18,+0.3,+0.3
Martin Dúbravka,GK,Slovakia,35,1989,4.3,0,0,0,,0.00,0.00,,,,0,0,0,0.0,0.0,,0.0,0.0
Ondrej Duda,MF,Slovakia,29,1994,3.5,1,2,1,50.0,0.57,0.28,0.50,1.00,15.6,0,0,0,0.3,0.3,0.13,+0.7,+0.7
Denzel Dumfries,DF,Netherlands,27,1996,5.0,0,4,0,0.0,0.80,0.00,0.00,,10.8,0,0,0,0.3,0.3,0.07,-0.3,-0.3
Dávid Ďuriš,"FW,MF",Slovakia,24,1999,0.3,0,0,0,,0.00,0.00,,,,0,0,0,0.0,0.0,,0.0,0.0
Lasha Dvali,DF,Georgia,28,1995,4.0,0,0,0,,0.00,0.00,,,,0,0,0,0.0,0.0,,0.0,0.0
Timi Elšnik,MF,Slovenia,25,1998,4.0,0,3,0,0.0,0.75,0.00,0.00,,19.2,0,0,0,0.3,0.3,0.10,-0.3,-0.3
Breel Embolo,FW,Switzerland,26,1997,3.3,2,8,4,50.0,2.43,1.22,0.25,0.50,13.6,0,0,0,2.1,2.1,0.27,-0.1,-0.1
Christian Eriksen,"MF,FW",Denmark,31,1992,3.9,1,12,2,16.7,3.10,0.52,0.08,0.50,19.1,1,0,0,1.3,1.3,0.11,-0.3,-0.3
Eberechi Eze,"DF,MF",England,25,1998,1.1,0,2,0,0.0,1.76,0.00,0.00,,21.2,0,0,0,0.1,0.1,0.04,-0.1,-0.1
Wout Faes,DF,Belgium,25,1998,4.0,0,0,0,,0.00,0.00,,,,0,0,0,0.0,0.0,,0.0,0.0
Nicolò Fagioli,MF,Italy,22,2001,1.1,0,1,0,0.0,0.95,0.00,0.00,,28.7,0,0,0,0.0,0.0,0.02,0.0,0.0
João Félix,"MF,FW",Portugal,24,1999,1.2,0,4,1,25.0,3.43,0.86,0.00,0.00,20.0,0,0,0,0.1,0.1,0.04,-0.1,-0.1
Bruno Fernandes,MF,Portugal,29,1994,4.2,1,10,2,20.0,2.41,0.48,0.10,0.50,22.7,1,0,0,1.2,1.2,0.12,-0.2,-0.2
Attila Fiola,DF,Hungary,33,1990,2.0,0,0,0,,0.00,0.00,,,,0,0,0,0.0,0.0,,0.0,0.0
Phil Foden,"FW,MF",England,23,2000,6.9,0,13,4,30.8,1.90,0.58,0.00,0.00,23.0,2,0,0,0.5,0.5,0.04,-0.5,-0.5
Youssouf Fofana,MF,France,25,1999,0.5,0,1,0,0.0,2.20,0.00,0.00,,26.2,0,0,0,0.0,0.0,0.03,0.0,0.0
Michael Folorunsho,FW,Italy,25,1998,0.0,0,0,0,,0.00,0.00,,,,0,0,0,0.0,0.0,,0.0,0.0
Przemysław Frankowski,DF,Poland,28,1995,3.0,0,0,0,,0.00,0.00,,,,0,0,0,0.0,0.0,,0.0,0.0
Davide Frattesi,MF,Italy,24,1999,2.1,0,2,1,50.0,0.97,0.49,0.00,0.00,11.3,0,0,0,0.3,0.3,0.13,-0.3,-0.3
Remo Freuler,MF,Switzerland,31,1992,5.1,1,3,1,33.3,0.59,0.20,0.33,1.00,20.8,0,0,0,0.3,0.3,0.09,+0.7,+0.7
Jeremie Frimpong,FW,Netherlands,23,2000,1.0,0,2,1,50.0,2.09,1.05,0.00,0.00,15.5,0,0,0,0.1,0.1,0.03,-0.1,-0.1
Chris Führich,FW,Germany,26,1998,0.2,0,1,0,0.0,4.74,0.00,0.00,,13.4,0,0,0,0.0,0.0,0.04,0.0,0.0
Niclas Füllkrug,FW,Germany,30,1993,1.8,2,9,3,33.3,4.88,1.63,0.22,0.67,11.2,0,0,0,1.0,1.0,0.12,+1.0,+1.0
Mijat Gaćinović,DF,Serbia,28,1995,0.5,0,1,0,0.0,2.00,0.00,0.00,,16.3,0,0,0,0.1,0.1,0.06,-0.1,-0.1
Cody Gakpo,FW,Netherlands,24,1999,5.8,3,13,8,61.5,2.24,1.38,0.23,0.38,15.9,0,0,0,1.1,1.1,0.08,+1.9,+1.9
Conor Gallagher,MF,England,23,2000,1.3,0,0,0,,0.00,0.00,,,,0,0,0,0.0,0.0,,0.0,0.0
Dániel Gazdag,MF,Hungary,27,1996,0.0,0,0,0,,0.00,0.00,,,,0,0,0,0.0,0.0,,0.0,0.0
Lutsharel Geertruida,DF,Netherlands,23,2000,1.2,0,0,0,,0.00,0.00,,,,0,0,0,0.0,0.0,,0.0,0.0
Billy Gilmour,MF,Scotland,22,2001,2.0,0,2,0,0.0,0.98,0.00,0.00,,20.0,0,0,0,0.0,0.0,0.02,0.0,0.0
Olivier Giroud,FW,France,37,1986,0.7,0,2,0,0.0,3.05,0.00,0.00,,12.0,0,0,0,0.2,0.2,0.08,-0.2,-0.2
Klaus Gjasula,MF,Albania,34,1989,0.2,1,2,1,50.0,9.47,4.74,0.50,1.00,18.0,0,0,0,0.3,0.3,0.15,+0.7,+0.7
Adam Gnezda Čerin,MF,Slovenia,24,1999,4.3,0,4,1,25.0,0.92,0.23,0.00,0.00,22.1,0,0,0,0.3,0.3,0.06,-0.3,-0.3
Anthony Gordon,FW,England,22,2001,0.0,0,0,0,,0.00,0.00,,,,0,0,0,0.0,0.0,,0.0,0.0
Jon Gorenc Stanković,MF,Slovenia,28,1996,1.0,0,1,0,0.0,0.96,0.00,0.00,,21.2,0,0,0,0.0,0.0,0.03,0.0,0.0
Michael Gregoritsch,FW,Austria,29,1994,1.4,1,4,2,50.0,2.86,1.43,0.25,0.50,8.7,0,0,0,0.9,0.9,0.24,+0.1,+0.1
Antoine Griezmann,"MF,FW",France,32,1991,4.4,0,12,4,33.3,2.74,0.91,0.00,0.00,18.5,1,0,0,2.0,2.0,0.16,-2.0,-2.0
Florian Grillitsch,MF,Austria,28,1995,2.2,0,5,2,40.0,2.32,0.93,0.00,0.00,21.8,0,0,0,0.2,0.2,0.04,-0.2,-0.2
Álex Grimaldo,DF,Spain,28,1995,1.3,0,0,0,,0.00,0.00,,,,0,0,0,0.0,0.0,,0.0,0.0
Pascal Groß,MF,Germany,32,1991,0.5,0,1,0,0.0,2.00,0.00,0.00,,23.5,0,0,0,0.0,0.0,0.03,0.0,0.0
Kamil Grosicki,MF,Poland,35,1988,0.2,0,1,0,0.0,5.63,0.00,0.00,,7.2,0,0,0,0.3,0.3,0.29,-0.3,-0.3
Nemanja Gudelj,MF,Serbia,32,1991,1.0,0,0,0,,0.00,0.00,,,,0,0,0,0.0,0.0,,0.0,0.0
Marc Guéhi,DF,England,23,2000,6.3,0,2,0,0.0,0.32,0.00,0.00,,7.4,0,0,0,0.2,0.2,0.08,-0.2,-0.2
Péter Gulácsi,GK,Hungary,33,1990,3.0,0,0,0,,0.00,0.00,,,,0,0,0,0.0,0.0,,0.0,0.0
Arda Güler,"FW,MF",Türkiye,18,2005,3.8,1,9,1,11.1,2.38,0.26,0.11,1.00,32.5,1,0,0,0.3,0.3,0.03,+0.7,+0.7
İlkay Gündoğan,MF,Germany,33,1990,4.3,1,7,2,28.6,1.64,0.47,0.14,0.50,14.4,0,0,0,0.8,0.8,0.11,+0.2,+0.2
Angus Gunn,GK,Scotland,28,1996,3.0,0,0,0,,0.00,0.00,,,,0,0,0,0.0,0.0,,0.0,0.0
Mert Günok,GK,Türkiye,34,1989,4.0,0,0,0,,0.00,0.00,,,,0,0,0,0.0,0.0,,0.0,0.0
Joško Gvardiol,DF,Croatia,22,2002,3.0,0,2,0,0.0,0.67,0.00,0.00,,15.4,0,0,0,0.1,0.1,0.05,-0.1,-0.1
Giorgi Gwelesiani,DF,Georgia,32,1991,1.8,0,0,0,,0.00,0.00,,,,0,0,0,0.0,0.0,,0.0,0.0
Norbert Gyömbér,DF,Slovakia,31,1992,0.4,0,0,0,,0.00,0.00,,,,0,0,0,0.0,0.0,,0.0,0.0
Ianis Hagi,MF,Romania,25,1998,2.1,0,2,0,0.0,0.96,0.00,0.00,,21.8,0,0,0,0.1,0.1,0.07,-0.1,-0.1
Dávid Hancko,DF,Slovakia,26,1997,4.1,0,4,2,50.0,0.98,0.49,0.00,0.00,15.4,1,0,0,0.2,0.2,0.06,-0.2,-0.2
Grant Hanley,DF,Scotland,32,1991,2.5,0,1,0,0.0,0.40,0.00,0.00,,5.6,0,0,0,0.2,0.2,0.23,-0.2,-0.2
Lukáš Haraslín,FW,Slovakia,27,1996,2.9,0,8,4,50.0,2.73,1.36,0.00,0.00,17.6,0,0,0,0.5,0.5,0.06,-0.5,-0.5
Kai Havertz,"FW,MF",Germany,24,1999,4.3,2,17,9,52.9,3.93,2.08,0.00,0.00,14.6,1,2,2,4.1,2.5,0.15,-2.1,-2.5
Jack Hendry,DF,Scotland,28,1995,2.9,0,1,0,0.0,0.34,0.00,0.00,,13.1,0,0,0,0.0,0.0,0.03,0.0,0.0
Benjamin Henrichs,DF,Germany,26,1997,0.1,0,1,0,0.0,9.00,0.00,0.00,,25.2,0,0,0,0.0,0.0,0.02,0.0,0.0
Theo Hernández,DF,France,26,1997,6.3,0,4,2,50.0,0.63,0.32,0.00,0.00,16.3,0,0,0,0.4,0.4,0.10,-0.4,-0.4
Morten Hjulmand,MF,Denmark,24,1999,2.7,1,5,2,40.0,1.84,0.73,0.20,0.50,29.3,0,0,0,0.1,0.1,0.03,+0.9,+0.9
Adam Hložek,MF,Czechia,21,2002,1.2,0,4,4,100.0,3.33,3.33,0.00,0.00,16.0,0,0,0,0.5,0.5,0.14,-0.5,-0.5
Tomáš Holeš,DF,Czechia,30,1993,3.0,0,1,0,0.0,0.33,0.00,0.00,,32.1,0,0,0,0.0,0.0,0.02,0.0,0.0
Arbër Hoxha,"FW,MF",Albania,25,1998,0.6,0,2,1,50.0,3.60,1.80,0.00,0.00,18.5,0,0,0,0.1,0.1,0.05,-0.1,-0.1
Robin Hranáč,DF,Czechia,24,2000,3.0,0,2,0,0.0,0.67,0.00,0.00,,9.8,0,0,0,0.3,0.3,0.16,-0.3,-0.3
Elseid Hysaj,DF,Albania,29,1994,2.0,0,2,0,0.0,1.00,0.00,0.00,,21.3,0,0,0,0.1,0.1,0.04,-0.1,-0.1
Pierre Højbjerg,MF,Denmark,28,1995,3.9,0,7,4,57.1,1.78,1.02,0.00,0.00,24.9,0,0,0,0.2,0.2,0.03,-0.2,-0.2
Rasmus Højlund,FW,Denmark,20,2003,3.2,0,6,4,66.7,1.89,1.26,0.00,0.00,13.1,0,0,0,0.7,0.7,0.11,-0.7,-0.7
Ivan Ilić,MF,Serbia,22,2001,2.2,0,2,0,0.0,0.90,0.00,0.00,,26.6,0,0,0,0.0,0.0,0.02,0.0,0.0
Josip Iličić,"FW,MF",Slovenia,36,1988,0.3,0,1,0,0.0,2.90,0.00,0.00,,27.4,1,0,0,0.0,0.0,0.05,0.0,0.0
Gonçalo Inácio,DF,Portugal,22,2001,1.3,0,1,0,0.0,0.76,0.00,0.00,,9.5,0,0,0,0.1,0.1,0.09,-0.1,-0.1
Luka Ivanušec,MF,Croatia,25,1998,0.2,0,0,0,,0.00,0.00,,,,0,0,0,0.0,0.0,,0.0,0.0
Erik Janža,DF,Slovenia,30,1993,3.0,1,3,1,33.3,1.00,0.33,0.33,1.00,27.2,0,0,0,0.0,0.0,0.01,+1.0,+1.0
Jorginho,MF,Italy,32,1991,2.4,0,0,0,,0.00,0.00,,,,0,0,0,0.0,0.0,,0.0,0.0
Joselu,FW,Spain,33,1990,1.0,0,3,0,0.0,3.00,0.00,0.00,,12.6,0,0,0,0.2,0.2,0.06,-0.2,-0.2
Diogo Jota,"FW,MF",Portugal,27,1996,1.1,0,2,1,50.0,1.80,0.90,0.00,0.00,8.6,0,0,0,0.7,0.7,0.33,-0.7,-0.7
Luka Jović,"MF,FW",Serbia,26,1997,1.1,1,1,1,100.0,0.88,0.88,1.00,1.00,6.0,0,0,0,0.2,0.2,0.19,+0.8,+0.8
Josip Juranović,DF,Croatia,28,1995,1.0,0,0,0,,0.00,0.00,,,,0,0,0,0.0,0.0,,0.0,0.0
David Jurásek,DF,Czechia,23,2000,1.8,0,4,2,50.0,2.25,1.13,0.00,0.00,25.5,0,0,0,0.3,0.3,0.07,-0.3,-0.3
Matěj Jurásek,"DF,MF",Czechia,20,2003,0.5,0,4,2,50.0,7.83,3.91,0.00,0.00,25.7,0,0,0,0.1,0.1,0.02,-0.1,-0.1
Ferdi Kadioglu,"DF,MF",Türkiye,24,1999,5.0,0,2,0,0.0,0.40,0.00,0.00,,29.3,0,0,0,0.1,0.1,0.03,-0.1,-0.1
İrfan Kahveci,FW,Türkiye,28,1995,0.1,0,0,0,,0.00,0.00,,,,0,0,0,0.0,0.0,,0.0,0.0
Otar Kakabadze,"DF,MF",Georgia,28,1995,4.0,0,1,0,0.0,0.25,0.00,0.00,,22.3,0,0,0,0.0,0.0,0.02,0.0,0.0
Harry Kane,FW,England,30,1993,6.7,3,17,5,29.4,2.55,0.75,0.12,0.40,15.9,0,1,1,2.8,2.1,0.12,+0.2,-0.1
N'Golo Kanté,MF,France,32,1991,5.7,0,5,2,40.0,0.88,0.35,0.00,0.00,23.4,0,0,0,0.1,0.1,0.03,-0.1,-0.1
Žan Karničnik,DF,Slovenia,29,1994,4.3,1,3,1,33.3,0.69,0.23,0.33,1.00,21.3,0,0,0,0.5,0.5,0.18,+0.5,+0.5
Guram Kashia,DF,Georgia,36,1987,4.0,0,0,0,,0.00,0.00,,,,0,0,0,0.0,0.0,,0.0,0.0
Milos Kerkez,DF,Hungary,20,2003,2.6,0,0,0,,0.00,0.00,,,,0,0,0,0.0,0.0,,0.0,0.0
Semih Kılıçsoy,FW,Türkiye,18,2005,0.0,0,1,1,100.0,45.00,45.00,0.00,0.00,8.5,0,0,0,0.2,0.2,0.21,-0.2,-0.2
Joshua Kimmich,DF,Germany,28,1995,5.3,0,7,2,28.6,1.31,0.37,0.00,0.00,25.9,0,0,0,0.4,0.4,0.06,-0.4,-0.4
Otar Kiteishvili,MF,Georgia,27,1996,1.4,0,0,0,,0.00,0.00,,,,0,0,0,0.0,0.0,,0.0,0.0
Jakub Kiwior,DF,Poland,23,2000,3.0,0,2,2,100.0,0.67,0.67,0.00,0.00,14.0,0,0,0,0.1,0.1,0.07,-0.1,-0.1
László Kleinheisler,MF,Hungary,29,1994,0.6,0,0,0,,0.00,0.00,,,,0,0,0,0.0,0.0,,0.0,0.0
Giorgi Kochorashvili,MF,Georgia,24,1999,4.0,0,5,0,0.0,1.25,0.00,0.00,,25.7,0,0,0,0.3,0.3,0.07,-0.3,-0.3
Orkun Kökçü,MF,Türkiye,23,2000,2.5,0,6,2,33.3,2.44,0.81,0.00,0.00,26.2,0,0,0,1.0,1.0,0.16,-1.0,-1.0
Randal Kolo Muani,FW,France,25,1998,2.2,1,3,1,33.3,1.34,0.45,0.33,1.00,10.8,0,0,0,0.8,0.8,0.25,+0.2,+0.2
Yukhym Konoplia,DF,Ukraine,24,1999,0.8,0,0,0,,0.00,0.00,,,,0,0,0,0.0,0.0,,0.0,0.0
Ezri Konsa,DF,England,26,1997,1.0,0,0,0,,0.00,0.00,,,,0,0,0,0.0,0.0,,0.0,0.0
Filip Kostić,DF,Serbia,31,1992,0.5,0,0,0,,0.00,0.00,,,,0,0,0,0.0,0.0,,0.0,0.0
Jules Koundé,DF,France,25,1998,6.3,0,1,0,0.0,0.16,0.00,0.00,,14.9,0,0,0,0.2,0.2,0.15,-0.2,-0.2
Mateo Kovačić,MF,Croatia,29,1994,2.5,0,6,3,50.0,2.42,1.21,0.00,0.00,20.2,0,0,0,0.5,0.5,0.08,-0.5,-0.5
Matej Kovar,GK,Czechia,23,2000,0.4,0,0,0,,0.00,0.00,,,,0,0,0,0.0,0.0,,0.0,0.0
Andrej Kramarić,FW,Croatia,32,1991,2.7,1,4,2,50.0,1.48,0.74,0.25,0.50,16.3,0,0,0,0.7,0.7,0.19,+0.3,+0.3
Ladislav Krejčí,DF,Czechia,24,1999,3.0,0,5,1,20.0,1.67,0.33,0.00,0.00,15.3,0,0,0,0.3,0.3,0.07,-0.3,-0.3
Toni Kroos,MF,Germany,34,1990,5.2,0,3,1,33.3,0.58,0.19,0.00,0.00,26.0,1,0,0,0.2,0.2,0.06,-0.2,-0.2
Jan Kuchta,FW,Czechia,27,1997,1.1,0,0,0,,0.00,0.00,,,,0,0,0,0.0,0.0,,0.0,0.0
Juraj Kucka,MF,Slovakia,36,1987,3.9,0,8,2,25.0,2.06,0.51,0.00,0.00,17.8,1,0,0,0.4,0.4,0.05,-0.4,-0.4
Jasmin Kurtić,FW,Slovenia,35,1989,0.0,0,0,0,,0.00,0.00,,,,0,0,0,0.0,0.0,,0.0,0.0
Khvicha Kvaratskhelia,FW,Georgia,22,2001,3.8,1,6,2,33.3,1.58,0.53,0.17,0.50,24.2,0,0,0,1.0,1.0,0.17,0.0,0.0
Nika Kvekveskiri,MF,Georgia,31,1992,0.1,0,0,0,,0.00,0.00,,,,0,0,0,0.0,0.0,,0.0,0.0
Giorgi Kvilitaia,FW,Georgia,30,1993,0.0,0,0,0,,0.00,0.00,,,,0,0,0,0.0,0.0,,0.0,0.0
Saba Kvirkvelia,DF,Georgia,31,1992,2.0,0,0,0,,0.00,0.00,,,,0,0,0,0.0,0.0,,0.0,0.0
Qazim Laçi,"MF,FW",Albania,28,1996,1.8,1,1,1,100.0,0.55,0.55,1.00,1.00,8.0,0,0,0,0.3,0.3,0.34,+0.7,+0.7
Konrad Laimer,"MF,FW",Austria,26,1997,3.0,0,2,0,0.0,0.67,0.00,0.00,,13.4,0,0,0,0.5,0.5,0.26,-0.5,-0.5
Ádám Lang,DF,Hungary,31,1993,0.5,0,0,0,,0.00,0.00,,,,0,0,0,0.0,0.0,,0.0,0.0
Aymeric Laporte,DF,Spain,29,1994,5.8,0,5,1,20.0,0.86,0.17,0.00,0.00,17.3,0,0,0,0.2,0.2,0.05,-0.2,-0.2
Robin Le Normand,DF,Spain,27,1996,4.9,0,3,0,0.0,0.61,0.00,0.00,,8.2,0,0,0,0.3,0.3,0.11,-0.3,-0.3
Rafael Leão,FW,Portugal,24,1999,3.2,0,3,0,0.0,0.94,0.00,0.00,,13.5,0,0,0,0.2,0.2,0.07,-0.2,-0.2
Robert Lewandowski,FW,Poland,35,1988,1.3,1,4,0,0.0,2.98,0.00,0.00,,24.4,0,1,1,1.0,0.2,0.04,0.0,-0.2
Philipp Lienhart,DF,Austria,27,1996,2.4,0,2,0,0.0,0.84,0.00,0.00,,11.3,0,0,0,0.3,0.3,0.13,-0.3,-0.3
Ondřej Lingr,"MF,FW",Czechia,25,1998,0.9,0,5,1,20.0,5.42,1.08,0.00,0.00,10.9,0,0,0,0.5,0.5,0.09,-0.5,-0.5
Dominik Livaković,GK,Croatia,29,1995,3.0,0,0,0,,0.00,0.00,,,,0,0,0,0.0,0.0,,0.0,0.0
Stanislav Lobotka,MF,Slovakia,29,1994,4.3,0,1,1,100.0,0.23,0.23,0.00,0.00,31.1,0,0,0,0.0,0.0,0.03,0.0,0.0
Saba Lobzhanidze,FW,Georgia,29,1994,0.1,0,1,0,0.0,10.00,0.00,0.00,,13.9,0,0,0,0.2,0.2,0.18,-0.2,-0.2
Luka Lochoshvili,"DF,MF",Georgia,25,1998,1.9,0,1,0,0.0,0.53,0.00,0.00,,10.0,0,0,0,0.1,0.1,0.06,-0.1,-0.1
Fermin López,MF,Spain,20,2003,0.3,0,2,0,0.0,6.21,0.00,0.00,,26.8,0,0,0,0.1,0.1,0.03,-0.1,-0.1
Romelu Lukaku,FW,Belgium,30,1993,4.0,0,11,8,72.7,2.76,2.01,0.00,0.00,11.3,0,0,0,1.7,1.7,0.15,-1.7,-1.7
Dodi Lukebakio,"FW,DF",Belgium,26,1997,0.7,0,3,1,33.3,4.15,1.38,0.00,0.00,15.2,0,0,0,0.2,0.2,0.08,-0.2,-0.2
Saša Lukić,MF,Serbia,27,1996,2.3,0,1,0,0.0,0.43,0.00,0.00,,17.3,0,0,0,0.1,0.1,0.08,-0.1,-0.1
Andriy Lunin,GK,Ukraine,24,1999,1.0,0,0,0,,0.00,0.00,,,,0,0,0,0.0,0.0,,0.0,0.0
Mike Maignan,GK,France,28,1995,6.3,0,0,0,,0.00,0.00,,,,0,0,0,0.0,0.0,,0.0,0.0
Kobbie Mainoo,MF,England,18,2005,4.1,0,5,0,0.0,1.22,0.00,0.00,,20.2,0,0,0,0.3,0.3,0.06,-0.3,-0.3
Lovro Majer,"FW,MF",Croatia,26,1998,1.6,0,2,0,0.0,1.23,0.00,0.00,,9.6,0,0,0,0.2,0.2,0.09,-0.2,-0.2
Donyell Malen,FW,Netherlands,25,1999,2.1,2,6,2,33.3,2.84,0.95,0.33,1.00,11.5,0,0,0,1.9,1.9,0.31,+0.1,+0.1
Ruslan Malinovskyi,MF,Ukraine,30,1993,0.4,0,1,0,0.0,2.57,0.00,0.00,,24.1,0,0,0,0.1,0.1,0.07,-0.1,-0.1
Giorgi Mamardashvili,GK,Georgia,23,2000,4.0,0,0,0,,0.00,0.00,,,,0,0,0,0.0,0.0,,0.0,0.0
Dennis Man,MF,Romania,25,1998,3.0,0,6,3,50.0,2.03,1.02,0.00,0.00,20.4,0,0,0,0.3,0.3,0.05,-0.3,-0.3
Rey Manaj,FW,Albania,26,1997,1.7,0,3,1,33.3,1.73,0.58,0.00,0.00,10.4,0,0,0,0.4,0.4,0.12,-0.4,-0.4
Gianluca Mancini,DF,Italy,27,1996,1.0,0,0,0,,0.00,0.00,,,,0,0,0,0.0,0.0,,0.0,0.0
Orel Mangala,MF,Belgium,25,1998,1.5,0,0,0,,0.00,0.00,,,,0,0,0,0.0,0.0,,0.0,0.0
Marius Marin,MF,Romania,25,1998,3.4,0,0,0,,0.00,0.00,,,,0,0,0,0.0,0.0,,0.0,0.0
Răzvan Marin,MF,Romania,27,1996,3.9,2,5,2,40.0,1.27,0.51,0.20,0.50,31.9,1,1,1,0.9,0.1,0.03,+1.1,+0.9
Ádám Martin,"FW,DF",Hungary,29,1994,0.5,0,0,0,,0.00,0.00,,,,0,0,0,0.0,0.0,,0.0,0.0
Mykola Matviyenko,DF,Ukraine,27,1996,3.0,0,0,0,,0.00,0.00,,,,0,0,0,0.0,0.0,,0.0,0.0
Kylian Mbappé,FW,France,25,1998,5.2,1,23,8,34.8,4.46,1.55,0.00,0.00,17.4,1,1,1,2.9,2.1,0.09,-1.9,-2.1
John McGinn,"MF,FW",Scotland,29,1994,2.6,0,0,0,,0.00,0.00,,,,0,0,0,0.0,0.0,,0.0,0.0
Callum McGregor,MF,Scotland,30,1993,2.7,0,3,0,0.0,1.10,0.00,0.00,,20.2,0,0,0,0.1,0.1,0.05,-0.1,-0.1
Scott McKenna,DF,Scotland,27,1996,1.5,0,2,0,0.0,1.34,0.00,0.00,,14.2,0,0,0,0.0,0.0,0.02,0.0,0.0
Kenny McLean,MF,Scotland,32,1992,0.5,0,1,1,100.0,2.05,2.05,0.00,0.00,24.9,0,0,0,0.0,0.0,0.01,0.0,0.0
Scott McTominay,MF,Scotland,27,1996,3.0,1,4,1,25.0,1.33,0.33,0.25,1.00,14.2,0,0,0,0.3,0.3,0.07,+0.7,+0.7
Anzor Mekvabishvili,MF,Georgia,22,2001,2.1,0,2,1,50.0,0.96,0.48,0.00,0.00,25.6,0,0,0,0.1,0.1,0.06,-0.1,-0.1
Memphis,"FW,MF",Netherlands,29,1994,5.1,1,17,3,17.6,3.35,0.59,0.06,0.33,16.8,2,0,0,2.0,2.0,0.12,-1.0,-1.0
Nuno Mendes,DF,Portugal,21,2002,4.7,0,3,2,66.7,0.64,0.43,0.00,0.00,19.3,0,0,0,0.2,0.2,0.06,-0.2,-0.2
Mikel Merino,"MF,FW",Spain,27,1996,2.0,1,3,2,66.7,1.48,0.99,0.33,0.50,10.7,0,0,0,0.6,0.6,0.20,+0.4,+0.4
Valentin Mihaila,MF,Romania,23,2000,1.3,0,4,0,0.0,3.13,0.00,0.00,,21.5,0,0,0,0.1,0.1,0.03,-0.1,-0.1
Srđan Mijailović,DF,Serbia,30,1993,0.8,0,0,0,,0.00,0.00,,,,0,0,0,0.0,0.0,,0.0,0.0
Georges Mikautadze,FW,Georgia,23,2000,3.8,3,4,1,25.0,1.04,0.26,0.25,1.00,19.9,0,2,2,2.3,0.7,0.17,+0.7,+0.3
Nikola Milenković,DF,Serbia,26,1997,3.0,0,0,0,,0.00,0.00,,,,0,0,0,0.0,0.0,,0.0,0.0
Sergej Milinković-Savić,MF,Serbia,28,1995,1.3,0,3,1,33.3,2.23,0.74,0.00,0.00,19.1,0,0,0,0.2,0.2,0.08,-0.2,-0.2
Mario Mitaj,DF,Albania,20,2003,3.0,0,1,0,0.0,0.33,0.00,0.00,,22.2,0,0,0,0.0,0.0,0.04,0.0,0.0
Aleksandar Mitrović,FW,Serbia,29,1994,2.7,0,10,2,20.0,3.75,0.75,0.00,0.00,10.9,0,0,0,1.2,1.2,0.12,-1.2,-1.2
Maximilian Mittelstädt,DF,Germany,26,1997,3.4,0,5,0,0.0,1.48,0.00,0.00,,22.2,0,0,0,0.1,0.1,0.03,-0.1,-0.1
Filip Mladenović,DF,Serbia,32,1991,1.2,0,0,0,,0.00,0.00,,,,0,0,0,0.0,0.0,,0.0,0.0
Jan Mlakar,MF,Slovenia,25,1998,3.3,0,2,1,50.0,0.61,0.31,0.00,0.00,16.4,0,0,0,0.1,0.1,0.06,-0.1,-0.1
Jakub Moder,MF,Poland,24,1999,2.0,0,4,1,25.0,2.00,0.50,0.00,0.00,19.7,0,0,0,0.6,0.6,0.16,-0.6,-0.6
Luka Modrić,MF,Croatia,38,1985,2.6,1,4,1,25.0,1.55,0.39,0.25,1.00,24.1,0,0,1,1.0,0.1,0.02,0.0,+0.9
Vasile Mogos,DF,Romania,31,1992,0.4,0,0,0,,0.00,0.00,,,,0,0,0,0.0,0.0,,0.0,0.0
Álvaro Morata,FW,Spain,31,1992,5.0,1,14,4,28.6,2.81,0.80,0.07,0.25,16.4,0,0,0,1.5,1.5,0.11,-0.5,-0.5
Lewis Morgan,DF,Scotland,27,1996,0.0,0,1,0,0.0,45.00,0.00,0.00,,16.5,0,0,0,0.0,0.0,0.04,0.0,0.0
Ernest Muçi,FW,Albania,22,2001,0.2,0,0,0,,0.00,0.00,,,,0,0,0,0.0,0.0,,0.0,0.0
Mykhailo Mudryk,"FW,MF",Ukraine,23,2001,1.9,0,6,2,33.3,3.10,1.03,0.00,0.00,19.4,0,0,0,0.4,0.4,0.07,-0.4,-0.4
Mert Müldür,"DF,MF",Türkiye,24,1999,3.8,1,3,2,66.7,0.78,0.52,0.33,0.50,17.4,0,0,0,0.6,0.6,0.18,+0.4,+0.4
Thomas Müller,"MF,FW",Germany,34,1989,0.6,0,1,0,0.0,1.55,0.00,0.00,,7.7,0,0,0,0.4,0.4,0.37,-0.4,-0.4
Jamal Musiala,FW,Germany,20,2003,4.7,3,10,4,40.0,2.15,0.86,0.30,0.75,18.6,0,0,0,1.0,1.0,0.10,+2.0,+2.0
Phillipp Mwene,DF,Austria,30,1994,2.2,0,0,0,,0.00,0.00,,,,0,0,0,0.0,0.0,,0.0,0.0
Vitaliy Mykolenko,DF,Ukraine,24,1999,0.6,0,0,0,,0.00,0.00,,,,0,0,0,0.0,0.0,,0.0,0.0
Joakim Mæhle,"DF,MF",Denmark,26,1997,3.1,0,1,0,0.0,0.32,0.00,0.00,,11.2,0,0,0,0.1,0.1,0.12,-0.1,-0.1
Nacho,DF,Spain,34,1990,2.9,0,0,0,,0.00,0.00,,,,0,0,0,0.0,0.0,,0.0,0.0
Ádám Nagy,MF,Hungary,28,1995,1.8,0,1,0,0.0,0.57,0.00,0.00,,30.2,0,0,0,0.0,0.0,0.02,0.0,0.0
Zsolt Nagy,DF,Hungary,30,1993,0.2,0,0,0,,0.00,0.00,,,,0,0,0,0.0,0.0,,0.0,0.0
Jesús Navas,DF,Spain,38,1985,1.7,0,0,0,,0.00,0.00,,,,0,0,0,0.0,0.0,,0.0,0.0
Dan Ndoye,"MF,DF",Switzerland,23,2000,4.5,1,14,2,14.3,3.10,0.44,0.07,0.50,16.1,0,0,0,1.6,1.6,0.11,-0.6,-0.6
Pedro Neto,"DF,FW",Portugal,23,2000,1.3,0,0,0,,0.00,0.00,,,,0,0,0,0.0,0.0,,0.0,0.0
Manuel Neuer,GK,Germany,37,1986,5.3,0,0,0,,0.00,0.00,,,,0,0,0,0.0,0.0,,0.0,0.0
João Neves,MF,Portugal,19,2004,0.9,0,1,0,0.0,1.17,0.00,0.00,,21.4,0,0,0,0.1,0.1,0.05,-0.1,-0.1
Rúben Neves,MF,Portugal,26,1997,1.4,0,2,0,0.0,1.44,0.00,0.00,,30.8,0,0,0,0.1,0.1,0.03,-0.1,-0.1
Florin Niță,GK,Romania,36,1987,4.0,0,0,0,,0.00,0.00,,,,0,0,0,0.0,0.0,,0.0,0.0
Matheus Nunes,MF,Portugal,25,1998,0.2,0,1,0,0.0,5.00,0.00,0.00,,9.5,0,0,0,0.3,0.3,0.25,-0.3,-0.3
Christian Nørgaard,MF,Denmark,29,1994,0.4,0,0,0,,0.00,0.00,,,,0,0,0,0.0,0.0,,0.0,0.0
Adam Obert,DF,Slovakia,21,2002,0.3,0,0,0,,0.00,0.00,,,,0,0,0,0.0,0.0,,0.0,0.0
Jan Oblak,GK,Slovenia,31,1993,4.3,0,0,0,,0.00,0.00,,,,0,0,0,0.0,0.0,,0.0,0.0
Darius Olaru,MF,Romania,25,1998,0.3,0,0,0,,0.00,0.00,,,,0,0,0,0.0,0.0,,0.0,0.0
Dani Olmo,"MF,FW",Spain,25,1998,4.8,3,17,6,35.3,3.54,1.25,0.18,0.50,21.0,0,0,0,1.7,1.7,0.10,+1.3,+1.3
Amadou Onana,MF,Belgium,22,2001,4.0,0,3,1,33.3,0.75,0.25,0.00,0.00,16.8,0,0,0,0.1,0.1,0.04,-0.1,-0.1
Loïs Openda,FW,Belgium,23,2000,0.8,0,0,0,,0.00,0.00,,,,0,0,0,0.0,0.0,,0.0,0.0
Willi Orban,DF,Hungary,31,1992,3.0,0,3,1,33.3,1.00,0.33,0.00,0.00,7.8,0,0,0,0.6,0.6,0.20,-0.6,-0.6
Mikel Oyarzabal,FW,Spain,26,1997,2.2,1,6,3,50.0,2.69,1.34,0.17,0.33,18.3,0,0,0,1.0,1.0,0.17,0.0,0.0
Salih Özcan,MF,Türkiye,26,1998,1.7,0,1,0,0.0,0.58,0.00,0.00,,30.4,0,0,0,0.0,0.0,0.03,0.0,0.0
João Palhinha,MF,Portugal,28,1995,3.3,0,5,2,40.0,1.51,0.60,0.00,0.00,21.0,0,0,0,0.2,0.2,0.03,-0.2,-0.2
Cole Palmer,"MF,FW",England,21,2002,1.7,1,3,2,66.7,1.81,1.21,0.33,0.50,19.1,0,0,0,0.2,0.2,0.06,+0.8,+0.8
Mario Pašalić,"FW,MF",Croatia,28,1995,1.3,0,3,0,0.0,2.33,0.00,0.00,,7.0,0,0,0,0.4,0.4,0.12,-0.4,-0.4
Strahinja Pavlović,DF,Serbia,22,2001,3.0,0,0,0,,0.00,0.00,,,,0,0,0,0.0,0.0,,0.0,0.0
Pedri,MF,Spain,21,2002,2.1,0,6,4,66.7,2.90,1.94,0.00,0.00,16.1,0,0,0,1.1,1.1,0.18,-1.1,-1.1
Peter Pekarík,DF,Slovakia,37,1986,4.2,0,3,0,0.0,0.72,0.00,0.00,,17.8,0,0,0,0.7,0.7,0.23,-0.7,-0.7
Lorenzo Pellegrini,"FW,MF",Italy,27,1996,2.4,0,7,1,14.3,2.89,0.41,0.00,0.00,17.5,1,0,0,0.5,0.5,0.08,-0.5,-0.5
Patrick Pentz,GK,Austria,27,1997,4.0,0,0,0,,0.00,0.00,,,,0,0,0,0.0,0.0,,0.0,0.0
Pepe,DF,Portugal,40,1983,4.5,0,1,0,0.0,0.22,0.00,0.00,,10.9,0,0,0,0.0,0.0,0.03,0.0,0.0
Danilo Pereira,DF,Portugal,32,1991,1.0,0,1,0,0.0,1.00,0.00,0.00,,4.1,0,0,0,0.1,0.1,0.12,-0.1,-0.1
Ayoze Pérez,FW,Spain,30,1993,0.1,0,3,2,66.7,20.77,13.85,0.00,0.00,12.5,0,0,0,0.3,0.3,0.10,-0.3,-0.3
Ivan Perišić,"DF,FW",Croatia,34,1989,1.5,0,4,2,50.0,2.59,1.29,0.00,0.00,23.3,0,0,0,0.1,0.1,0.03,-0.1,-0.1
Bruno Petković,FW,Croatia,29,1994,1.0,0,3,0,0.0,3.10,0.00,0.00,,14.2,0,0,1,1.1,0.3,0.10,-1.1,-0.3
Krzysztof Piątek,FW,Poland,28,1995,0.7,1,2,1,50.0,3.05,1.53,0.50,1.00,16.9,0,0,0,0.5,0.5,0.27,+0.5,+0.5
Jordan Pickford,GK,England,29,1994,7.7,0,0,0,,0.00,0.00,,,,0,0,0,0.0,0.0,,0.0,0.0
Jakub Piotrowski,MF,Poland,26,1997,0.6,0,2,0,0.0,3.10,0.00,0.00,,7.9,0,0,0,0.2,0.2,0.08,-0.2,-0.2
Marin Pongračić,DF,Croatia,26,1997,2.0,0,0,0,,0.00,0.00,,,,0,0,0,0.0,0.0,,0.0,0.0
Ryan Porteous,DF,Scotland,24,1999,0.5,0,0,0,,0.00,0.00,,,,0,0,0,0.0,0.0,,0.0,0.0
Stefan Posch,DF,Austria,26,1997,4.0,0,7,3,42.9,1.75,0.75,0.00,0.00,21.5,0,0,0,0.3,0.3,0.04,-0.3,-0.3
Yussuf Poulsen,"FW,MF",Denmark,29,1994,0.6,0,0,0,,0.00,0.00,,,,0,0,0,0.0,0.0,,0.0,0.0
Alexander Prass,DF,Austria,22,2001,1.8,0,0,0,,0.00,0.00,,,,0,0,0,0.0,0.0,,0.0,0.0
Lukáš Provod,MF,Czechia,27,1996,2.6,1,3,3,100.0,1.16,1.16,0.33,0.33,25.7,0,0,0,0.1,0.1,0.04,+0.9,+0.9
George Pușcaș,FW,Romania,27,1996,0.4,0,0,0,,0.00,0.00,,,,0,0,0,0.0,0.0,,0.0,0.0
Leopold Querfeld,DF,Austria,20,2003,0.3,0,0,0,,0.00,0.00,,,,0,0,0,0.0,0.0,,0.0,0.0
Adrien Rabiot,MF,France,28,1995,4.1,0,3,0,0.0,0.73,0.00,0.00,,19.9,0,0,0,0.3,0.3,0.10,-0.3,-0.3
Bogdan Racovitan,DF,Romania,23,2000,0.6,0,0,0,,0.00,0.00,,,,0,0,0,0.0,0.0,,0.0,0.0
Predrag Rajković,GK,Serbia,28,1995,3.0,0,0,0,,0.00,0.00,,,,0,0,0,0.0,0.0,,0.0,0.0
Anthony Ralston,DF,Scotland,25,1998,2.9,0,0,0,,0.00,0.00,,,,0,0,0,0.0,0.0,,0.0,0.0
Ylber Ramadani,MF,Albania,27,1996,2.9,0,0,0,,0.00,0.00,,,,0,0,0,0.0,0.0,,0.0,0.0
Gonçalo Ramos,FW,Portugal,22,2001,0.3,0,1,0,0.0,3.60,0.00,0.00,,5.5,0,0,0,0.1,0.1,0.07,-0.1,-0.1
Giacomo Raspadori,FW,Italy,23,2000,0.9,0,1,0,0.0,1.08,0.00,0.00,,29.3,1,0,0,0.1,0.1,0.08,-0.1,-0.1
Andrei Ratiu,DF,Romania,25,1998,4.0,0,3,3,100.0,0.75,0.75,0.00,0.00,18.9,0,0,0,0.1,0.1,0.04,-0.1,-0.1
David Raum,DF,Germany,25,1998,1.8,0,1,0,0.0,0.54,0.00,0.00,,27.5,0,0,0,0.0,0.0,0.03,0.0,0.0
David Raya,GK,Spain,28,1995,1.0,0,0,0,,0.00,0.00,,,,0,0,0,0.0,0.0,,0.0,0.0
Tijjani Reijnders,MF,Netherlands,25,1998,5.5,0,10,0,0.0,1.81,0.00,0.00,,21.3,0,0,0,0.7,0.7,0.07,-0.7,-0.7
Mateo Retegui,FW,Italy,24,1999,1.7,0,4,1,25.0,2.37,0.59,0.00,0.00,15.3,0,0,0,0.2,0.2,0.06,-0.2,-0.2
Declan Rice,MF,England,25,1999,7.7,0,9,3,33.3,1.17,0.39,0.00,0.00,20.2,0,0,0,0.4,0.4,0.04,-0.4,-0.4
Fabian Rieder,MF,Switzerland,21,2002,2.4,0,1,1,100.0,0.41,0.41,0.00,0.00,28.1,1,0,0,0.0,0.0,0.03,0.0,0.0
Andrew Robertson,DF,Scotland,29,1994,3.0,0,0,0,,0.00,0.00,,,,0,0,0,0.0,0.0,,0.0,0.0
Rodri,MF,Spain,27,1996,5.8,1,5,1,20.0,0.87,0.17,0.20,1.00,24.2,0,0,0,0.3,0.3,0.07,+0.7,+0.7
Ricardo Rodríguez,DF,Switzerland,31,1992,5.3,0,3,0,0.0,0.56,0.00,0.00,,27.2,0,0,0,0.1,0.1,0.02,-0.1,-0.1
Taras Romanchuk,MF,Poland,32,1991,0.6,0,0,0,,0.00,0.00,,,,0,0,0,0.0,0.0,,0.0,0.0
Cristiano Ronaldo,FW,Portugal,38,1985,5.4,0,22,9,40.9,4.08,1.67,0.00,0.00,17.3,7,0,1,3.6,2.8,0.13,-3.6,-2.8
Antonio Rüdiger,DF,Germany,30,1993,5.3,0,4,1,25.0,0.75,0.19,0.00,0.00,21.5,0,0,0,0.2,0.2,0.05,-0.2,-0.2
Fabián Ruiz Peña,MF,Spain,27,1996,6.0,2,17,6,35.3,2.83,1.00,0.12,0.33,21.2,0,0,0,1.7,1.7,0.10,+0.3,+0.3
Adrian Rus,MF,Romania,27,1996,0.2,0,0,0,,0.00,0.00,,,,0,0,0,0.0,0.0,,0.0,0.0
Marcel Sabitzer,"FW,MF",Austria,29,1994,4.0,1,12,3,25.0,3.00,0.75,0.08,0.33,20.7,2,0,0,0.9,0.9,0.07,+0.1,+0.1
Bukayo Saka,"FW,DF",England,22,2001,7.0,1,8,1,12.5,1.14,0.14,0.13,1.00,18.2,0,0,0,0.4,0.4,0.05,+0.6,+0.6
Bartosz Salamon,DF,Poland,32,1991,0.9,0,1,0,0.0,1.06,0.00,0.00,,62.6,0,0,0,0.0,0.0,0.01,0.0,0.0
William Saliba,DF,France,22,2001,6.3,0,2,0,0.0,0.32,0.00,0.00,,15.6,0,0,0,0.1,0.1,0.05,-0.1,-0.1
Roland Sallai,MF,Hungary,26,1997,3.0,0,8,2,25.0,2.71,0.68,0.00,0.00,17.6,0,0,0,0.6,0.6,0.08,-0.6,-0.6
Lazar Samardzic,MF,Serbia,21,2002,0.6,0,1,0,0.0,1.67,0.00,0.00,,20.5,0,0,0,0.1,0.1,0.08,-0.1,-0.1
Leroy Sané,FW,Germany,28,1996,2.3,0,7,3,42.9,3.03,1.30,0.00,0.00,21.7,1,0,0,0.4,0.4,0.06,-0.4,-0.4
Leo Sauer,FW,Slovakia,18,2005,0.1,0,0,0,,0.00,0.00,,,,0,0,0,0.0,0.0,,0.0,0.0
Gianluca Scamacca,FW,Italy,25,1999,2.8,0,6,1,16.7,2.15,0.36,0.00,0.00,18.0,0,0,0,0.6,0.6,0.10,-0.6,-0.6
András Schäfer,MF,Hungary,24,1999,3.0,0,2,1,50.0,0.67,0.33,0.00,0.00,21.5,0,0,0,0.1,0.1,0.04,-0.1,-0.1
Fabian Schär,DF,Switzerland,32,1991,5.3,0,5,0,0.0,0.94,0.00,0.00,,17.6,0,0,0,0.2,0.2,0.05,-0.2,-0.2
Patrik Schick,FW,Czechia,28,1996,1.4,1,7,4,57.1,4.96,2.83,0.14,0.25,11.4,0,0,0,1.5,1.5,0.21,-0.5,-0.5
Nico Schlotterbeck,DF,Germany,24,1999,1.3,0,2,1,50.0,1.50,0.75,0.00,0.00,9.8,0,0,0,0.1,0.1,0.03,-0.1,-0.1
Kasper Schmeichel,GK,Denmark,37,1986,4.0,0,0,0,,0.00,0.00,,,,0,0,0,0.0,0.0,,0.0,0.0
Romano Schmid,"FW,MF",Austria,24,2000,1.6,1,1,1,100.0,0.62,0.62,1.00,1.00,10.1,0,0,0,0.1,0.1,0.13,+0.9,+0.9
Jerdy Schouten,MF,Netherlands,27,1997,5.6,0,1,0,0.0,0.18,0.00,0.00,,14.3,0,0,0,0.1,0.1,0.05,-0.1,-0.1
Ivan Schranz,FW,Slovakia,30,1993,3.7,3,5,4,80.0,1.36,1.09,0.60,0.75,10.3,0,0,0,1.0,1.0,0.21,+2.0,+2.0
Taulant Seferi,FW,Albania,27,1996,1.0,0,1,1,100.0,0.96,0.96,0.00,0.00,29.5,0,0,0,0.0,0.0,0.02,0.0,0.0
Nicolas Seiwald,MF,Austria,22,2001,4.0,0,1,1,100.0,0.25,0.25,0.00,0.00,28.0,0,0,0,0.0,0.0,0.04,0.0,0.0
Nélson Semedo,DF,Portugal,30,1993,1.1,0,2,1,50.0,1.80,0.90,0.00,0.00,17.4,0,0,0,0.2,0.2,0.10,-0.2,-0.2
Benjamin Šeško,FW,Slovenia,20,2003,4.0,0,8,4,50.0,2.01,1.01,0.00,0.00,22.4,0,0,0,0.9,0.9,0.11,-0.9,-0.9
Petr Ševčík,MF,Czechia,29,1994,0.2,0,1,0,0.0,4.09,0.00,0.00,,16.8,0,0,0,0.1,0.1,0.12,-0.1,-0.1
Stephan El Shaarawy,FW,Italy,31,1992,0.5,0,0,0,,0.00,0.00,,,,0,0,0,0.0,0.0,,0.0,0.0
Lawrence Shankland,FW,Scotland,28,1995,0.3,0,0,0,,0.00,0.00,,,,0,0,0,0.0,0.0,,0.0,0.0
Mykola Shaparenko,MF,Ukraine,25,1998,2.4,1,1,1,100.0,0.41,0.41,1.00,1.00,11.9,0,0,0,0.2,0.2,0.22,+0.8,+0.8
Xherdan Shaqiri,"MF,FW",Switzerland,32,1991,0.8,1,1,1,100.0,1.27,1.27,1.00,1.00,23.4,0,0,0,0.1,0.1,0.07,+0.9,+0.9
Luke Shaw,DF,England,28,1995,2.0,0,0,0,,0.00,0.00,,,,0,0,0,0.0,0.0,,0.0,0.0
Vincent Sierro,MF,Switzerland,28,1995,0.4,0,1,0,0.0,2.37,0.00,0.00,,31.0,0,0,0,0.0,0.0,0.01,0.0,0.0
António Silva,DF,Portugal,20,2003,0.8,0,1,0,0.0,1.23,0.00,0.00,,3.6,0,0,0,0.1,0.1,0.12,-0.1,-0.1
Bernardo Silva,"FW,MF",Portugal,29,1994,4.7,1,7,2,28.6,1.50,0.43,0.14,0.50,14.5,0,0,0,0.7,0.7,0.10,+0.3,+0.3
Unai Simón,GK,Spain,26,1997,6.3,0,0,0,,0.00,0.00,,,,0,0,0,0.0,0.0,,0.0,0.0
Xavi Simons,"MF,FW",Netherlands,20,2003,5.0,1,10,4,40.0,1.98,0.79,0.10,0.25,24.3,0,0,0,0.6,0.6,0.06,+0.4,+0.4
Michał Skóraś,DF,Poland,23,2000,0.3,0,0,0,,0.00,0.00,,,,0,0,0,0.0,0.0,,0.0,0.0
Łukasz Skorupski,GK,Poland,32,1991,1.0,0,0,0,,0.00,0.00,,,,0,0,0,0.0,0.0,,0.0,0.0
Andreas Skov Olsen,"MF,FW",Denmark,24,1999,1.4,0,1,0,0.0,0.74,0.00,0.00,,17.6,0,0,0,0.0,0.0,0.03,0.0,0.0
Milan Škriniar,DF,Slovakia,28,1995,4.3,0,3,0,0.0,0.69,0.00,0.00,,17.4,0,0,0,0.3,0.3,0.09,-0.3,-0.3
Bartosz Slisz,MF,Poland,24,1999,1.2,0,0,0,,0.00,0.00,,,,0,0,0,0.0,0.0,,0.0,0.0
Yann Sommer,GK,Switzerland,35,1988,5.3,0,0,0,,0.00,0.00,,,,0,0,0,0.0,0.0,,0.0,0.0
Deian Sorescu,"MF,DF",Romania,26,1997,0.4,0,0,0,,0.00,0.00,,,,0,0,0,0.0,0.0,,0.0,0.0
Borna Sosa,DF,Croatia,26,1998,0.1,0,0,0,,0.00,0.00,,,,0,0,0,0.0,0.0,,0.0,0.0
Tomáš Souček,MF,Czechia,28,1995,3.0,1,2,1,50.0,0.67,0.33,0.50,1.00,13.8,0,0,0,0.6,0.6,0.28,+0.4,+0.4
Andraž Šporar,FW,Slovenia,29,1994,3.8,0,7,1,14.3,1.86,0.27,0.00,0.00,14.5,0,0,0,1.0,1.0,0.14,-1.0,-1.0
Nicolae Stanciu,"MF,FW",Romania,30,1993,3.9,1,4,2,50.0,1.02,0.51,0.25,0.50,25.9,1,0,0,0.2,0.2,0.05,+0.8,+0.8
Jindřich Staněk,GK,Czechia,27,1996,2.6,0,0,0,,0.00,0.00,,,,0,0,0,0.0,0.0,,0.0,0.0
Josip Stanišić,DF,Croatia,23,2000,2.0,0,1,0,0.0,0.50,0.00,0.00,,8.7,0,0,0,0.2,0.2,0.19,-0.2,-0.2
Renato Steffen,DF,Switzerland,32,1991,0.0,0,0,0,,0.00,0.00,,,,0,0,0,0.0,0.0,,0.0,0.0
Taras Stepanenko,MF,Ukraine,34,1989,0.9,0,1,0,0.0,1.10,0.00,0.00,,9.3,0,0,0,0.1,0.1,0.07,-0.1,-0.1
Leonidas Stergiou,DF,Switzerland,21,2002,0.5,0,0,0,,0.00,0.00,,,,0,0,0,0.0,0.0,,0.0,0.0
Petar Stojanović,MF,Slovenia,28,1995,3.5,0,1,0,0.0,0.28,0.00,0.00,,28.4,0,0,0,0.0,0.0,0.03,0.0,0.0
John Stones,DF,England,29,1994,7.7,0,1,0,0.0,0.13,0.00,0.00,,10.2,0,0,0,0.1,0.1,0.05,-0.1,-0.1
Thomas Strakosha,GK,Albania,28,1995,3.0,0,0,0,,0.00,0.00,,,,0,0,0,0.0,0.0,,0.0,0.0
Dávid Strelec,FW,Slovakia,22,2001,2.0,0,7,1,14.3,3.46,0.49,0.00,0.00,21.0,0,0,0,0.7,0.7,0.10,-0.7,-0.7
Callum Styles,MF,Hungary,23,2000,0.7,0,0,0,,0.00,0.00,,,,0,0,0,0.0,0.0,,0.0,0.0
Luka Sučić,"FW,MF",Croatia,21,2002,1.6,0,3,2,66.7,1.93,1.29,0.00,0.00,18.0,0,0,0,0.6,0.6,0.19,-0.6,-0.6
Heorhiy Sudakov,MF,Ukraine,21,2002,2.9,0,9,4,44.4,3.09,1.37,0.00,0.00,23.9,2,0,0,0.5,0.5,0.05,-0.5,-0.5
Pavel Šulc,MF,Czechia,23,2000,0.9,0,1,0,0.0,1.15,0.00,0.00,,17.7,0,0,0,0.1,0.1,0.09,-0.1,-0.1
Tomáš Suslov,"FW,MF",Slovakia,21,2002,1.4,0,0,0,,0.00,0.00,,,,0,0,0,0.0,0.0,,0.0,0.0
Josip Šutalo,DF,Croatia,23,2000,3.0,0,1,0,0.0,0.33,0.00,0.00,,1.4,0,0,0,0.6,0.6,0.61,-0.6,-0.6
Oleksandr Svatok,DF,Ukraine,29,1994,0.9,0,0,0,,0.00,0.00,,,,0,0,0,0.0,0.0,,0.0,0.0
Karol Świderski,FW,Poland,27,1997,1.0,0,2,2,100.0,2.00,2.00,0.00,0.00,15.0,0,0,0,0.3,0.3,0.15,-0.3,-0.3
Serhiy Sydorchuk,MF,Ukraine,32,1991,0.1,0,0,0,,0.00,0.00,,,,0,0,0,0.0,0.0,,0.0,0.0
Attila Szalai,DF,Hungary,26,1998,1.1,0,1,0,0.0,0.95,0.00,0.00,,12.6,0,0,0,0.1,0.1,0.09,-0.1,-0.1
Wojciech Szczęsny,GK,Poland,33,1990,2.0,0,0,0,,0.00,0.00,,,,0,0,0,0.0,0.0,,0.0,0.0
Dominik Szoboszlai,MF,Hungary,23,2000,3.0,0,6,2,33.3,2.00,0.67,0.00,0.00,22.1,2,0,0,0.3,0.3,0.05,-0.3,-0.3
Sebastian Szymański,MF,Poland,24,1999,1.2,0,1,0,0.0,0.80,0.00,0.00,,17.8,0,0,0,0.0,0.0,0.03,0.0,0.0
Dušan Tadić,MF,Serbia,35,1988,1.7,0,0,0,,0.00,0.00,,,,0,0,0,0.0,0.0,,0.0,0.0
Jonathan Tah,DF,Germany,27,1996,3.5,0,1,0,0.0,0.28,0.00,0.00,,11.9,0,0,0,0.0,0.0,0.04,0.0,0.0
Maksym Talovierov,MF,Ukraine,23,2000,0.0,0,0,0,,0.00,0.00,,,,0,0,0,0.0,0.0,,0.0,0.0
Aurélien Tchouaméni,MF,France,24,2000,5.2,0,12,2,16.7,2.30,0.38,0.00,0.00,25.2,0,0,0,0.4,0.4,0.03,-0.4,-0.4
Arthur Theate,DF,Belgium,23,2000,2.8,0,2,0,0.0,0.70,0.00,0.00,,30.6,0,0,0,0.0,0.0,0.01,0.0,0.0
Marcus Thuram,FW,France,26,1997,2.9,0,12,2,16.7,4.15,0.69,0.00,0.00,13.8,0,0,0,0.7,0.7,0.06,-0.7,-0.7
Youri Tielemans,MF,Belgium,26,1997,1.6,1,4,1,25.0,2.43,0.61,0.25,1.00,24.2,0,0,0,0.1,0.1,0.03,+0.9,+0.9
Kieran Tierney,DF,Scotland,26,1997,1.5,0,0,0,,0.00,0.00,,,,0,0,0,0.0,0.0,,0.0,0.0
Ivan Toney,FW,England,27,1996,0.5,0,1,0,0.0,2.00,0.00,0.00,,21.9,0,0,0,0.1,0.1,0.11,-0.1,-0.1
Ferrán Torres,"FW,MF",Spain,23,2000,1.7,1,5,1,20.0,2.90,0.58,0.20,1.00,13.8,0,0,0,0.6,0.6,0.13,+0.4,+0.4
Cenk Tosun,FW,Türkiye,32,1991,0.3,1,3,1,33.3,10.80,3.60,0.33,1.00,12.7,0,0,0,0.3,0.3,0.11,+0.7,+0.7
Gernot Trauner,DF,Austria,31,1992,1.0,1,1,1,100.0,1.00,1.00,1.00,1.00,5.9,0,0,0,0.1,0.1,0.08,+0.9,+0.9
Kieran Trippier,DF,England,33,1990,5.0,0,1,0,0.0,0.20,0.00,0.00,,17.8,0,0,0,0.1,0.1,0.09,-0.1,-0.1
Leandro Trossard,FW,Belgium,29,1994,1.9,0,4,1,25.0,2.13,0.53,0.00,0.00,22.8,0,0,0,0.2,0.2,0.06,-0.2,-0.2
Anatolii Trubin,GK,Ukraine,22,2001,2.0,0,0,0,,0.00,0.00,,,,0,0,0,0.0,0.0,,0.0,0.0
Heorhii Tsitaishvili,"DF,MF",Georgia,23,2000,2.1,0,3,2,66.7,1.42,0.95,0.00,0.00,15.1,0,0,0,0.2,0.2,0.06,-0.2,-0.2
Viktor Tsyhankov,FW,Ukraine,26,1997,0.7,0,2,0,0.0,2.90,0.00,0.00,,20.9,0,0,0,0.1,0.1,0.06,-0.1,-0.1
Ľubomír Tupta,MF,Slovakia,25,1998,0.1,0,1,0,0.0,7.50,0.00,0.00,,30.8,1,0,0,0.0,0.0,0.05,0.0,0.0
Oleksandr Tymchyk,DF,Ukraine,27,1997,2.2,0,0,0,,0.00,0.00,,,,0,0,0,0.0,0.0,,0.0,0.0
Deniz Undav,MF,Germany,27,1996,0.1,0,0,0,,0.00,0.00,,,,0,0,0,0.0,0.0,,0.0,0.0
Dayot Upamecano,DF,France,25,1998,6.3,0,3,0,0.0,0.47,0.00,0.00,,8.1,0,0,0,0.3,0.3,0.09,-0.3,-0.3
Kacper Urbanski,"FW,MF",Poland,19,2004,1.6,0,2,1,50.0,1.22,0.61,0.00,0.00,21.5,0,0,0,0.1,0.1,0.07,-0.1,-0.1
Virgil van Dijk,DF,Netherlands,32,1991,6.0,0,5,1,20.0,0.83,0.17,0.00,0.00,11.3,0,0,0,0.5,0.5,0.09,-0.5,-0.5
Vladyslav Vanat,FW,Ukraine,22,2002,0.2,0,0,0,,0.00,0.00,,,,0,0,0,0.0,0.0,,0.0,0.0
Barnabás Varga,FW,Hungary,30,1994,2.8,1,4,2,50.0,1.45,0.72,0.25,0.50,6.2,0,0,0,1.2,1.2,0.31,-0.2,-0.2
Ruben Vargas,"MF,FW",Switzerland,25,1998,3.4,1,5,4,80.0,1.47,1.18,0.20,0.25,16.1,0,0,0,0.7,0.7,0.14,+0.3,+0.3
Denis Vavro,DF,Slovakia,27,1996,4.3,0,3,0,0.0,0.69,0.00,0.00,,25.7,0,0,0,0.0,0.0,0.02,0.0,0.0
Joey Veerman,MF,Netherlands,25,1998,2.3,0,2,0,0.0,0.86,0.00,0.00,,17.8,0,0,0,0.2,0.2,0.08,-0.2,-0.2
Miloš Veljković,DF,Serbia,28,1995,3.0,0,0,0,,0.00,0.00,,,,0,0,0,0.0,0.0,,0.0,0.0
Micky van de Ven,DF,Netherlands,22,2001,0.8,0,0,0,,0.00,0.00,,,,0,0,0,0.0,0.0,,0.0,0.0
Benjamin Verbič,MF,Slovenia,30,1993,0.8,0,1,0,0.0,1.22,0.00,0.00,,26.2,0,0,0,0.0,0.0,0.02,0.0,0.0
Bart Verbruggen,GK,Netherlands,21,2002,6.0,0,0,0,,0.00,0.00,,,,0,0,0,0.0,0.0,,0.0,0.0
Jan Vertonghen,DF,Belgium,36,1987,3.0,0,1,0,0.0,0.33,0.00,0.00,,11.6,0,0,0,0.1,0.1,0.08,-0.1,-0.1
Jannik Vestergaard,DF,Denmark,31,1992,4.0,0,4,2,50.0,1.00,0.50,0.00,0.00,10.7,0,0,0,0.3,0.3,0.07,-0.3,-0.3
Žan Vipotnik,FW,Slovenia,21,2002,0.2,0,0,0,,0.00,0.00,,,,0,0,0,0.0,0.0,,0.0,0.0
Vitinha,MF,Portugal,23,2000,4.0,0,8,3,37.5,2.01,0.75,0.00,0.00,22.4,0,0,0,0.6,0.6,0.08,-0.6,-0.6
Daniel Vivian,DF,Spain,24,1999,1.4,0,1,0,0.0,0.73,0.00,0.00,,12.0,0,0,0,0.0,0.0,0.04,0.0,0.0
Dušan Vlahović,"MF,FW",Serbia,24,2000,2.0,0,6,2,33.3,3.05,1.02,0.00,0.00,21.1,1,0,0,0.2,0.2,0.04,-0.2,-0.2
Stefan de Vrij,DF,Netherlands,31,1992,6.0,1,4,1,25.0,0.67,0.17,0.25,1.00,9.5,0,0,0,0.3,0.3,0.08,+0.7,+0.7
Kyle Walker,DF,England,33,1990,7.7,0,0,0,,0.00,0.00,,,,0,0,0,0.0,0.0,,0.0,0.0
Ollie Watkins,FW,England,28,1995,0.7,1,3,2,66.7,4.35,2.90,0.33,0.50,16.8,0,0,0,0.3,0.3,0.10,+0.7,+0.7
Wout Weghorst,FW,Netherlands,31,1992,1.5,1,4,2,50.0,2.61,1.30,0.25,0.50,9.5,0,0,0,0.6,0.6,0.16,+0.4,+0.4
Andreas Weimann,FW,Austria,32,1991,0.0,0,0,0,,0.00,0.00,,,,0,0,0,0.0,0.0,,0.0,0.0
Silvan Widmer,DF,Switzerland,30,1993,3.3,0,2,0,0.0,0.60,0.00,0.00,,12.7,0,0,0,0.3,0.3,0.15,-0.3,-0.3
Georginio Wijnaldum,MF,Netherlands,33,1990,0.8,0,0,0,,0.00,0.00,,,,0,0,0,0.0,0.0,,0.0,0.0
Nico Williams,FW,Spain,21,2002,5.5,2,11,3,27.3,2.01,0.55,0.18,0.67,16.1,0,0,0,1.0,1.0,0.09,+1.0,+1.0
Patrick Wimmer,"FW,MF",Austria,22,2001,1.5,0,3,2,66.7,1.96,1.30,0.00,0.00,18.7,0,0,0,0.2,0.2,0.06,-0.2,-0.2
Jonas Wind,FW,Denmark,24,1999,2.1,0,5,1,20.0,2.33,0.47,0.00,0.00,12.5,0,0,0,0.5,0.5,0.09,-0.5,-0.5
Florian Wirtz,"FW,MF",Germany,20,2003,3.1,2,8,3,37.5,2.58,0.97,0.25,0.67,20.3,0,0,0,0.6,0.6,0.08,+1.4,+1.4
Maximilian Wöber,DF,Austria,25,1998,1.9,0,0,0,,0.00,0.00,,,,0,0,0,0.0,0.0,,0.0,0.0
Granit Xhaka,MF,Switzerland,31,1992,5.3,0,4,3,75.0,0.75,0.56,0.00,0.00,18.2,0,0,0,0.2,0.2,0.05,-0.2,-0.2
Lamine Yamal,FW,Spain,16,2007,5.6,1,18,7,38.9,3.22,1.25,0.06,0.14,20.6,3,0,0,1.8,1.8,0.10,-0.8,-0.8
Roman Yaremchuk,FW,Ukraine,28,1995,1.3,1,6,2,33.3,4.46,1.49,0.17,0.50,15.6,0,0,0,0.4,0.4,0.07,+0.6,+0.6
Andriy Yarmolenko,"FW,MF",Ukraine,34,1989,1.2,0,4,0,0.0,3.46,0.00,0.00,,15.7,0,0,0,0.5,0.5,0.12,-0.5,-0.5
Yusuf Yazıcı,"MF,FW",Türkiye,27,1997,0.6,0,3,2,66.7,4.74,3.16,0.00,0.00,21.1,0,0,0,0.2,0.2,0.06,-0.2,-0.2
Kenan Yıldız,"FW,MF",Türkiye,18,2005,3.8,0,11,3,27.3,2.87,0.78,0.00,0.00,18.3,0,0,0,0.7,0.7,0.07,-0.7,-0.7
Okay Yokuşlu,"MF,DF",Türkiye,29,1994,0.6,0,1,0,0.0,1.64,0.00,0.00,,26.4,0,0,0,0.0,0.0,0.05,0.0,0.0
İsmail Yüksek,MF,Türkiye,25,1999,1.7,0,1,0,0.0,0.59,0.00,0.00,,22.4,0,0,0,0.1,0.1,0.06,-0.1,-0.1
Illia Zabarnyi,DF,Ukraine,21,2002,3.0,0,0,0,,0.00,0.00,,,,0,0,0,0.0,0.0,,0.0,0.0
Mattia Zaccagni,"MF,FW",Italy,28,1995,0.9,1,2,1,50.0,2.20,1.10,0.50,1.00,14.7,0,0,0,0.2,0.2,0.11,+0.8,+0.8
Denis Zakaria,MF,Switzerland,27,1996,0.3,0,0,0,,0.00,0.00,,,,0,0,0,0.0,0.0,,0.0,0.0
Nicola Zalewski,DF,Poland,22,2002,2.7,0,2,1,50.0,0.73,0.36,0.00,0.00,22.2,0,0,0,0.1,0.1,0.06,-0.1,-0.1
Piotr Zieliński,MF,Poland,29,1994,2.8,0,8,3,37.5,2.85,1.07,0.00,0.00,25.3,2,0,0,0.5,0.5,0.06,-0.5,-0.5
Oleksandr Zinchenko,DF,Ukraine,27,1996,2.4,0,1,1,100.0,0.42,0.42,0.00,0.00,24.4,1,0,0,0.0,0.0,0.04,0.0,0.0
Joshua Zirkzee,"FW,DF",Netherlands,22,2001,0.1,0,0,0,,0.00,0.00,,,,0,0,0,0.0,0.0,,0.0,0.0
Andrija Živković,DF,Serbia,27,1996,2.7,0,0,0,,0.00,0.00,,,,0,0,0,0.0,0.0,,0.0,0.0
Budu Zivzivadze,"FW,MF",Georgia,29,1994,0.2,0,1,0,0.0,5.00,0.00,0.00,,6.8,0,0,0,0.1,0.1,0.09,-0.1,-0.1
Steven Zuber,MF,Switzerland,32,1991,0.9,0,2,0,0.0,2.34,0.00,0.00,,11.9,0,0,0,0.2,0.2,0.10,-0.2,-0.2
Martín Zubimendi,MF,Spain,24,1999,1.6,0,0,0,,0.00,0.00,,,,0,0,0,0.0,0.0,,0.0,0.0
Oleksandr Zubkov,FW,Ukraine,27,1996,0.3,0,0,0,,0.00,0.00,,,,0,0,0,0.0,0.0,,0.0,0.0
