Player,Pos,Squad,Age,Born,90s,CrdY,CrdR,2CrdY,Fouls,FoulsDrawn,Offsides,Crosses,Interceptions,TklWon,PKwon,PKconceded,OG,Recoveries,AerialDuelsWon,AerialDuelsLost,AerialDuelsWon%
Che Adams,FW,Scotland,27,1996,2.3,0,0,0,6,3,1,1,1,1,0,0,0,2,3,8,27.3
Michel Aebischer,DF,Switzerland,27,1997,5.3,0,0,0,2,7,1,3,2,3,0,0,0,20,4,6,40.0
Arlind Ajeti,DF,Albania,30,1993,3.0,0,0,0,1,0,0,0,6,0,0,0,0,5,4,9,30.8
Manuel Akanji,DF,Switzerland,28,1995,5.3,0,0,0,2,2,0,0,4,2,0,0,0,24,7,6,53.8
Samet Akaydın,DF,Türkiye,29,1994,3.7,2,0,0,3,1,0,0,7,4,0,0,1,9,10,6,62.5
Nathan Aké,DF,Netherlands,28,1995,5.2,1,0,0,3,1,0,1,6,5,0,0,0,11,3,4,42.9
Yunus Akgün,FW,Türkiye,23,2000,0.8,0,0,0,0,2,0,3,0,1,0,0,0,2,0,0,
Kerem Aktürkoğlu,"FW,MF",Türkiye,25,1998,1.2,0,0,0,2,0,1,3,1,1,0,0,0,6,0,2,0.0
Trent Alexander-Arnold,"MF,DF",England,25,1998,1.5,0,0,0,1,3,0,5,2,0,0,0,0,3,1,0,100.0
Denis Alibec,FW,Romania,33,1991,0.3,0,0,0,2,3,0,0,0,0,0,0,0,0,0,0,
Barış Alper Yılmaz,FW,Türkiye,23,2000,5.0,0,0,0,3,11,2,8,0,0,0,0,0,14,5,10,33.3
Sandro Altunashvili,MF,Georgia,26,1997,0.6,0,0,0,1,0,0,1,0,0,0,0,0,3,0,0,
Zeki Amdouni,"MF,FW",Switzerland,23,2000,0.6,0,0,0,1,2,0,0,0,0,0,0,0,4,1,1,50.0
Joachim Andersen,DF,Denmark,27,1996,4.0,1,0,0,8,0,0,5,2,1,0,1,0,9,18,4,81.8
Robert Andrich,MF,Germany,29,1994,3.5,2,0,0,11,3,0,1,2,8,0,0,0,15,6,8,42.9
Waldemar Anton,DF,Germany,27,1996,0.4,0,0,0,0,0,0,0,0,0,0,0,0,2,1,0,100.0
Stuart Armstrong,MF,Scotland,31,1992,0.2,0,0,0,1,0,0,3,0,0,0,0,0,1,1,1,50.0
Marko Arnautović,FW,Austria,34,1989,3.1,1,0,0,6,6,3,2,0,1,0,0,0,4,4,7,36.4
Jasir Asani,FW,Albania,28,1995,2.3,0,0,0,2,5,1,4,4,1,0,0,0,8,0,2,0.0
Kristjan Asllani,MF,Albania,21,2002,3.0,0,0,0,2,4,1,13,3,1,0,0,0,8,0,2,0.0
Kaan Ayhan,"MF,DF",Türkiye,29,1994,4.0,1,0,0,3,4,0,1,2,3,0,0,0,6,7,3,70.0
Alex Baena,"MF,FW",Spain,22,2001,0.3,0,0,0,1,0,0,0,0,1,0,0,0,1,0,1,0.0
Alexander Bah,"DF,MF",Denmark,26,1997,3.1,0,0,0,3,2,0,6,5,4,0,0,0,9,7,3,70.0
Nedim Bajrami,"FW,MF",Albania,24,1999,2.7,1,0,0,2,0,2,4,0,1,0,0,0,10,1,1,50.0
Johan Bakayoko,"FW,DF",Belgium,20,2003,0.5,0,0,0,0,1,0,0,0,1,0,0,0,2,0,0,
Jure Balkovec,DF,Slovenia,29,1994,1.3,1,0,0,1,0,0,1,2,3,0,0,0,1,1,2,33.3
Iván Balliu,DF,Albania,32,1992,1.0,0,0,0,0,1,0,0,2,0,0,0,0,2,0,0,
Nicușor Bancu,DF,Romania,31,1992,3.0,2,0,0,4,2,0,5,0,2,0,0,0,10,1,1,50.0
Antonín Barák,MF,Czechia,29,1994,0.5,2,1,1,3,1,0,1,0,1,0,0,0,4,0,2,0.0
Bradley Barcola,"FW,MF",France,21,2002,1.1,0,0,0,1,3,0,1,0,4,0,0,0,4,0,0,
Abdülkerim Bardakcı,DF,Türkiye,29,1994,4.0,2,0,0,3,1,0,1,2,2,0,0,0,17,7,7,50.0
Nicolò Barella,MF,Italy,26,1997,3.7,1,0,0,5,2,1,2,3,5,0,0,0,14,1,1,50.0
Alessandro Bastoni,DF,Italy,24,1999,4.0,0,0,0,3,6,0,1,1,2,0,0,0,24,4,5,44.4
Martin Baturina,FW,Croatia,20,2003,0.1,0,0,0,0,0,0,0,0,1,0,0,0,1,0,0,
Christoph Baumgartner,"MF,FW",Austria,24,1999,3.2,1,0,0,4,8,1,6,1,1,0,0,0,14,5,9,35.7
Altay Bayındır,GK,Türkiye,25,1998,1.0,0,0,0,0,0,0,0,0,0,0,0,0,3,1,0,100.0
Jan Bednarek,DF,Poland,27,1996,3.0,0,0,0,2,4,0,0,3,1,0,0,0,8,2,5,28.6
Maximilian Beier,FW,Germany,21,2002,0.3,0,0,0,0,0,0,1,0,0,0,0,0,0,1,0,100.0
Jude Bellingham,"MF,FW",England,20,2003,7.4,2,0,0,6,16,0,8,4,11,0,0,0,27,7,13,35.0
László Bénes,MF,Slovakia,26,1997,0.8,0,0,0,0,0,0,6,0,1,0,0,0,5,0,0,
Bartosz Bereszyński,DF,Poland,31,1992,0.1,0,0,0,0,0,0,1,0,0,0,0,0,0,0,0,
Steven Bergwijn,FW,Netherlands,26,1997,1.0,0,0,0,1,1,1,2,0,0,0,0,0,5,0,0,
Medon Berisha,MF,Albania,20,2003,0.2,1,0,0,1,0,0,0,1,0,0,0,0,3,0,2,0.0
Victor Bernth Kristiansen,"DF,MF",Denmark,21,2002,1.7,0,0,0,0,0,1,4,0,3,0,0,0,6,2,5,28.6
Matúš Bero,"MF,DF",Slovakia,28,1995,0.5,0,0,0,0,0,0,2,1,1,0,0,0,3,0,0,
Jaka Bijol,DF,Slovenia,24,1999,4.3,2,0,0,6,0,1,1,6,6,0,0,0,9,9,8,52.9
Veljko Birmančević,DF,Serbia,25,1998,0.3,0,0,0,0,1,0,5,2,0,0,0,0,0,0,1,0.0
Daley Blind,FW,Netherlands,33,1990,0.0,0,0,0,0,0,0,0,0,0,0,0,0,0,0,0,
Bendegúz Bolla,DF,Hungary,24,1999,2.3,1,0,0,3,1,1,8,1,3,0,0,0,3,0,1,0.0
Endre Botka,DF,Hungary,29,1994,1.0,0,0,0,2,0,0,0,1,1,0,0,0,2,6,6,50.0
Jarrod Bowen,FW,England,27,1996,0.4,0,0,0,1,1,0,3,1,1,0,0,0,1,2,1,66.7
Róbert Boženík,FW,Slovakia,24,1999,2.3,0,0,0,5,1,0,2,0,3,0,0,0,6,3,10,23.1
Volodymyr Brazhko,MF,Ukraine,22,2002,2.0,0,0,0,2,3,0,0,5,5,0,0,0,9,0,3,0.0
David Brekalo,MF,Slovenia,25,1998,0.0,0,0,0,0,0,0,0,0,0,0,0,0,0,0,1,0.0
Brian Brobbey,FW,Netherlands,21,2002,0.0,0,0,0,0,0,0,0,0,0,0,0,0,0,0,0,
Armando Broja,FW,Albania,22,2001,1.2,1,0,0,2,5,0,0,0,1,0,0,0,1,2,1,66.7
Marcelo Brozović,MF,Croatia,31,1992,2.5,1,0,0,2,0,0,4,4,0,0,0,0,2,1,1,50.0
Jacob Bruun Larsen,FW,Denmark,25,1998,0.1,0,0,0,0,0,0,1,0,0,0,0,0,1,0,0,
Ante Budimir,FW,Croatia,32,1991,1.4,0,0,0,5,1,0,1,0,2,0,0,0,1,7,11,38.9
Adam Buksa,FW,Poland,27,1996,1.7,0,0,0,2,4,0,0,0,0,0,0,0,0,3,7,30.0
Andrei Burcă,DF,Romania,30,1993,4.0,1,0,0,1,1,0,1,1,2,0,0,0,8,6,8,42.9
Riccardo Calafiori,DF,Italy,21,2002,3.0,2,0,0,4,2,0,1,6,1,0,0,1,13,7,2,77.8
Hakan Çalhanoğlu,MF,Türkiye,29,1994,3.9,2,0,0,7,3,1,16,1,4,0,0,0,22,3,3,50.0
Eduardo Camavinga,MF,France,21,2002,1.9,1,0,0,8,6,0,0,1,2,0,0,0,5,2,0,100.0
Andrea Cambiaso,"FW,DF",Italy,23,2000,0.8,0,0,0,2,1,0,5,0,4,0,0,0,4,0,0,
Emre Can,MF,Germany,30,1994,1.1,0,0,0,2,2,0,0,1,3,0,0,0,2,0,1,0.0
João Cancelo,"DF,MF",Portugal,29,1994,3.8,1,0,0,1,4,0,9,4,4,0,0,0,22,4,4,50.0
Yannick Carrasco,"DF,FW",Belgium,30,1993,2.4,0,0,0,2,1,1,3,0,2,0,0,0,11,0,0,
Dani Carvajal,DF,Spain,32,1992,5.2,3,1,1,5,3,0,10,6,5,0,0,0,18,6,8,42.9
Timothy Castagne,DF,Belgium,28,1995,4.0,0,0,0,2,0,0,5,2,1,0,0,0,14,3,5,37.5
Koen Casteels,GK,Belgium,31,1992,4.0,0,0,0,0,0,0,0,0,0,0,0,0,6,1,0,100.0
Žan Celar,"FW,MF",Slovenia,24,1999,0.7,1,0,0,1,0,2,0,1,1,0,0,0,1,2,0,100.0
Zeki Çelik,"DF,MF",Türkiye,26,1997,1.2,1,0,0,3,0,0,6,0,0,0,0,0,4,2,2,50.0
Václav Černý,MF,Czechia,26,1997,0.6,0,0,0,1,0,1,5,0,1,0,0,0,2,0,0,
Giorgi Chakvetadze,"MF,FW",Georgia,24,1999,2.7,0,0,0,4,1,0,4,1,5,0,0,0,10,3,3,50.0
Federico Chiesa,"FW,MF",Italy,26,1997,2.9,0,0,0,3,1,0,17,3,4,0,0,0,9,0,1,0.0
Tomáš Chorý,MF,Czechia,29,1995,0.4,0,1,0,2,1,0,0,0,0,0,0,0,0,2,6,25.0
Andreas Christensen,DF,Denmark,27,1996,3.9,0,0,0,2,3,0,0,6,2,0,0,0,10,9,3,75.0
Ryan Christie,"MF,FW",Scotland,28,1995,1.1,0,0,0,3,4,0,1,0,0,0,0,0,4,4,2,66.7
Mojmir Chytil,FW,Czechia,24,1999,1.2,0,0,0,2,3,0,2,0,0,0,0,0,3,3,5,37.5
Alexandru Cicâldău,MF,Romania,26,1997,0.2,0,0,0,0,0,0,0,0,0,0,0,0,0,0,0,
Florinel Coman,MF,Romania,25,1998,1.3,0,0,0,0,1,0,1,1,1,0,0,0,2,1,0,100.0
Kingsley Coman,MF,France,27,1996,0.2,0,0,0,0,0,0,0,0,0,0,0,0,1,0,0,
Francisco Conceição,"FW,MF",Portugal,21,2002,2.0,1,0,0,2,3,0,16,0,1,0,0,0,9,0,1,0.0
Diogo Costa,GK,Portugal,24,1999,5.7,0,0,0,0,0,0,0,0,0,0,0,0,5,0,0,
Vladimír Coufal,"DF,FW",Czechia,31,1992,3.0,1,0,0,1,1,0,22,2,4,0,0,0,12,3,5,37.5
Bryan Cristante,MF,Italy,28,1995,1.5,1,0,0,3,1,0,3,2,0,0,0,0,4,3,1,75.0
Kevin Csoboth,DF,Hungary,23,2000,0.1,2,0,0,2,2,0,0,0,0,0,0,0,2,0,0,
Marc Cucurella,DF,Spain,25,1998,6.1,0,0,0,8,12,0,5,8,9,0,0,0,21,9,6,60.0
Mirlind Daku,FW,Albania,26,1998,0.1,1,0,0,1,0,1,0,0,0,0,0,0,1,1,0,100.0
Diogo Dalot,"DF,MF",Portugal,24,1999,1.7,0,0,0,2,0,0,3,1,1,0,0,0,10,2,0,100.0
Mikkel Damsgaard,FW,Denmark,23,2000,0.4,0,0,0,0,0,0,1,1,1,0,0,0,2,1,1,50.0
Kevin Danso,DF,Austria,25,1998,2.4,1,0,0,4,5,0,0,0,0,0,0,0,11,6,8,42.9
Márton Dárdai,DF,Hungary,21,2002,1.9,0,0,0,3,3,0,0,0,1,0,0,0,0,4,0,100.0
Matteo Darmian,DF,Italy,34,1989,1.8,0,0,0,4,1,1,1,1,1,0,0,0,8,1,0,100.0
Zuriko Davitashvili,"FW,MF",Georgia,22,2001,1.3,1,0,0,1,4,0,1,0,3,0,0,0,1,1,2,33.3
Paweł Dawidowicz,DF,Poland,28,1995,2.0,1,0,0,5,0,0,0,0,0,0,0,0,5,2,1,66.7
Kevin De Bruyne,MF,Belgium,32,1991,4.0,0,0,0,5,6,2,21,0,1,0,0,0,16,7,1,87.5
Charles De Ketelaere,FW,Belgium,22,2001,0.0,0,0,0,0,1,0,0,0,0,0,0,0,0,0,0,
Zeno Debast,DF,Belgium,20,2003,1.2,0,0,0,3,0,0,0,0,1,0,0,0,7,1,1,50.0
Thomas Delaney,MF,Denmark,32,1991,0.9,0,0,0,3,1,1,1,2,0,0,0,0,4,2,3,40.0
Ousmane Dembélé,"FW,MF",France,26,1997,4.0,1,0,0,7,7,1,36,1,5,1,0,0,12,3,2,60.0
Merih Demiral,DF,Türkiye,25,1998,2.3,0,0,0,2,2,0,2,4,2,0,0,0,5,14,4,77.8
Giovanni Di Lorenzo,"DF,FW",Italy,30,1993,4.0,0,0,0,4,6,1,2,6,9,0,0,0,11,6,3,66.7
Rúben Dias,DF,Portugal,26,1997,4.7,0,0,0,2,0,1,3,3,1,0,0,0,8,11,7,61.1
Federico Dimarco,"DF,FW",Italy,26,1997,2.5,0,0,0,0,2,0,12,2,2,0,0,0,7,1,1,50.0
Berat Djimsiti,DF,Albania,30,1993,3.0,0,0,0,1,2,0,0,2,0,0,0,0,5,6,2,75.0
Jeremy Doku,"FW,MF",Belgium,21,2002,3.6,0,0,0,5,8,0,8,1,2,0,0,0,12,1,2,33.3
Kasper Dolberg,FW,Denmark,26,1997,0.4,0,0,0,0,0,0,1,0,1,0,0,0,1,1,0,100.0
Gianluigi Donnarumma,GK,Italy,24,1999,4.0,1,0,0,0,1,0,0,0,0,0,0,0,4,1,0,100.0
David Doudera,FW,Czechia,25,1998,1.0,0,0,0,0,0,0,1,0,2,0,0,0,4,0,0,
Artem Dovbyk,FW,Ukraine,26,1997,2.7,1,0,0,3,2,3,0,1,2,0,0,0,6,7,2,77.8
Denis Drăguș,FW,Romania,24,1999,3.2,0,0,0,8,3,1,1,1,1,0,0,0,8,2,12,14.3
Radu Drăgușin,DF,Romania,21,2002,4.0,0,0,0,1,5,0,0,6,1,0,0,0,13,5,3,62.5
Vanja Drkušič,DF,Slovenia,24,1999,4.3,1,0,0,7,1,0,1,1,7,0,1,0,13,6,4,60.0
Kwadwo Duah,FW,Switzerland,26,1997,1.2,0,0,0,1,1,1,1,1,1,0,0,0,2,5,2,71.4
Martin Dúbravka,GK,Slovakia,35,1989,4.3,0,0,0,0,1,0,0,1,0,0,0,0,1,5,0,100.0
Ondrej Duda,MF,Slovakia,29,1994,3.5,1,0,0,9,6,0,9,3,3,0,0,0,11,3,3,50.0
Denzel Dumfries,DF,Netherlands,27,1996,5.0,2,0,0,9,4,1,18,3,5,0,1,0,15,7,5,58.3
Dávid Ďuriš,"FW,MF",Slovakia,24,1999,0.3,0,0,0,0,0,0,0,0,0,0,0,0,0,0,0,
Lasha Dvali,DF,Georgia,28,1995,4.0,0,0,0,2,0,0,0,1,3,0,0,0,7,6,9,40.0
Timi Elšnik,MF,Slovenia,25,1998,4.0,0,0,0,4,3,0,4,4,7,0,0,0,22,4,2,66.7
Breel Embolo,FW,Switzerland,26,1997,3.3,0,0,0,4,9,1,1,1,3,0,0,0,7,2,9,18.2
Christian Eriksen,"MF,FW",Denmark,31,1992,3.9,0,0,0,0,4,1,32,2,2,0,0,0,22,0,2,0.0
Eberechi Eze,"DF,MF",England,25,1998,1.1,0,0,0,1,5,0,5,0,0,0,0,0,4,1,5,16.7
Wout Faes,DF,Belgium,25,1998,4.0,1,0,0,4,2,0,0,4,7,0,0,0,14,3,9,25.0
Nicolò Fagioli,MF,Italy,22,2001,1.1,1,0,0,1,0,0,4,0,1,0,0,0,5,0,0,
João Félix,"MF,FW",Portugal,24,1999,1.2,0,0,0,0,1,0,7,0,0,0,0,0,5,0,0,
Bruno Fernandes,MF,Portugal,29,1994,4.2,0,0,0,5,6,2,32,2,5,0,0,0,22,2,5,28.6
Attila Fiola,DF,Hungary,33,1990,2.0,0,0,0,5,3,0,1,0,1,0,0,0,2,1,2,33.3
Phil Foden,"FW,MF",England,23,2000,6.9,1,0,0,1,6,4,27,1,4,0,0,0,20,2,4,33.3
Youssouf Fofana,MF,France,25,1999,0.5,0,0,0,1,0,0,0,1,1,0,0,0,2,1,0,100.0
Michael Folorunsho,FW,Italy,25,1998,0.0,0,0,0,0,1,0,0,0,0,0,0,0,0,0,1,0.0
Przemysław Frankowski,DF,Poland,28,1995,3.0,0,0,0,5,1,0,7,1,5,0,0,0,13,1,3,25.0
Davide Frattesi,MF,Italy,24,1999,2.1,0,0,0,4,6,1,2,0,1,0,1,0,4,1,2,33.3
Remo Freuler,MF,Switzerland,31,1992,5.1,1,0,0,10,1,0,0,4,5,0,0,0,11,6,1,85.7
Jeremie Frimpong,FW,Netherlands,23,2000,1.0,0,0,0,1,0,0,0,0,0,0,0,0,4,0,1,0.0
Chris Führich,FW,Germany,26,1998,0.2,0,0,0,0,0,0,0,0,1,0,0,0,2,0,0,
Niclas Füllkrug,FW,Germany,30,1993,1.8,0,0,0,1,2,4,0,0,0,0,0,0,1,8,2,80.0
Mijat Gaćinović,DF,Serbia,28,1995,0.5,1,0,0,1,0,0,3,0,1,0,0,0,2,2,2,50.0
Cody Gakpo,FW,Netherlands,24,1999,5.8,0,0,0,6,8,6,22,4,8,0,0,0,18,6,4,60.0
Conor Gallagher,MF,England,23,2000,1.3,1,0,0,5,5,0,0,1,0,0,0,0,2,2,2,50.0
Dániel Gazdag,MF,Hungary,27,1996,0.0,0,0,0,0,0,0,0,0,1,0,0,0,0,0,0,
Lutsharel Geertruida,DF,Netherlands,23,2000,1.2,0,0,0,2,2,0,1,0,3,0,0,0,1,0,1,0.0
Billy Gilmour,MF,Scotland,22,2001,2.0,0,0,0,0,1,0,4,0,1,0,0,0,8,4,1,80.0
Olivier Giroud,FW,France,37,1986,0.7,0,0,0,1,2,0,0,0,0,0,0,0,0,3,1,75.0
Klaus Gjasula,MF,Albania,34,1989,0.2,1,0,0,1,0,0,0,0,0,0,0,1,2,1,1,50.0
Adam Gnezda Čerin,MF,Slovenia,24,1999,4.3,0,0,0,10,4,0,10,5,5,0,0,0,16,5,2,71.4
Anthony Gordon,FW,England,22,2001,0.0,0,0,0,0,0,0,0,0,0,0,0,0,0,0,0,
Jon Gorenc Stanković,MF,Slovenia,28,1996,1.0,1,0,0,1,1,0,0,0,1,0,0,0,1,0,1,0.0
Michael Gregoritsch,FW,Austria,29,1994,1.4,0,0,0,4,0,0,1,0,1,0,0,0,3,3,4,42.9
Antoine Griezmann,"MF,FW",France,32,1991,4.4,1,0,0,2,6,0,27,1,3,0,0,0,11,1,3,25.0
Florian Grillitsch,MF,Austria,28,1995,2.2,0,0,0,2,3,0,2,6,1,0,0,0,11,1,1,50.0
Álex Grimaldo,DF,Spain,28,1995,1.3,0,0,0,0,0,0,16,3,1,0,0,0,3,1,0,100.0
Pascal Groß,MF,Germany,32,1991,0.5,0,0,0,1,0,0,1,0,1,0,0,0,4,1,1,50.0
Kamil Grosicki,MF,Poland,35,1988,0.2,0,0,0,0,0,0,2,0,0,0,0,0,0,0,0,
Nemanja Gudelj,MF,Serbia,32,1991,1.0,1,0,0,2,1,0,0,1,0,0,0,0,1,0,1,0.0
Marc Guéhi,DF,England,23,2000,6.3,2,0,0,5,8,0,0,2,2,0,0,0,28,13,16,44.8
Péter Gulácsi,GK,Hungary,33,1990,3.0,0,0,0,0,0,0,0,0,0,0,0,0,1,2,0,100.0
Arda Güler,"FW,MF",Türkiye,18,2005,3.8,1,0,0,2,6,1,26,3,5,0,0,0,16,0,7,0.0
İlkay Gündoğan,MF,Germany,33,1990,4.3,0,0,0,4,7,1,3,1,4,1,0,0,10,3,4,42.9
Angus Gunn,GK,Scotland,28,1996,3.0,0,0,0,0,0,0,0,0,0,0,0,0,10,0,0,
Mert Günok,GK,Türkiye,34,1989,4.0,1,0,0,0,0,0,0,0,0,0,0,0,3,2,0,100.0
Joško Gvardiol,DF,Croatia,22,2002,3.0,0,0,0,6,3,0,0,5,3,0,0,0,16,0,5,0.0
Giorgi Gwelesiani,DF,Georgia,32,1991,1.8,1,0,0,0,0,0,0,2,3,0,0,0,1,0,0,
Norbert Gyömbér,DF,Slovakia,31,1992,0.4,1,0,0,3,1,0,1,1,0,0,0,0,1,0,2,0.0
Ianis Hagi,MF,Romania,25,1998,2.1,0,0,0,3,4,1,8,0,3,1,0,0,6,2,3,40.0
Dávid Hancko,DF,Slovakia,26,1997,4.1,0,0,0,5,3,1,11,3,5,0,1,0,17,6,6,50.0
Grant Hanley,DF,Scotland,32,1991,2.5,0,0,0,4,1,0,0,1,0,0,0,0,8,10,4,71.4
Lukáš Haraslín,FW,Slovakia,27,1996,2.9,0,0,0,2,6,1,14,3,4,0,0,0,6,2,1,66.7
Kai Havertz,"FW,MF",Germany,24,1999,4.3,0,0,0,6,2,3,1,0,1,0,0,0,10,9,12,42.9
Jack Hendry,DF,Scotland,28,1995,2.9,0,0,0,4,4,0,1,1,1,0,0,0,5,10,3,76.9
Benjamin Henrichs,DF,Germany,26,1997,0.1,0,0,0,0,0,0,0,0,0,0,0,0,0,0,0,
Theo Hernández,DF,France,26,1997,6.3,0,0,0,2,12,0,11,3,6,0,0,0,25,2,1,66.7
Morten Hjulmand,MF,Denmark,24,1999,2.7,2,0,0,4,1,0,2,1,1,0,0,0,17,0,2,0.0
Adam Hložek,MF,Czechia,21,2002,1.2,0,0,0,2,1,0,0,1,0,0,0,0,3,0,1,0.0
Tomáš Holeš,DF,Czechia,30,1993,3.0,1,0,0,3,2,0,5,2,5,0,0,0,8,6,2,75.0
Arbër Hoxha,"FW,MF",Albania,25,1998,0.6,1,0,0,1,3,0,1,0,2,0,0,0,6,0,1,0.0
Robin Hranáč,DF,Czechia,24,2000,3.0,0,0,0,6,0,0,0,0,1,0,1,1,12,3,1,75.0
Elseid Hysaj,DF,Albania,29,1994,2.0,1,0,0,0,0,0,3,0,1,0,0,0,6,0,2,0.0
Pierre Højbjerg,MF,Denmark,28,1995,3.9,0,0,0,5,4,0,6,3,7,0,0,0,28,2,1,66.7
Rasmus Højlund,FW,Denmark,20,2003,3.2,0,0,0,5,4,3,1,1,1,0,0,0,6,4,7,36.4
Ivan Ilić,MF,Serbia,22,2001,2.2,0,0,0,2,3,0,4,0,4,0,0,0,13,3,2,60.0
Josip Iličić,"FW,MF",Slovenia,36,1988,0.3,0,0,0,1,1,0,0,0,1,0,0,0,3,0,0,
Gonçalo Inácio,DF,Portugal,22,2001,1.3,0,0,0,0,0,0,1,1,2,0,0,0,6,4,0,100.0
Luka Ivanušec,MF,Croatia,25,1998,0.2,1,0,0,1,0,0,0,0,0,0,0,0,2,0,0,
Erik Janža,DF,Slovenia,30,1993,3.0,2,0,0,3,4,0,12,2,4,0,0,0,4,4,1,80.0
Jorginho,MF,Italy,32,1991,2.4,0,0,0,0,1,0,0,4,2,0,0,0,10,0,1,0.0
Joselu,FW,Spain,33,1990,1.0,0,0,0,1,1,1,0,0,0,0,0,0,2,3,3,50.0
Diogo Jota,"FW,MF",Portugal,27,1996,1.1,0,0,0,2,2,0,1,0,2,1,0,0,5,2,6,25.0
Luka Jović,"MF,FW",Serbia,26,1997,1.1,1,0,0,4,1,1,1,0,0,0,0,0,2,1,3,25.0
Josip Juranović,DF,Croatia,28,1995,1.0,0,0,0,0,1,0,8,1,3,0,0,0,5,2,0,100.0
David Jurásek,DF,Czechia,23,2000,1.8,1,0,0,1,0,0,15,1,2,0,0,0,5,2,2,50.0
Matěj Jurásek,"DF,MF",Czechia,20,2003,0.5,0,0,0,0,1,0,9,0,1,0,0,0,5,0,0,
Ferdi Kadioglu,"DF,MF",Türkiye,24,1999,5.0,0,0,0,1,8,0,4,7,12,0,0,0,25,3,6,33.3
İrfan Kahveci,FW,Türkiye,28,1995,0.1,0,0,0,0,0,0,0,0,0,0,0,0,0,0,0,
Otar Kakabadze,"DF,MF",Georgia,28,1995,4.0,0,0,0,3,4,0,5,4,8,0,0,0,21,4,7,36.4
Harry Kane,FW,England,30,1993,6.7,2,0,0,6,11,0,4,1,3,1,0,0,11,12,14,46.2
N'Golo Kanté,MF,France,32,1991,5.7,0,0,0,6,1,0,3,6,9,0,0,0,27,2,2,50.0
Žan Karničnik,DF,Slovenia,29,1994,4.3,1,0,0,3,3,0,5,8,4,0,0,0,26,0,9,0.0
Guram Kashia,DF,Georgia,36,1987,4.0,1,0,0,2,1,0,0,1,4,0,0,0,9,8,7,53.3
Milos Kerkez,DF,Hungary,20,2003,2.6,0,0,0,2,7,0,14,0,2,0,0,0,9,2,3,40.0
Semih Kılıçsoy,FW,Türkiye,18,2005,0.0,0,0,0,0,0,0,0,0,0,0,0,0,1,0,0,
Joshua Kimmich,DF,Germany,28,1995,5.3,0,0,0,3,3,1,24,6,4,0,0,0,23,3,4,42.9
Otar Kiteishvili,MF,Georgia,27,1996,1.4,0,0,0,1,0,0,0,0,4,0,0,0,8,1,0,100.0
Jakub Kiwior,DF,Poland,23,2000,3.0,0,0,0,1,2,0,2,5,4,0,1,0,6,6,3,66.7
László Kleinheisler,MF,Hungary,29,1994,0.6,1,0,0,1,0,0,0,0,0,0,0,0,2,1,0,100.0
Giorgi Kochorashvili,MF,Georgia,24,1999,4.0,1,0,0,7,10,0,1,5,5,0,0,0,31,1,2,33.3
Orkun Kökçü,MF,Türkiye,23,2000,2.5,2,0,0,4,3,0,3,1,2,0,0,0,17,1,3,25.0
Randal Kolo Muani,FW,France,25,1998,2.2,0,0,0,6,5,1,0,1,0,0,0,0,9,2,3,40.0
Yukhym Konoplia,DF,Ukraine,24,1999,0.8,1,0,0,1,0,0,2,0,0,0,0,0,2,0,1,0.0
Ezri Konsa,DF,England,26,1997,1.0,0,0,0,0,2,0,0,0,0,0,0,0,1,0,1,0.0
Filip Kostić,DF,Serbia,31,1992,0.5,0,0,0,0,0,0,3,0,0,0,0,0,1,0,0,
Jules Koundé,DF,France,25,1998,6.3,0,0,0,4,3,0,22,2,12,0,0,0,18,7,4,63.6
Mateo Kovačić,MF,Croatia,29,1994,2.5,0,0,0,3,4,0,0,3,6,0,0,0,14,0,0,
Matej Kovar,GK,Czechia,23,2000,0.4,0,0,0,0,0,0,0,0,0,0,0,0,0,0,0,
Andrej Kramarić,FW,Croatia,32,1991,2.7,0,0,0,4,3,0,7,1,0,0,0,0,6,2,2,50.0
Ladislav Krejčí,DF,Czechia,24,1999,3.0,1,0,0,6,0,0,2,5,2,0,0,0,11,6,2,75.0
Toni Kroos,MF,Germany,34,1990,5.2,1,0,0,7,6,0,35,7,4,0,0,0,34,1,1,50.0
Jan Kuchta,FW,Czechia,27,1997,1.1,0,0,0,1,0,0,0,0,1,0,0,0,4,1,7,12.5
Juraj Kucka,MF,Slovakia,36,1987,3.9,1,0,0,6,4,0,3,2,1,0,0,0,13,7,3,70.0
Jasmin Kurtić,FW,Slovenia,35,1989,0.0,0,0,0,0,0,0,0,0,0,0,0,0,0,0,0,
Khvicha Kvaratskhelia,FW,Georgia,22,2001,3.8,0,0,0,2,10,0,15,0,3,0,0,0,13,0,6,0.0
Nika Kvekveskiri,MF,Georgia,31,1992,0.1,0,0,0,0,0,0,0,1,0,0,0,0,0,0,0,
Giorgi Kvilitaia,FW,Georgia,30,1993,0.0,0,0,0,1,0,0,0,0,0,0,0,0,1,0,0,
Saba Kvirkvelia,DF,Georgia,31,1992,2.0,1,0,0,1,1,0,0,1,3,0,0,0,5,5,1,83.3
Qazim Laçi,"MF,FW",Albania,28,1996,1.8,0,0,0,1,0,0,4,3,3,0,0,0,7,2,2,50.0
Konrad Laimer,"MF,FW",Austria,26,1997,3.0,1,0,0,5,1,0,2,2,1,0,0,0,14,1,2,33.3
Ádám Lang,DF,Hungary,31,1993,0.5,0,0,0,0,0,0,0,1,0,0,0,0,1,0,1,0.0
Aymeric Laporte,DF,Spain,29,1994,5.8,0,0,0,2,5,0,2,6,3,0,0,0,13,8,6,57.1
Robin Le Normand,DF,Spain,27,1996,4.9,2,0,0,9,3,0,0,2,2,0,0,1,15,13,8,61.9
Rafael Leão,FW,Portugal,24,1999,3.2,2,0,0,3,5,0,15,1,2,0,0,0,10,2,1,66.7
Robert Lewandowski,FW,Poland,35,1988,1.3,1,0,0,5,3,0,0,0,2,0,0,0,6,1,4,20.0
Philipp Lienhart,DF,Austria,27,1996,2.4,1,0,0,4,2,0,0,2,2,0,0,0,7,5,4,55.6
Ondřej Lingr,"MF,FW",Czechia,25,1998,0.9,0,0,0,0,2,1,1,0,2,0,0,0,5,2,1,66.7
Dominik Livaković,GK,Croatia,29,1995,3.0,0,0,0,0,0,0,0,1,0,0,0,0,7,0,0,
Stanislav Lobotka,MF,Slovakia,29,1994,4.3,0,0,0,1,6,0,0,3,6,0,0,0,25,1,2,33.3
Saba Lobzhanidze,FW,Georgia,29,1994,0.1,0,0,0,0,0,0,1,0,0,0,0,0,0,0,0,
Luka Lochoshvili,"DF,MF",Georgia,25,1998,1.9,0,0,0,1,3,0,4,3,3,1,0,0,9,2,3,40.0
Fermin López,MF,Spain,20,2003,0.3,0,0,0,1,1,0,0,0,1,0,0,0,2,0,0,
Romelu Lukaku,FW,Belgium,30,1993,4.0,0,0,0,2,2,3,0,0,0,0,0,0,8,6,7,46.2
Dodi Lukebakio,"FW,DF",Belgium,26,1997,0.7,2,0,0,3,4,0,1,0,1,0,0,0,2,0,0,
Saša Lukić,MF,Serbia,27,1996,2.3,1,0,0,4,1,0,1,3,5,0,0,0,10,1,2,33.3
Andriy Lunin,GK,Ukraine,24,1999,1.0,0,0,0,0,0,0,0,0,0,0,0,0,2,0,0,
Mike Maignan,GK,France,28,1995,6.3,0,0,0,0,2,0,0,0,0,0,0,0,15,2,0,100.0
Kobbie Mainoo,MF,England,18,2005,4.1,1,0,0,2,4,0,3,6,5,0,0,0,12,2,3,40.0
Lovro Majer,"FW,MF",Croatia,26,1998,1.6,0,0,0,2,2,0,4,0,3,0,0,0,9,1,1,50.0
Donyell Malen,FW,Netherlands,25,1999,2.1,1,0,0,1,6,1,8,2,0,0,0,1,10,1,1,50.0
Ruslan Malinovskyi,MF,Ukraine,30,1993,0.4,0,0,0,2,0,0,3,1,1,0,0,0,4,0,1,0.0
Giorgi Mamardashvili,GK,Georgia,23,2000,4.0,0,0,0,0,1,0,0,0,0,0,0,0,2,2,0,100.0
Dennis Man,MF,Romania,25,1998,3.0,0,0,0,1,1,0,8,1,0,0,0,0,10,4,8,33.3
Rey Manaj,FW,Albania,26,1997,1.7,0,0,0,5,5,0,0,1,2,0,0,0,2,4,6,40.0
Gianluca Mancini,DF,Italy,27,1996,1.0,1,0,0,2,1,0,0,0,0,0,0,0,4,2,1,66.7
Orel Mangala,MF,Belgium,25,1998,1.5,2,0,0,4,2,0,0,4,3,0,0,0,4,0,0,
Marius Marin,MF,Romania,25,1998,3.4,2,0,0,7,5,0,1,4,3,0,0,0,11,0,2,0.0
Răzvan Marin,MF,Romania,27,1996,3.9,1,0,0,3,3,1,5,0,2,0,0,0,12,2,4,33.3
Ádám Martin,"FW,DF",Hungary,29,1994,0.5,0,0,0,1,1,0,1,0,0,0,0,0,2,2,4,33.3
Mykola Matviyenko,DF,Ukraine,27,1996,3.0,0,0,0,1,3,0,1,4,3,0,0,0,11,4,2,66.7
Kylian Mbappé,FW,France,25,1998,5.2,1,0,0,1,6,1,7,0,0,0,0,0,10,2,0,100.0
John McGinn,"MF,FW",Scotland,29,1994,2.6,1,0,0,3,9,0,4,1,1,0,0,0,6,3,3,50.0
Callum McGregor,MF,Scotland,30,1993,2.7,0,0,0,2,1,0,1,2,1,0,0,0,8,4,4,50.0
Scott McKenna,DF,Scotland,27,1996,1.5,1,0,0,3,0,0,1,2,0,0,0,0,5,9,3,75.0
Kenny McLean,MF,Scotland,32,1992,0.5,0,0,0,0,2,0,0,0,2,0,0,0,2,1,1,50.0
Scott McTominay,MF,Scotland,27,1996,3.0,2,0,0,3,6,0,9,3,2,0,0,0,6,6,5,54.5
Anzor Mekvabishvili,MF,Georgia,22,2001,2.1,2,0,0,2,1,0,1,5,3,0,0,0,6,0,3,0.0
Memphis,"FW,MF",Netherlands,29,1994,5.1,0,0,0,7,7,3,31,1,1,0,0,0,8,2,8,20.0
Nuno Mendes,DF,Portugal,21,2002,4.7,0,0,0,3,6,0,12,5,6,0,0,0,14,10,5,66.7
Mikel Merino,"MF,FW",Spain,27,1996,2.0,0,0,0,9,1,0,2,2,3,0,0,0,12,9,5,64.3
Valentin Mihaila,MF,Romania,23,2000,1.3,0,0,0,1,1,0,1,2,2,0,0,0,4,1,2,33.3
Srđan Mijailović,DF,Serbia,30,1993,0.8,0,0,0,0,0,0,3,1,1,0,0,0,3,1,1,50.0
Georges Mikautadze,FW,Georgia,23,2000,3.8,0,0,0,1,7,1,4,0,1,0,0,0,6,1,13,7.1
Nikola Milenković,DF,Serbia,26,1997,3.0,1,0,0,4,3,0,0,2,3,0,0,0,12,6,2,75.0
Sergej Milinković-Savić,MF,Serbia,28,1995,1.3,0,0,0,4,0,0,3,1,2,0,0,0,6,3,1,75.0
Mario Mitaj,DF,Albania,20,2003,3.0,0,0,0,2,3,0,2,7,4,0,0,0,15,0,6,0.0
Aleksandar Mitrović,FW,Serbia,29,1994,2.7,1,0,0,2,6,1,0,0,0,0,0,0,6,15,19,44.1
Maximilian Mittelstädt,DF,Germany,26,1997,3.4,2,0,0,4,9,0,24,2,2,0,0,0,17,0,3,0.0
Filip Mladenović,DF,Serbia,32,1991,1.2,1,0,0,1,3,0,8,2,1,0,0,0,3,0,1,0.0
Jan Mlakar,MF,Slovenia,25,1998,3.3,0,0,0,3,1,0,1,1,3,0,0,0,8,1,7,12.5
Jakub Moder,MF,Poland,24,1999,2.0,1,0,0,1,3,0,3,1,2,0,0,0,12,2,3,40.0
Luka Modrić,MF,Croatia,38,1985,2.6,1,0,0,3,2,0,9,1,4,0,0,0,20,1,1,50.0
Vasile Mogos,DF,Romania,31,1992,0.4,0,0,0,0,2,0,0,0,0,0,0,0,0,0,0,
Álvaro Morata,FW,Spain,31,1992,5.0,2,0,0,12,9,3,2,0,4,0,0,0,8,11,6,64.7
Lewis Morgan,DF,Scotland,27,1996,0.0,0,0,0,0,0,1,0,1,0,0,0,0,1,0,0,
Ernest Muçi,FW,Albania,22,2001,0.2,0,0,0,0,0,0,0,0,0,0,0,0,2,1,0,100.0
Mykhailo Mudryk,"FW,MF",Ukraine,23,2001,1.9,0,0,0,0,3,0,10,0,2,0,0,0,8,3,2,60.0
Mert Müldür,"DF,MF",Türkiye,24,1999,3.8,1,0,0,2,5,0,5,5,6,0,0,1,11,3,4,42.9
Thomas Müller,"MF,FW",Germany,34,1989,0.6,0,0,0,1,1,0,5,0,1,0,0,0,2,0,1,0.0
Jamal Musiala,FW,Germany,20,2003,4.7,0,0,0,4,13,0,3,4,4,0,0,0,20,1,0,100.0
Phillipp Mwene,DF,Austria,30,1994,2.2,1,0,0,4,3,0,10,0,4,0,0,0,10,2,1,66.7
Vitaliy Mykolenko,DF,Ukraine,24,1999,0.6,0,0,0,1,0,0,3,0,0,0,0,0,2,0,0,
Joakim Mæhle,"DF,MF",Denmark,26,1997,3.1,2,0,0,4,1,1,10,3,4,0,0,0,11,3,3,50.0
Nacho,DF,Spain,34,1990,2.9,0,0,0,1,3,0,0,0,1,0,0,0,10,5,3,62.5
Ádám Nagy,MF,Hungary,28,1995,1.8,0,0,0,0,0,0,1,4,2,0,0,0,7,1,2,33.3
Zsolt Nagy,DF,Hungary,30,1993,0.2,0,0,0,0,1,1,2,0,0,0,0,0,2,1,1,50.0
Jesús Navas,DF,Spain,38,1985,1.7,1,0,0,2,1,0,9,1,2,0,0,0,3,0,1,0.0
Dan Ndoye,"MF,DF",Switzerland,23,2000,4.5,1,0,0,9,10,2,6,2,3,0,0,0,21,0,2,0.0
Pedro Neto,"DF,FW",Portugal,23,2000,1.3,1,0,0,1,1,0,11,2,1,0,0,0,8,1,3,25.0
Manuel Neuer,GK,Germany,37,1986,5.3,0,0,0,0,1,0,0,0,0,0,0,0,3,1,0,100.0
João Neves,MF,Portugal,19,2004,0.9,0,0,0,1,1,0,1,5,0,0,0,0,8,0,1,0.0
Rúben Neves,MF,Portugal,26,1997,1.4,1,0,0,3,0,0,9,1,1,0,0,0,5,0,2,0.0
Florin Niță,GK,Romania,36,1987,4.0,0,0,0,0,0,0,0,0,0,0,0,0,9,3,0,100.0
Matheus Nunes,MF,Portugal,25,1998,0.2,0,0,0,0,0,0,1,0,0,0,0,0,2,0,0,
Christian Nørgaard,MF,Denmark,29,1994,0.4,1,0,0,2,0,0,2,0,0,0,0,0,2,2,3,40.0
Adam Obert,DF,Slovakia,21,2002,0.3,0,0,0,1,0,0,1,0,1,0,0,0,2,0,0,
Jan Oblak,GK,Slovenia,31,1993,4.3,0,0,0,0,2,0,0,0,0,0,0,0,3,2,0,100.0
Darius Olaru,MF,Romania,25,1998,0.3,0,0,0,0,0,0,1,0,0,0,0,0,1,0,0,
Dani Olmo,"MF,FW",Spain,25,1998,4.8,1,0,0,2,7,0,4,2,3,0,0,0,17,2,2,50.0
Amadou Onana,MF,Belgium,22,2001,4.0,0,0,0,1,4,0,0,3,6,0,0,0,9,6,4,60.0
Loïs Openda,FW,Belgium,23,2000,0.8,0,0,0,3,0,0,2,1,1,0,0,0,0,1,2,33.3
Willi Orban,DF,Hungary,31,1992,3.0,1,0,0,2,2,1,0,1,7,0,0,0,17,5,7,41.7
Mikel Oyarzabal,FW,Spain,26,1997,2.2,0,0,0,3,2,1,2,0,1,0,0,0,10,1,4,20.0
Salih Özcan,MF,Türkiye,26,1998,1.7,1,0,0,6,2,0,0,7,3,0,0,0,6,2,1,66.7
João Palhinha,MF,Portugal,28,1995,3.3,2,0,0,6,6,0,0,8,9,0,0,0,15,8,5,61.5
Cole Palmer,"MF,FW",England,21,2002,1.7,0,0,0,2,4,0,9,0,0,0,0,0,5,0,0,
Mario Pašalić,"FW,MF",Croatia,28,1995,1.3,0,0,0,1,0,0,1,0,0,0,0,0,6,4,2,66.7
Strahinja Pavlović,DF,Serbia,22,2001,3.0,0,0,0,2,4,0,6,4,6,0,0,0,12,7,4,63.6
Pedri,MF,Spain,21,2002,2.1,0,0,0,2,4,1,1,1,3,0,0,0,10,0,0,
Peter Pekarík,DF,Slovakia,37,1986,4.2,1,0,0,3,2,3,5,7,0,0,0,0,10,5,6,45.5
Lorenzo Pellegrini,"FW,MF",Italy,27,1996,2.4,1,0,0,3,4,0,6,2,0,0,0,0,11,3,0,100.0
Patrick Pentz,GK,Austria,27,1997,4.0,0,0,0,0,1,0,0,0,0,0,0,0,8,2,0,100.0
Pepe,DF,Portugal,40,1983,4.5,0,0,0,2,3,1,0,5,5,0,0,0,26,11,2,84.6
Danilo Pereira,DF,Portugal,32,1991,1.0,0,0,0,0,0,0,0,1,0,0,0,0,9,3,1,75.0
Ayoze Pérez,FW,Spain,30,1993,0.1,0,0,0,0,0,0,0,0,0,0,0,0,2,0,0,
Ivan Perišić,"DF,FW",Croatia,34,1989,1.5,0,0,0,4,0,0,14,1,0,0,0,0,5,3,2,60.0
Bruno Petković,FW,Croatia,29,1994,1.0,0,0,0,1,5,0,0,0,0,1,0,0,1,5,2,71.4
Krzysztof Piątek,FW,Poland,28,1995,0.7,0,0,0,1,1,0,1,0,1,0,0,0,2,0,5,0.0
Jordan Pickford,GK,England,29,1994,7.7,0,0,0,0,0,0,0,1,0,0,0,0,5,0,0,
Jakub Piotrowski,MF,Poland,26,1997,0.6,0,0,0,1,1,0,1,0,0,0,0,0,3,1,1,50.0
Marin Pongračić,DF,Croatia,26,1997,2.0,1,0,0,6,2,0,0,2,1,0,0,0,5,0,4,0.0
Ryan Porteous,DF,Scotland,24,1999,0.5,0,1,0,1,0,0,0,0,1,0,1,0,2,1,1,50.0
Stefan Posch,DF,Austria,26,1997,4.0,1,0,0,10,3,0,13,6,9,0,0,0,14,6,7,46.2
Yussuf Poulsen,"FW,MF",Denmark,29,1994,0.6,0,0,0,3,0,0,1,0,0,0,0,0,1,5,2,71.4
Alexander Prass,DF,Austria,22,2001,1.8,0,0,0,3,2,0,7,2,2,0,0,0,11,1,0,100.0
Lukáš Provod,MF,Czechia,27,1996,2.6,1,0,0,5,5,0,2,0,5,0,0,0,16,4,1,80.0
George Pușcaș,FW,Romania,27,1996,0.4,1,0,0,4,0,0,0,0,0,0,0,0,1,5,5,50.0
Leopold Querfeld,DF,Austria,20,2003,0.3,1,0,0,1,0,0,0,1,2,0,0,0,0,1,2,33.3
Adrien Rabiot,MF,France,28,1995,4.1,2,0,0,5,5,0,3,1,5,0,0,0,20,2,0,100.0
Bogdan Racovitan,DF,Romania,23,2000,0.6,0,0,0,1,0,0,0,1,0,0,0,0,0,2,2,50.0
Predrag Rajković,GK,Serbia,28,1995,3.0,0,0,0,0,1,0,0,0,0,0,0,0,3,0,0,
Anthony Ralston,DF,Scotland,25,1998,2.9,1,0,0,4,3,0,9,1,2,0,0,0,4,7,4,63.6
Ylber Ramadani,MF,Albania,27,1996,2.9,0,0,0,1,6,0,2,4,3,0,0,0,15,1,2,33.3
Gonçalo Ramos,FW,Portugal,22,2001,0.3,0,0,0,0,1,0,0,0,0,0,0,0,1,0,2,0.0
Giacomo Raspadori,FW,Italy,23,2000,0.9,0,0,0,0,1,0,10,0,1,0,0,0,3,0,0,
Andrei Ratiu,DF,Romania,25,1998,4.0,0,0,0,0,1,0,3,6,5,0,0,0,12,2,5,28.6
David Raum,DF,Germany,25,1998,1.8,1,0,0,2,3,0,7,0,5,0,0,0,8,1,1,50.0
David Raya,GK,Spain,28,1995,1.0,0,0,0,0,0,0,0,0,0,0,0,0,1,0,0,
Tijjani Reijnders,MF,Netherlands,25,1998,5.5,0,0,0,1,4,0,1,6,6,0,0,0,18,0,2,0.0
Mateo Retegui,FW,Italy,24,1999,1.7,0,0,0,0,5,1,0,0,1,0,0,0,2,5,5,50.0
Declan Rice,MF,England,25,1999,7.7,0,0,0,5,3,0,7,8,15,0,0,0,37,8,6,57.1
Fabian Rieder,MF,Switzerland,21,2002,2.4,0,0,0,2,5,0,14,0,3,0,0,0,10,0,4,0.0
Andrew Robertson,DF,Scotland,29,1994,3.0,0,0,0,1,2,0,13,1,5,0,0,0,7,2,1,66.7
Rodri,MF,Spain,27,1996,5.8,3,0,0,7,7,0,0,1,8,0,1,0,41,8,5,61.5
Ricardo Rodríguez,DF,Switzerland,31,1992,5.3,1,0,0,3,2,0,10,3,6,0,0,0,11,3,5,37.5
Taras Romanchuk,MF,Poland,32,1991,0.6,0,0,0,1,0,0,0,0,1,0,0,0,0,0,0,
Cristiano Ronaldo,FW,Portugal,38,1985,5.4,1,0,0,5,3,8,4,0,1,0,0,0,6,7,8,46.7
Antonio Rüdiger,DF,Germany,30,1993,5.3,2,0,0,5,3,0,8,2,4,0,0,1,27,4,7,36.4
Fabián Ruiz Peña,MF,Spain,27,1996,6.0,1,0,0,4,4,0,11,4,6,0,0,0,46,1,1,50.0
Adrian Rus,MF,Romania,27,1996,0.2,0,0,0,0,0,0,0,0,0,0,0,0,0,1,0,100.0
Marcel Sabitzer,"FW,MF",Austria,29,1994,4.0,0,0,0,1,2,1,29,3,1,1,0,0,16,1,6,14.3
Bukayo Saka,"FW,DF",England,22,2001,7.0,1,0,0,7,13,2,20,1,4,0,0,0,22,3,6,33.3
Bartosz Salamon,DF,Poland,32,1991,0.9,0,0,0,1,0,0,0,2,2,0,0,0,2,1,0,100.0
William Saliba,DF,France,22,2001,6.3,1,0,0,8,1,0,0,4,2,0,0,0,20,4,7,36.4
Roland Sallai,MF,Hungary,26,1997,3.0,0,0,0,0,9,2,7,1,2,0,0,0,11,0,5,0.0
Lazar Samardzic,MF,Serbia,21,2002,0.6,0,0,0,0,0,0,4,0,0,0,0,0,2,0,1,0.0
Leroy Sané,FW,Germany,28,1996,2.3,0,0,0,2,3,0,3,0,1,0,0,0,10,0,2,0.0
Leo Sauer,FW,Slovakia,18,2005,0.1,0,0,0,0,1,0,1,0,0,0,0,0,0,0,0,
Gianluca Scamacca,FW,Italy,25,1999,2.8,0,0,0,2,2,0,0,2,1,0,0,0,4,1,2,33.3
András Schäfer,MF,Hungary,24,1999,3.0,1,0,0,5,2,0,2,1,3,0,0,0,7,3,5,37.5
Fabian Schär,DF,Switzerland,32,1991,5.3,1,0,0,6,4,0,6,9,4,0,0,0,15,8,13,38.1
Patrik Schick,FW,Czechia,28,1996,1.4,2,0,0,1,0,0,2,1,1,0,0,0,6,7,8,46.7
Nico Schlotterbeck,DF,Germany,24,1999,1.3,1,0,0,2,1,0,0,2,1,0,0,0,7,5,1,83.3
Kasper Schmeichel,GK,Denmark,37,1986,4.0,0,0,0,0,0,0,0,0,0,0,0,0,6,0,0,
Romano Schmid,"FW,MF",Austria,24,2000,1.6,1,0,0,5,1,0,7,0,1,0,0,0,15,0,4,0.0
Jerdy Schouten,MF,Netherlands,27,1997,5.6,1,0,0,5,2,0,1,5,3,0,0,0,29,4,1,80.0
Ivan Schranz,FW,Slovakia,30,1993,3.7,1,0,0,6,2,1,4,2,1,0,0,0,9,4,7,36.4
Taulant Seferi,FW,Albania,27,1996,1.0,0,0,0,1,2,1,1,2,2,0,0,0,9,1,2,33.3
Nicolas Seiwald,MF,Austria,22,2001,4.0,0,0,0,0,0,0,1,6,7,0,0,0,25,1,1,50.0
Nélson Semedo,DF,Portugal,30,1993,1.1,0,0,0,2,0,0,3,0,2,0,0,0,2,0,0,
Benjamin Šeško,FW,Slovenia,20,2003,4.0,0,0,0,4,5,1,1,0,1,0,0,0,13,10,13,43.5
Petr Ševčík,MF,Czechia,29,1994,0.2,0,0,0,0,2,0,0,0,0,0,0,0,2,0,1,0.0
Stephan El Shaarawy,FW,Italy,31,1992,0.5,1,0,0,2,2,0,0,0,0,0,0,0,0,1,1,50.0
Lawrence Shankland,FW,Scotland,28,1995,0.3,0,0,0,1,0,1,1,0,0,0,0,0,0,1,0,100.0
Mykola Shaparenko,MF,Ukraine,25,1998,2.4,0,0,0,3,2,0,3,3,0,0,0,0,7,2,1,66.7
Xherdan Shaqiri,"MF,FW",Switzerland,32,1991,0.8,0,0,0,0,1,0,6,0,0,0,0,0,3,1,1,50.0
Luke Shaw,DF,England,28,1995,2.0,0,0,0,2,0,0,7,2,2,0,0,0,3,2,0,100.0
Vincent Sierro,MF,Switzerland,28,1995,0.4,1,0,0,1,1,0,1,0,0,0,0,0,3,0,2,0.0
António Silva,DF,Portugal,20,2003,0.8,0,0,0,1,1,0,0,0,1,0,1,0,5,2,0,100.0
Bernardo Silva,"FW,MF",Portugal,29,1994,4.7,0,0,0,0,4,1,11,0,4,0,0,0,12,1,1,50.0
Unai Simón,GK,Spain,26,1997,6.3,1,0,0,0,0,0,0,0,0,0,0,0,9,2,1,66.7
Xavi Simons,"MF,FW",Netherlands,20,2003,5.0,2,0,0,6,7,0,8,5,5,0,0,0,17,2,1,66.7
Michał Skóraś,DF,Poland,23,2000,0.3,0,0,0,0,0,0,0,1,1,0,0,0,2,0,0,
Łukasz Skorupski,GK,Poland,32,1991,1.0,0,0,0,0,0,0,0,0,0,0,0,0,1,0,0,
Andreas Skov Olsen,"MF,FW",Denmark,24,1999,1.4,0,0,0,2,1,0,3,0,1,0,0,0,5,0,3,0.0
Milan Škriniar,DF,Slovakia,28,1995,4.3,1,0,0,3,7,0,0,2,1,0,0,0,15,6,7,46.2
Bartosz Slisz,MF,Poland,24,1999,1.2,1,0,0,3,2,0,0,2,1,0,0,0,2,3,1,75.0
Yann Sommer,GK,Switzerland,35,1988,5.3,0,0,0,0,0,0,0,0,0,0,0,0,6,0,0,
Deian Sorescu,"MF,DF",Romania,26,1997,0.4,0,0,0,0,0,0,1,1,0,0,0,0,0,0,1,0.0
Borna Sosa,DF,Croatia,26,1998,0.1,0,0,0,0,0,0,1,0,0,0,0,0,0,0,0,
Tomáš Souček,MF,Czechia,28,1995,3.0,2,0,0,7,4,0,2,3,3,0,0,0,15,7,6,53.8
Andraž Šporar,FW,Slovenia,29,1994,3.8,0,0,0,2,6,4,5,0,2,0,0,0,5,6,13,31.6
Nicolae Stanciu,"MF,FW",Romania,30,1993,3.9,1,0,0,2,4,0,8,1,2,0,0,0,7,0,1,0.0
Jindřich Staněk,GK,Czechia,27,1996,2.6,0,0,0,0,0,0,0,0,0,0,0,0,3,0,0,
Josip Stanišić,DF,Croatia,23,2000,2.0,1,0,0,1,0,0,4,4,8,0,0,0,4,3,3,50.0
Renato Steffen,DF,Switzerland,32,1991,0.0,0,0,0,0,0,0,0,0,0,0,0,0,0,0,0,
Taras Stepanenko,MF,Ukraine,34,1989,0.9,0,0,0,0,0,0,1,1,3,0,0,0,4,4,1,80.0
Leonidas Stergiou,DF,Switzerland,21,2002,0.5,0,0,0,2,0,0,0,0,2,0,0,0,0,1,3,25.0
Petar Stojanović,MF,Slovenia,28,1995,3.5,1,0,0,3,2,0,1,1,5,0,0,0,17,3,3,50.0
John Stones,DF,England,29,1994,7.7,1,0,0,4,4,0,0,1,3,0,0,0,18,12,6,66.7
Thomas Strakosha,GK,Albania,28,1995,3.0,0,0,0,0,0,0,0,0,0,0,0,0,1,0,0,
Dávid Strelec,FW,Slovakia,22,2001,2.0,0,0,0,3,1,1,0,0,0,0,0,0,6,6,4,60.0
Callum Styles,MF,Hungary,23,2000,0.7,1,0,0,1,1,0,0,1,0,0,0,0,3,1,3,25.0
Luka Sučić,"FW,MF",Croatia,21,2002,1.6,1,0,0,1,1,0,2,1,0,0,0,0,5,1,1,50.0
Heorhiy Sudakov,MF,Ukraine,21,2002,2.9,0,0,0,3,2,0,5,0,1,0,0,0,11,2,3,40.0
Pavel Šulc,MF,Czechia,23,2000,0.9,0,0,0,1,1,0,0,1,1,0,0,0,4,4,2,66.7
Tomáš Suslov,"FW,MF",Slovakia,21,2002,1.4,1,0,0,1,3,0,12,1,1,0,0,0,6,0,1,0.0
Josip Šutalo,DF,Croatia,23,2000,3.0,0,0,0,6,5,0,0,13,3,0,0,0,13,3,2,60.0
Oleksandr Svatok,DF,Ukraine,29,1994,0.9,0,0,0,2,0,0,0,3,0,0,0,0,1,0,0,
Karol Świderski,FW,Poland,27,1997,1.0,1,0,0,2,2,1,3,0,0,1,0,0,2,0,2,0.0
Serhiy Sydorchuk,MF,Ukraine,32,1991,0.1,0,0,0,0,0,0,0,0,0,0,0,0,1,0,0,
Attila Szalai,DF,Hungary,26,1998,1.1,1,0,0,2,1,0,1,2,2,0,0,0,3,3,1,75.0
Wojciech Szczęsny,GK,Poland,33,1990,2.0,1,0,0,1,0,0,0,0,0,0,1,0,4,0,0,
Dominik Szoboszlai,MF,Hungary,23,2000,3.0,1,0,0,1,2,0,16,2,0,0,0,0,12,0,5,0.0
Sebastian Szymański,MF,Poland,24,1999,1.2,0,0,0,2,3,0,3,3,2,0,0,0,5,0,1,0.0
Dušan Tadić,MF,Serbia,35,1988,1.7,1,0,0,1,4,0,14,1,2,0,0,0,6,1,3,25.0
Jonathan Tah,DF,Germany,27,1996,3.5,2,0,0,6,2,1,0,4,1,0,0,0,10,5,3,62.5
Maksym Talovierov,MF,Ukraine,23,2000,0.0,0,0,0,0,0,0,0,0,0,0,0,0,0,0,0,
Aurélien Tchouaméni,MF,France,24,2000,5.2,2,0,0,6,4,0,6,5,7,0,0,0,18,4,3,57.1
Arthur Theate,DF,Belgium,23,2000,2.8,0,0,0,1,0,0,2,2,2,0,0,0,10,7,5,58.3
Marcus Thuram,FW,France,26,1997,2.9,0,0,0,3,4,2,0,0,2,0,0,0,7,9,4,69.2
Youri Tielemans,MF,Belgium,26,1997,1.6,1,0,0,3,1,0,3,1,2,0,0,0,5,0,2,0.0
Kieran Tierney,DF,Scotland,26,1997,1.5,0,0,0,0,2,0,2,0,1,0,0,0,4,1,0,100.0
Ivan Toney,FW,England,27,1996,0.5,0,0,0,2,3,0,0,0,1,0,0,0,2,5,2,71.4
Ferrán Torres,"FW,MF",Spain,23,2000,1.7,1,0,0,4,2,0,8,1,0,0,0,0,7,4,1,80.0
Cenk Tosun,FW,Türkiye,32,1991,0.3,1,0,0,0,1,0,0,0,0,0,0,0,0,1,0,100.0
Gernot Trauner,DF,Austria,31,1992,1.0,0,0,0,2,0,0,0,1,1,0,0,0,6,2,1,66.7
Kieran Trippier,DF,England,33,1990,5.0,2,0,0,0,4,4,13,5,4,0,0,0,26,8,2,80.0
Leandro Trossard,FW,Belgium,29,1994,1.9,0,0,0,1,4,1,3,0,1,0,0,0,13,1,0,100.0
Anatolii Trubin,GK,Ukraine,22,2001,2.0,0,0,0,0,0,0,0,0,0,0,0,0,1,0,0,
Heorhii Tsitaishvili,"DF,MF",Georgia,23,2000,2.1,0,0,0,1,3,0,11,0,4,0,0,0,4,0,2,0.0
Viktor Tsyhankov,FW,Ukraine,26,1997,0.7,0,0,0,0,1,0,5,0,0,0,0,0,1,0,0,
Ľubomír Tupta,MF,Slovakia,25,1998,0.1,0,0,0,0,1,0,0,0,0,0,0,0,0,0,0,
Oleksandr Tymchyk,DF,Ukraine,27,1997,2.2,0,0,0,1,3,0,8,3,4,0,0,0,7,1,0,100.0
Deniz Undav,MF,Germany,27,1996,0.1,1,0,0,1,0,0,0,0,1,0,0,0,0,0,0,
Dayot Upamecano,DF,France,25,1998,6.3,0,0,0,4,3,0,1,6,7,0,1,0,22,13,4,76.5
Kacper Urbanski,"FW,MF",Poland,19,2004,1.6,0,0,0,3,1,1,1,1,1,0,0,0,4,1,2,33.3
Virgil van Dijk,DF,Netherlands,32,1991,6.0,2,0,0,12,3,0,0,2,2,0,0,0,14,19,3,86.4
Vladyslav Vanat,FW,Ukraine,22,2002,0.2,0,0,0,0,1,0,0,0,0,0,0,0,1,0,0,
Barnabás Varga,FW,Hungary,30,1994,2.8,1,0,0,2,4,4,0,1,1,0,0,0,4,15,14,51.7
Ruben Vargas,"MF,FW",Switzerland,25,1998,3.4,0,0,0,2,3,2,15,2,5,0,0,0,13,3,6,33.3
Denis Vavro,DF,Slovakia,27,1996,4.3,1,0,0,1,2,1,3,2,1,0,0,0,20,11,1,91.7
Joey Veerman,MF,Netherlands,25,1998,2.3,1,0,0,2,0,0,13,1,1,0,0,0,11,2,0,100.0
Miloš Veljković,DF,Serbia,28,1995,3.0,0,0,0,1,1,0,2,0,0,0,0,0,10,5,7,41.7
Micky van de Ven,DF,Netherlands,22,2001,0.8,0,0,0,1,2,0,1,0,1,0,0,0,2,1,2,33.3
Benjamin Verbič,MF,Slovenia,30,1993,0.8,0,0,0,1,1,1,1,1,2,0,0,0,2,2,3,40.0
Bart Verbruggen,GK,Netherlands,21,2002,6.0,0,0,0,0,0,0,0,0,1,0,0,0,10,0,0,
Jan Vertonghen,DF,Belgium,36,1987,3.0,1,0,0,2,1,0,0,0,2,0,0,1,8,6,2,75.0
Jannik Vestergaard,DF,Denmark,31,1992,4.0,1,0,0,4,3,0,0,4,3,0,0,0,18,14,8,63.6
Žan Vipotnik,FW,Slovenia,21,2002,0.2,1,0,0,1,0,0,0,0,0,0,0,0,0,2,0,100.0
Vitinha,MF,Portugal,23,2000,4.0,0,0,0,0,10,0,15,2,3,0,0,0,26,0,0,
Daniel Vivian,DF,Spain,24,1999,1.4,1,0,0,1,1,0,0,1,2,0,0,0,8,1,1,50.0
Dušan Vlahović,"MF,FW",Serbia,24,2000,2.0,0,0,0,3,1,0,0,1,0,0,0,0,2,2,3,40.0
Stefan de Vrij,DF,Netherlands,31,1992,6.0,0,0,0,5,3,0,1,2,7,0,0,0,16,13,5,72.2
Kyle Walker,DF,England,33,1990,7.7,0,0,0,4,3,1,4,6,4,0,0,0,30,6,3,66.7
Ollie Watkins,FW,England,28,1995,0.7,1,0,0,1,0,0,0,1,0,0,0,0,0,1,4,20.0
Wout Weghorst,FW,Netherlands,31,1992,1.5,1,0,0,5,2,2,1,0,1,0,0,0,5,11,6,64.7
Andreas Weimann,FW,Austria,32,1991,0.0,0,0,0,0,0,0,0,0,0,0,0,0,0,0,0,
Silvan Widmer,DF,Switzerland,30,1993,3.3,3,0,0,5,1,2,4,2,1,0,0,0,7,2,5,28.6
Georginio Wijnaldum,MF,Netherlands,33,1990,0.8,0,0,0,0,2,0,0,0,0,0,0,0,1,3,0,100.0
Nico Williams,FW,Spain,21,2002,5.5,0,0,0,9,2,2,33,0,2,0,0,0,23,2,3,40.0
Patrick Wimmer,"FW,MF",Austria,22,2001,1.5,2,0,0,4,3,0,8,0,2,0,0,0,10,1,2,33.3
Jonas Wind,FW,Denmark,24,1999,2.1,1,0,0,3,4,1,1,0,0,0,0,0,3,5,5,50.0
Florian Wirtz,"FW,MF",Germany,20,2003,3.1,1,0,0,6,1,2,5,1,3,0,0,0,17,1,4,20.0
Maximilian Wöber,DF,Austria,25,1998,1.9,1,0,0,2,0,0,3,4,3,0,0,1,12,6,5,54.5
Granit Xhaka,MF,Switzerland,31,1992,5.3,1,0,0,8,5,0,1,1,5,0,0,0,28,6,5,54.5
Lamine Yamal,FW,Spain,16,2007,5.6,1,0,0,7,6,3,24,3,6,0,0,0,14,1,2,33.3
Roman Yaremchuk,FW,Ukraine,28,1995,1.3,1,0,0,5,2,2,0,0,0,0,0,0,5,2,4,33.3
Andriy Yarmolenko,"FW,MF",Ukraine,34,1989,1.2,0,0,0,2,2,2,5,1,2,0,0,0,4,1,0,100.0
Yusuf Yazıcı,"MF,FW",Türkiye,27,1997,0.6,0,0,0,1,0,0,0,0,1,0,0,0,4,1,1,50.0
Kenan Yıldız,"FW,MF",Türkiye,18,2005,3.8,1,0,0,2,1,1,2,0,2,0,0,0,10,3,6,33.3
Okay Yokuşlu,"MF,DF",Türkiye,29,1994,0.6,0,0,0,0,2,0,0,2,1,0,0,0,5,3,1,75.0
İsmail Yüksek,MF,Türkiye,25,1999,1.7,2,0,0,3,4,0,0,1,2,0,0,0,13,2,4,33.3
Illia Zabarnyi,DF,Ukraine,21,2002,3.0,0,0,0,2,0,0,0,1,3,0,0,0,10,3,1,75.0
Mattia Zaccagni,"MF,FW",Italy,28,1995,0.9,0,0,0,0,3,0,5,1,0,0,0,0,5,2,1,66.7
Denis Zakaria,MF,Switzerland,27,1996,0.3,0,0,0,0,0,0,0,0,0,0,0,0,0,0,0,
Nicola Zalewski,DF,Poland,22,2002,2.7,1,0,0,3,6,0,10,2,1,0,0,0,17,0,0,
Piotr Zieliński,MF,Poland,29,1994,2.8,0,0,0,1,1,0,11,2,0,0,0,0,14,1,0,100.0
Oleksandr Zinchenko,DF,Ukraine,27,1996,2.4,0,0,0,0,1,0,4,1,5,0,0,0,13,7,6,53.8
Joshua Zirkzee,"FW,DF",Netherlands,22,2001,0.1,0,0,0,0,0,0,0,0,1,0,0,0,0,0,2,0.0
Andrija Živković,DF,Serbia,27,1996,2.7,0,0,0,1,0,1,13,0,2,0,0,0,12,0,6,0.0
Budu Zivzivadze,"FW,MF",Georgia,29,1994,0.2,0,0,0,0,0,0,0,0,0,0,0,0,0,0,2,0.0
Steven Zuber,MF,Switzerland,32,1991,0.9,0,0,0,2,0,0,1,0,0,0,0,0,2,0,1,0.0
Martín Zubimendi,MF,Spain,24,1999,1.6,0,0,0,4,1,0,1,0,5,0,0,0,5,1,1,50.0
Oleksandr Zubkov,FW,Ukraine,27,1996,0.3,0,0,0,1,1,1,0,0,0,0,0,0,0,0,0,
