Player,Nation,Pos,Squad,Age,Born,90s,CrdY,CrdR,2CrdY,Fouls,FoulsDrawn,Offsides,Crosses,Interceptions,TklWon,PKwon,PKconceded,OG,Recoveries,AerialDuelsWon,AerialDuelsLost,AerialDuelsWon%
Abner,BRA,DF,Juventude,20-181,2004,1.2,1,0,0,1,1,0,0,3,0,0,0,0,3,3,3,50.0
Luiz Adriano,BRA,FW,Vitória,37-188,1987,2.2,1,0,0,4,5,2,0,0,0,0,0,0,3,9,13,40.9
Adryelson,BRA,DF,Botafogo (RJ),26-208,1998,0.8,0,0,0,0,0,0,0,1,1,0,0,0,1,4,1,80.0
Adson,BRA,FW,Vasco da Gama,24-011,2000,13.6,2,0,0,7,18,0,22,6,20,0,0,0,73,9,12,42.9
Lucas Alario,ARG,"FW,MF",Internacional,32-009,1992,7.1,4,0,0,22,6,9,2,1,1,0,1,0,13,15,40,27.3
Carlos Alberto,BRA,FW,Botafogo (RJ),22-186,2002,2.3,0,0,0,3,2,0,2,0,2,0,0,0,5,3,5,37.5
Yuri Alberto,BRA,FW,Corinthians,23-213,2001,18.4,5,1,0,24,33,12,5,6,3,0,0,0,55,29,55,34.5
Carlos Alcaraz,ARG,MF,Flamengo,21-322,2002,2.4,0,1,0,4,4,0,5,0,5,0,0,0,13,1,0,100.0
Alerrandro,BRA,FW,Vitória,24-279,2000,18.9,3,0,0,20,36,3,5,8,11,0,1,0,63,29,64,31.2
Caio Alexandre,BRA,MF,Bahia,25-236,1999,25.0,6,0,0,38,41,3,19,9,26,0,1,0,119,6,9,40.0
Matheus Alexandre,BRA,DF,Cuiabá,25-193,1999,19.3,6,0,0,24,8,0,37,29,27,0,1,0,70,36,21,63.2
Alexsander,BRA,MF,Fluminense,21-009,2003,8.8,4,0,0,21,19,0,7,9,12,0,0,0,50,6,10,37.5
Alisson,BRA,GK,Criciúma,29-131,1995,3.3,2,0,0,0,1,0,0,0,0,0,0,0,5,0,0,
Alisson,BRA,"DF,FW",Atlético Mineiro,19-026,2005,6.2,0,0,0,10,18,1,27,4,10,0,0,0,37,4,8,33.3
Alisson,BRA,MF,São Paulo,31-114,1993,15.0,4,0,0,22,27,0,13,13,16,0,0,0,84,7,6,53.8
Allan,BRA,MF,Flamengo,27-228,1997,13.5,5,0,0,26,11,0,4,17,13,0,1,0,55,16,11,59.3
Allan,BRA,MF,Botafogo (RJ),33-283,1991,3.1,2,0,0,8,6,0,1,5,7,0,0,0,17,2,4,33.3
Allano,BRA,"FW,MF",Criciúma,29-176,1995,11.8,9,2,2,32,36,4,19,2,17,0,0,0,59,14,19,42.4
Thiago Almada,ARG,"FW,MF",Botafogo (RJ),23-174,2001,6.5,0,0,0,3,7,0,24,3,0,0,0,0,35,2,2,50.0
Júnior Alonso,PAR,DF,Atlético Mineiro,31-251,1993,8.6,2,0,0,13,1,0,6,12,8,0,0,0,35,35,14,71.4
Anderson,BRA,GK,Cruzeiro,26-226,1998,15.0,1,0,0,0,2,0,0,0,0,0,0,0,16,3,0,100.0
Felipe Anderson,BRA,"FW,MF",Palmeiras,31-185,1993,8.5,0,0,0,7,6,1,25,7,13,0,0,0,40,7,6,53.8
Kervin Andrade,VEN,MF,Fortaleza,19-187,2005,4.6,2,0,0,6,8,0,16,4,1,0,0,0,28,1,8,11.1
Rodrigo Andrade,BRA,"MF,FW",Vitória,27-135,1997,4.3,0,0,0,7,4,0,4,3,5,0,0,0,34,4,4,50.0
André,BRA,MF,Fluminense,23-093,2001,11.9,5,0,0,17,26,0,0,15,16,0,0,0,87,4,5,44.4
José Andrés Martínez,VEN,MF,Corinthians,30-071,1994,4.2,2,0,0,10,4,0,1,6,5,0,1,0,28,6,3,66.7
Wilker Ángel,VEN,DF,Criciúma,31-213,1993,9.8,2,0,0,17,4,2,0,12,5,0,0,0,13,25,11,69.4
Anthoni,BRA,GK,Internacional,22-268,2002,2.0,1,0,0,0,0,0,0,0,0,0,0,0,2,0,0,
Marcos Antônio,BRA,MF,São Paulo,24-126,2000,5.0,0,0,0,4,6,0,1,2,4,0,0,0,26,5,4,55.6
Guilherme Arana,BRA,DF,Atlético Mineiro,27-186,1997,12.5,4,0,0,11,9,2,63,13,15,0,0,0,64,12,13,48.0
Charles Aránguiz,CHI,MF,Internacional,35-183,1989,3.2,2,0,0,12,3,0,2,1,5,0,0,0,12,1,5,16.7
Luiz Araújo,BRA,"FW,MF",Flamengo,28-137,1996,16.7,3,0,0,23,29,2,86,20,24,0,0,0,77,5,18,21.7
Matheus Araújo,BRA,MF,Corinthians,22-148,2002,0.5,0,0,0,0,1,0,0,0,1,0,0,0,5,1,0,100.0
Michel Araujo,URU,"DF,FW",São Paulo,28-019,1996,9.1,4,0,0,15,14,0,23,6,18,0,0,0,59,13,12,52.0
Alexander Aravena,CHI,"FW,MF",Grêmio,22-041,2002,3.5,0,0,0,1,5,2,6,3,4,0,0,0,17,6,4,60.0
Robert Arboleda,ECU,DF,São Paulo,32-361,1991,22.7,3,0,0,16,11,2,0,21,18,0,0,0,78,57,27,67.9
Lucas Arcanjo,BRA,GK,Vitória,26-070,1998,28.0,3,0,0,0,7,0,0,1,0,0,0,0,27,9,0,100.0
Matias Arezo,URU,"FW,MF",Grêmio,21-331,2002,0.8,0,0,0,3,2,1,0,0,1,1,0,0,4,4,11,26.7
Jhon Arias,COL,FW,Fluminense,27-026,1997,17.9,4,0,0,22,49,2,74,9,18,0,0,0,89,12,23,34.3
Santiago Arias,COL,DF,Bahia,32-278,1992,17.2,2,1,0,24,22,4,55,14,25,0,1,0,73,14,17,45.2
Arthur,BRA,FW,Cruzeiro,26-106,1998,14.1,1,0,0,23,16,12,35,3,10,0,0,0,41,5,16,23.8
Arthur,BRA,FW,Criciúma,32-124,1992,15.1,3,0,0,24,25,13,3,1,2,0,0,0,36,40,45,47.1
Arthur,BRA,FW,Corinthians,21-219,2003,0.2,0,0,0,0,1,0,0,0,0,0,0,0,1,2,0,100.0
Arthur,BRA,"FW,MF",Red Bull Bragantino,21-219,2003,1.1,1,0,0,2,1,0,0,0,0,0,0,0,0,5,7,41.7
Filipe Augusto,BRA,MF,Cuiabá,31-066,1993,4.3,4,0,0,13,3,0,0,4,2,0,0,0,16,4,6,40.0
Renato Augusto,BRA,"MF,FW",Fluminense,36-252,1988,3.5,0,0,0,4,2,4,3,5,5,0,0,0,11,2,4,33.3
Yarlen Augusto,BRA,MF,Botafogo (RJ),18-240,2006,0.9,1,0,0,2,0,0,0,1,1,0,0,0,1,1,4,20.0
Pablo Baianinho,BRA,"MF,DF",Vitória,21-075,2003,0.3,1,0,0,2,1,0,3,0,0,0,0,0,1,0,0,
Gabriel Baralhas,BRA,MF,Atl Goianiense,26-007,1998,19.6,6,0,0,21,27,2,10,27,23,0,0,0,94,24,25,49.0
Danilo Barbosa,BRA,MF,Botafogo (RJ),28-232,1996,12.7,4,0,0,19,17,0,0,25,22,1,0,0,69,18,17,51.4
Diogo Barbosa,BRA,DF,Fluminense,32-061,1992,12.6,6,0,0,16,13,0,24,8,16,0,0,0,55,12,5,70.6
Gabriel Barbosa,BRA,"FW,MF",Flamengo,28-048,1996,5.3,2,0,0,1,5,7,6,0,2,0,0,0,9,1,3,25.0
Lucas Barbosa,BRA,FW,Juventude,23-238,2001,20.9,9,1,0,48,30,5,43,16,32,0,0,0,79,45,52,46.4
Alexander Barboza,ARG,DF,Botafogo (RJ),29-215,1995,15.6,6,1,0,26,3,1,2,19,10,0,1,0,71,50,24,67.6
Mateo Barcia,URU,"MF,FW",Criciúma,23-241,2001,0.3,0,0,0,3,0,0,1,1,3,0,0,0,1,1,3,25.0
Álvaro Barreal,ARG,"MF,FW",Cruzeiro,24-061,2000,13.1,5,0,0,19,18,2,55,4,19,0,0,0,59,3,10,23.1
Barreto,BRA,MF,Criciúma,28-312,1995,19.5,3,0,0,39,19,2,5,13,25,0,1,0,105,26,10,72.2
Gabriel Barros,BRA,"FW,MF",Atl Goianiense,22-358,2001,0.9,2,1,1,4,1,0,2,0,1,0,0,0,4,1,1,50.0
Bastos,ANG,DF,Botafogo (RJ),33-204,1991,25.1,5,0,0,30,6,2,1,26,24,0,1,0,98,47,21,69.1
Rodrigo Battaglia,ARG,"DF,MF",Atlético Mineiro,33-097,1991,20.4,7,2,2,29,12,0,2,10,20,0,0,0,79,47,28,62.7
José Luis Rodríguez Bebanz,URU,DF,Vasco da Gama,27-217,1997,6.2,0,0,0,3,2,0,34,6,11,0,0,0,22,13,7,65.0
Muriel Becker,BRA,GK,Vitória,37-246,1987,1.0,2,0,0,0,1,0,0,0,0,0,0,0,0,1,1,50.0
Ramiro Benetti,BRA,MF,Cruzeiro,31-148,1993,12.0,2,0,0,19,9,1,17,15,14,0,0,0,45,13,14,48.1
Bento,BRA,GK,Ath Paranaense,25-129,1999,7.0,1,0,0,1,0,0,0,0,0,0,1,0,4,2,0,100.0
Alexandro Bernabei,ARG,DF,Internacional,24-023,2000,13.9,1,0,0,25,7,2,60,28,20,0,0,0,82,23,13,63.9
Facundo Bernal,URU,MF,Fluminense,21-057,2003,5.1,2,0,0,7,5,0,0,5,3,0,0,0,21,10,3,76.9
Bernard,BRA,"MF,FW",Atlético Mineiro,32-039,1992,6.4,1,0,0,13,6,1,24,2,7,0,0,0,28,0,2,0.0
Raul Bicalho,BRA,DF,Corinthians,25-176,1999,1.0,0,0,0,0,0,0,1,4,0,0,0,0,1,1,4,20.0
Matheus Bidu,BRA,DF,Corinthians,25-166,1999,8.6,2,0,0,8,15,1,25,13,11,0,0,0,55,2,8,20.0
Biel,BRA,"FW,MF",Bahia,23-199,2001,7.7,2,0,0,6,17,2,15,5,4,0,0,0,22,1,5,16.7
Biro,BRA,"MF,DF",Corinthians,20-180,2004,0.2,0,0,0,1,0,0,0,0,0,0,0,0,1,0,0,
Damián Bobadilla,PAR,MF,São Paulo,23-098,2001,11.3,3,0,0,23,2,0,8,8,18,0,0,0,57,1,4,20.0
Yannick Bolasie,COD,FW,Criciúma,35-146,1989,20.1,3,0,0,28,18,10,39,3,16,0,0,0,57,30,40,42.9
Thiago Borbas,URU,FW,Red Bull Bragantino,22-193,2002,10.6,3,0,0,21,10,2,1,2,4,0,0,0,22,31,78,28.4
Marllon Borges,BRA,DF,Cuiabá,32-184,1992,24.0,3,0,0,20,9,0,1,26,20,1,1,0,80,65,31,67.7
Pedro Borges,BRA,MF,Fortaleza,27-228,1997,12.9,7,0,0,31,22,0,1,20,31,0,1,0,64,22,17,56.4
Rafael Borré,COL,FW,Internacional,29-032,1995,12.6,5,0,0,22,11,10,8,3,8,0,0,0,33,40,41,49.4
Danilo Boza,BRA,DF,Juventude,26-164,1998,22.5,2,0,0,3,11,0,6,21,9,0,0,0,80,57,31,64.8
Martin Braithwaite,DEN,FW,Grêmio,33-134,1991,7.9,0,0,0,13,8,2,2,1,2,0,0,1,19,19,14,57.6
Breno,BRA,FW,Fortaleza,28-267,1996,18.7,4,0,0,13,52,6,67,4,5,2,0,0,77,10,18,35.7
Breno,BRA,MF,Corinthians,19-240,2005,13.6,5,0,0,21,26,1,12,15,11,0,0,0,66,10,6,62.5
José Breno,BRA,MF,Vitória,20-133,2004,0.1,0,1,0,1,0,0,0,1,0,0,0,0,1,0,0,
Emanuel Brítez,ARG,DF,Fortaleza,32-205,1992,22.0,10,2,1,22,12,2,8,22,32,0,0,0,79,50,27,64.9
Bruninho,BRA,"FW,MF",Red Bull Bragantino,21-217,2003,0.9,0,0,0,1,4,0,0,0,0,0,0,0,5,0,1,0.0
Fabrício Bruno,BRA,DF,Flamengo,28-248,1996,19.6,3,0,0,5,9,0,4,12,13,0,0,0,65,25,12,67.6
Fabricio Bustos,ARG,DF,Internacional,28-172,1996,9.6,4,0,0,17,8,1,26,11,23,0,0,0,43,7,10,41.2
Rafael Cabral,BRA,GK,Grêmio,34-150,1990,5.1,0,0,0,0,1,0,0,0,0,0,0,0,5,1,0,100.0
Cacá,BRA,DF,Corinthians,25-175,1999,22.8,4,1,0,25,12,0,1,13,13,0,1,2,65,61,36,62.9
Raúl Cáceres,PAR,DF,Vitória,33-029,1991,10.9,0,0,0,14,4,2,55,9,14,0,0,0,30,14,8,63.6
Caetano,BRA,DF,Corinthians,25-115,1999,3.1,2,1,1,5,1,0,0,4,3,0,0,0,9,2,5,28.6
Jonathan Cafu,BRA,"FW,MF",Cuiabá,33-099,1991,13.5,1,0,0,18,22,1,44,9,11,0,0,0,64,15,25,37.5
Rodrigo Caio,BRA,DF,Grêmio,31-061,1993,2.2,0,0,0,3,2,0,0,1,4,0,1,0,4,8,6,57.1
Caíque,BRA,GK,Grêmio,27-078,1997,3.9,1,0,0,0,0,0,0,0,0,0,0,0,0,1,0,100.0
Calebe,BRA,"FW,MF",Fortaleza,24-170,2000,0.5,1,0,0,2,1,0,2,0,0,0,0,0,4,0,0,
Lucas Calegari,BRA,DF,Fluminense,22-233,2002,0.9,0,0,0,3,3,0,2,1,4,0,1,0,7,1,0,100.0
Jonathan Calleri,ARG,FW,São Paulo,31-024,1993,19.8,6,0,0,34,42,21,24,3,9,1,0,0,24,58,47,55.2
Patric Calmon PK,BRA,DF,Vitória,30-104,1994,5.5,0,1,0,6,3,2,27,15,5,0,0,0,21,11,3,78.6
Gustavo Campanharo,BRA,MF,Atl Goianiense,32-196,1992,0.2,0,0,0,0,0,0,0,0,1,0,0,0,1,2,0,100.0
Joel Campbell,CRC,"MF,FW",Atl Goianiense,32-113,1992,6.0,3,0,0,2,7,0,16,2,10,0,0,0,30,6,12,33.3
Camutanga,BRA,DF,Vitória,31-020,1993,5.0,1,1,0,3,2,0,0,2,5,0,0,0,14,12,9,57.1
Yerson Candelo,COL,DF,Criciúma,32-236,1992,0.3,0,0,0,0,0,0,3,1,1,0,0,0,2,0,0,
Luan Cândido,BRA,DF,Red Bull Bragantino,23-258,2001,20.0,5,0,0,36,7,3,6,30,27,0,0,0,51,53,24,68.8
Germán Cano,ARG,FW,Fluminense,36-258,1988,13.9,3,0,0,5,6,1,5,1,5,0,0,0,25,5,16,23.8
Agustín Canobbio,URU,"FW,MF",Ath Paranaense,26-016,1998,11.7,5,1,1,13,24,7,29,4,16,0,0,0,61,6,7,46.2
Juninho Capixaba,BRA,"DF,MF",Red Bull Bragantino,27-103,1997,13.1,3,0,0,19,25,1,23,23,28,0,0,0,70,36,27,57.1
Felipe Carballo,URU,MF,Grêmio,28-013,1996,5.3,3,0,0,10,2,0,2,4,10,0,0,0,30,6,7,46.2
Tomás Cardona,ARG,DF,Fortaleza,29-007,1995,15.0,3,0,0,20,3,1,0,25,17,0,0,0,36,37,23,61.7
Edson Carioca,BRA,"FW,MF",Juventude,27-105,1997,3.9,0,0,0,6,8,0,4,0,7,0,0,0,19,2,12,14.3
Carlinhos,BRA,FW,Flamengo,27-248,1997,4.7,2,1,0,8,3,4,0,0,1,0,0,0,6,16,14,53.3
Antonio Carlos,BRA,DF,Fluminense,31-224,1993,12.0,1,0,0,11,12,1,4,20,4,0,0,0,40,47,21,69.1
Jan Carlos Hurtado,VEN,FW,Atl Goianiense,24-226,2000,6.6,1,1,0,18,8,3,1,2,3,0,0,0,16,15,31,32.6
João Carlos,BRA,"MF,FW",Criciúma,23-118,2001,0.3,0,0,0,1,1,0,1,1,2,0,0,0,0,0,0,
Jean Carlos Vicente,BRA,"MF,FW",Juventude,32-245,1992,10.0,2,0,0,12,6,1,72,6,3,0,1,0,36,5,7,41.7
André Carrillo,PER,MF,Corinthians,33-125,1991,1.8,1,0,0,6,1,0,4,2,2,0,0,0,9,0,1,0.0
Ronie Carrillo,ECU,FW,Juventude,28-039,1996,6.9,0,0,0,10,9,5,7,2,3,0,0,0,15,19,41,31.7
Gabriel Carvalho,BRA,"FW,MF",Internacional,17-061,2007,10.6,3,0,0,18,12,1,39,3,16,0,0,0,50,7,19,26.9
Cássio,BRA,GK,Cruzeiro,37-133,1987,14.0,2,0,0,0,3,0,0,1,1,0,0,0,10,4,0,100.0
Cássio,BRA,GK,Corinthians,37-133,1987,3.0,0,0,0,0,0,0,0,0,0,0,0,0,4,1,0,100.0
Iury de Castilho,BRA,"FW,MF",Vitória,29-041,1995,1.4,1,0,0,7,9,1,1,0,0,0,0,0,6,1,7,12.5
Erick Castillo,ECU,"FW,MF",Vitória,29-255,1995,3.0,0,0,0,3,2,2,4,0,0,0,0,0,5,5,8,38.5
Ivan Cavaleiro,POR,"FW,MF",Red Bull Bragantino,30-365,1993,0.6,1,0,0,1,0,0,0,0,1,0,0,0,0,1,0,100.0
Murilo Cerqueira,BRA,DF,Palmeiras,27-204,1997,20.5,6,1,1,29,5,1,4,19,22,0,0,0,78,57,33,63.3
Reynaldo Cesar Moraes,BRA,DF,Vitória,27-288,1997,4.0,1,0,0,6,0,0,1,0,6,0,1,0,9,7,5,58.3
Christian,BRA,"MF,FW",Ath Paranaense,23-303,2000,14.8,6,0,0,35,24,3,27,10,14,0,0,0,43,12,10,54.5
Eliel Chrystian,BRA,"FW,MF",Cuiabá,21-265,2003,3.9,1,0,0,4,14,1,4,1,5,0,0,0,11,8,7,53.3
Chumbinho,BRA,"MF,FW",Red Bull Bragantino,21-025,2003,0.1,0,0,0,1,1,0,0,0,0,0,0,0,1,0,0,
Cicinho,BUL,"DF,FW",Bahia,35-296,1988,0.9,1,0,0,3,2,0,2,0,1,0,0,0,3,2,3,40.0
José Cifuentes,ECU,MF,Cruzeiro,25-219,1999,0.8,0,0,0,1,0,0,0,0,2,0,0,0,8,1,1,50.0
Claudinho,BRA,DF,Criciúma,24-023,2000,19.0,3,0,0,11,4,4,56,26,35,0,0,0,100,6,14,30.0
Mateus Claus,BRA,GK,Juventude,30-075,1994,3.5,3,0,0,0,1,0,0,0,0,0,0,0,7,1,0,100.0
Clayson,BRA,"FW,MF",Cuiabá,29-212,1995,15.0,5,0,0,14,28,4,64,7,5,1,0,0,54,3,10,23.1
Clayton,BRA,DF,Internacional,24-196,2000,2.0,1,0,0,5,1,0,0,1,0,0,0,0,4,3,2,60.0
Clayton,BRA,FW,Vasco da Gama,25-280,1999,1.6,0,0,0,7,1,3,2,1,3,0,0,0,4,6,7,46.2
Cleiton,BRA,DF,Flamengo,21-175,2003,1.1,0,0,0,2,0,0,1,0,2,0,0,0,5,0,2,0.0
Mateus Cocão,BRA,MF,Vasco da Gama,22-213,2002,16.5,8,1,0,31,23,2,7,24,39,0,0,0,102,19,12,61.3
Robert Conceição,BRA,"MF,DF",Atlético Mineiro,21-089,2003,0.2,0,0,0,1,1,0,2,0,0,0,0,0,3,0,0,
Igor Coronado,BRA,"MF,FW",Corinthians,32-060,1992,13.4,5,0,0,21,24,0,98,9,15,0,0,0,50,3,10,23.1
Diego Costa,ESP,FW,Grêmio,36-010,1988,3.2,2,1,0,3,6,1,2,0,1,0,0,0,5,7,9,43.8
Douglas Costa,BRA,FW,Fluminense,34-033,1990,3.2,1,0,0,4,3,0,26,2,6,0,0,0,16,2,2,50.0
Philippe Coutinho,BRA,MF,Vasco da Gama,32-127,1992,3.4,0,0,0,6,6,0,16,4,4,0,0,0,17,3,6,33.3
Franco Cristaldo,ARG,"MF,FW",Grêmio,28-063,1996,19.1,1,0,0,8,33,2,117,11,21,1,0,0,92,19,37,33.9
Alejo Cruz,URU,"MF,FW",Atl Goianiense,24-046,2000,16.1,4,0,0,13,22,2,131,17,18,0,0,0,72,13,17,43.3
Tomás Cuello,ARG,"FW,MF",Ath Paranaense,24-226,2000,13.0,2,0,0,15,18,5,71,11,15,0,0,0,83,8,13,38.1
Víctor Cuesta,ARG,DF,Bahia,35-333,1988,5.6,3,0,0,7,5,1,1,5,9,0,0,0,19,7,6,53.8
Cuiabano,BRA,DF,Grêmio,21-244,2003,1.8,0,0,0,1,5,0,2,5,0,0,0,0,9,4,3,57.1
Cuiabano,BRA,DF,Botafogo (RJ),21-244,2003,13.4,4,0,0,27,22,0,83,21,29,0,1,0,48,21,14,60.0
Lucas Cunha,BRA,DF,Red Bull Bragantino,27-268,1997,5.7,2,1,0,4,3,0,0,3,7,0,0,0,13,10,10,50.0
Matheus Cunha,BRA,GK,Flamengo,23-146,2001,2.0,0,0,0,0,0,0,0,0,0,0,0,0,2,2,0,100.0
Danielzinho,BRA,"MF,FW",Atl Goianiense,28-280,1996,1.1,0,0,0,3,2,0,6,0,1,0,0,0,8,0,1,0.0
David,BRA,FW,Vasco da Gama,29-000,1995,17.6,7,1,1,24,23,9,15,9,15,0,0,0,93,18,16,52.9
David,BRA,"MF,FW",Juventude,24-282,2000,0.7,0,0,0,0,1,0,2,0,0,0,0,0,4,1,0,100.0
Giorgian De Arrascaeta,URU,MF,Flamengo,30-138,1994,10.0,2,0,0,11,26,2,49,4,10,1,0,0,42,5,9,35.7
Nicolás De La Cruz,URU,MF,Flamengo,27-138,1997,9.5,1,0,0,15,32,0,35,8,13,0,0,0,57,9,16,36.0
Sergio Antonio De Luiz Junior,BRA,MF,Criciúma,29-194,1995,0.2,0,0,0,1,1,0,0,0,1,0,0,0,2,0,0,
Sergio Antonio De Luiz Junior,BRA,"FW,MF",Vasco da Gama,29-194,1995,0.5,1,0,0,2,4,1,3,0,0,0,0,0,1,0,3,0.0
Denilson,BRA,MF,Cuiabá,23-208,2001,17.4,7,0,0,28,18,0,24,8,13,0,1,0,118,6,11,35.3
Derek,BRA,FW,Atl Goianiense,26-320,1997,5.2,1,1,0,12,8,1,2,2,6,0,0,0,13,12,38,24.0
Deyverson,BRA,FW,Atlético Mineiro,33-162,1991,6.0,3,0,0,7,8,5,1,0,0,1,0,0,17,18,17,51.4
Deyverson,BRA,FW,Cuiabá,33-162,1991,2.4,0,0,0,2,7,4,0,1,1,0,0,0,5,10,11,47.6
Lucas Di Yorio,ARG,FW,Ath Paranaense,27-330,1996,8.1,1,0,0,11,9,2,9,2,2,0,0,0,14,22,40,35.5
Matheus Dias,BRA,"FW,MF",Internacional,27-253,1997,0.8,1,0,0,2,1,0,1,1,2,0,0,0,1,2,1,66.7
Lautaro Díaz,ARG,FW,Cruzeiro,26-149,1998,6.6,1,0,0,9,3,1,10,3,7,0,0,0,17,14,21,40.0
Diego,BRA,DF,São Paulo,25-088,1999,9.9,2,0,0,16,2,0,5,12,8,0,0,0,39,35,13,72.9
Dodi,BRA,MF,Grêmio,28-183,1996,20.2,5,0,0,24,28,0,4,32,33,0,0,0,92,13,12,52.0
Maxime Dominguez,SUI,"FW,MF",Vasco da Gama,28-259,1996,0.7,1,0,0,4,2,0,0,1,0,0,0,0,8,0,0,
Matheus Donelli,BRA,GK,Corinthians,22-153,2002,7.0,0,0,0,0,0,0,0,0,0,0,0,0,10,0,0,
Thiago dos Santos,BRA,DF,Fluminense,35-042,1989,14.9,7,0,0,22,17,0,1,23,16,0,1,0,64,46,35,56.8
Lucca Drummond,BRA,FW,Internacional,20-279,2004,1.8,0,0,0,4,2,0,0,0,0,0,0,0,3,1,7,12.5
David Duarte,BRA,DF,Bahia,29-267,1995,0.8,0,0,0,0,1,0,0,0,0,0,0,0,3,4,1,80.0
Dudu,BRA,MF,Vitória,25-134,1999,3.3,4,1,1,6,5,0,2,2,6,0,0,0,31,1,4,20.0
Dudu,BRA,"FW,MF",Palmeiras,32-284,1992,3.7,0,0,0,3,11,0,21,2,3,1,0,0,23,2,3,40.0
Edenílson,BRA,"MF,FW",Grêmio,34-304,1989,11.3,3,0,0,13,22,3,13,7,5,0,0,0,39,13,19,40.6
Éder,ITA,FW,Criciúma,37-337,1986,8.5,5,0,0,5,9,3,16,1,4,0,0,0,26,4,16,20.0
EDU,BRA,DF,Vitória,24-123,2000,2.0,1,0,0,0,1,0,0,1,2,0,0,0,7,4,3,57.1
Carlos Eduardo,BRA,"FW,MF",Vitória,28-007,1996,5.1,1,0,0,7,13,4,5,1,13,1,1,0,20,12,13,48.0
Carlos Eduardo,BRA,"FW,MF",Atlético Mineiro,20-146,2004,11.2,1,0,0,26,26,3,9,9,19,0,0,0,29,18,29,38.3
Carlos Eduardo,BRA,"FW,MF",Botafogo (RJ),35-000,1989,6.8,1,0,0,9,9,1,8,6,3,0,0,0,13,7,11,38.9
Alysson Edward,BRA,"MF,FW",Grêmio,18-165,2006,0.5,0,0,0,4,5,0,1,0,1,0,0,0,2,1,1,50.0
Eli,BRA,FW,Atl Goianiense,20-208,2004,0.2,0,0,0,0,0,0,0,0,1,0,0,0,1,0,0,
Kauã Elias,BRA,FW,Fluminense,18-203,2006,10.4,2,0,0,12,7,2,2,3,7,0,0,0,46,13,52,20.0
Rafael Elias,BRA,FW,Cruzeiro,25-188,1999,1.1,2,0,0,4,2,1,0,0,0,0,0,0,3,1,2,33.3
Eliédson,BRA,MF,Criciúma,21-214,2003,0.3,0,0,0,1,0,0,1,0,2,0,0,0,1,0,0,
Rodrigo Ely,BRA,DF,Grêmio,30-349,1993,13.9,4,0,0,11,10,1,0,18,18,0,1,0,30,60,22,73.2
Emersonn,BRA,"FW,MF",Ath Paranaense,20-093,2004,1.8,0,0,0,1,1,0,3,1,1,0,0,0,7,6,6,50.0
Leandro Emmanuel Martínez,ARG,"MF,FW",Fortaleza,30-135,1994,5.8,3,0,0,7,13,1,18,2,7,0,0,0,32,3,5,37.5
Alan Empereur,BRA,DF,Cuiabá,30-221,1994,23.8,8,0,0,12,13,0,10,21,13,0,0,0,84,38,36,51.4
Endrick,BRA,"MF,FW",Palmeiras,18-088,2006,5.0,3,0,0,13,18,0,3,0,2,1,0,0,16,3,6,33.3
Erick,BRA,"MF,DF",Ath Paranaense,26-338,1997,20.9,1,0,0,28,23,1,6,33,26,0,0,0,77,36,39,48.0
Erick,BRA,"FW,MF",São Paulo,26-312,1997,5.7,3,0,0,11,12,0,25,4,5,0,1,0,21,2,4,33.3
Erick,BRA,FW,Juventude,27-288,1997,19.1,1,0,0,12,11,5,17,11,15,0,0,0,56,15,23,39.5
Esquerdinha,BRA,"DF,FW",Fluminense,18-232,2006,1.4,0,0,0,1,1,0,10,0,0,0,0,0,3,0,3,0.0
Lucas Esquivel,ARG,DF,Ath Paranaense,23-003,2001,20.6,5,1,1,23,18,0,99,25,34,0,0,0,98,24,12,66.7
Estevão,BRA,FW,Palmeiras,18-176,2006,15.7,2,0,0,20,20,4,45,6,18,1,0,0,74,9,16,36.0
Lucas Esteves,BRA,"DF,MF",Vitória,24-115,2000,24.6,8,0,0,29,21,7,90,22,32,1,0,0,100,44,26,62.9
Guilherme Estrella,BRA,MF,Vasco da Gama,19-178,2005,1.6,1,0,0,4,4,0,2,3,0,0,0,0,6,1,3,25.0
Oscar Estupiñan,COL,"FW,MF",Bahia,27-293,1996,2.8,1,0,0,5,1,1,0,1,1,0,0,0,2,9,11,45.0
Lucas Evangelista,BRA,MF,Red Bull Bragantino,29-164,1995,19.7,3,0,0,22,43,4,31,13,16,0,0,0,82,25,44,36.2
Everaldo,BRA,"MF,FW",Vitória,30-142,1994,2.4,2,0,0,6,12,0,12,0,3,0,0,0,8,0,1,0.0
Éverson,BRA,GK,Atlético Mineiro,34-087,1990,17.9,5,1,0,1,4,0,0,0,1,0,0,0,28,2,0,100.0
Everton,BRA,"FW,MF",Grêmio,27-214,1997,5.1,4,0,0,8,8,1,2,1,5,0,0,0,18,3,17,15.0
Everton,BRA,FW,Red Bull Bragantino,22-236,2002,0.3,1,0,0,1,2,0,0,0,0,0,0,0,1,0,2,0.0
Evertton,BRA,MF,Flamengo,21-232,2003,2.0,1,0,0,2,4,0,0,3,6,0,0,0,10,3,3,50.0
Ewerton,BRA,"DF,FW",Juventude,23-342,2000,7.8,0,0,0,2,7,1,16,6,6,0,0,0,33,15,17,46.9
Fabiano,BRA,DF,Botafogo (RJ),18-185,2006,0.2,0,0,0,0,3,0,0,0,2,0,0,0,2,0,2,0.0
Bruno Fabiano Alves,BRA,DF,Cuiabá,33-184,1991,13.4,1,0,0,10,12,0,2,17,7,0,0,0,28,28,18,60.9
Fabinho,BRA,MF,Palmeiras,22-191,2002,5.4,2,0,0,6,6,0,1,6,4,0,0,0,24,9,8,52.9
Fábio,BRA,GK,Fluminense,44-017,1980,28.0,2,0,0,0,4,0,0,2,1,0,0,0,28,9,0,100.0
Fábio,BRA,DF,Grêmio,34-100,1990,7.5,1,1,0,6,14,0,21,5,7,0,1,0,32,13,13,50.0
Fabrício,BRA,GK,Internacional,38-284,1986,8.0,0,0,0,0,0,0,0,0,0,0,0,0,10,2,0,100.0
Fabrício,BRA,GK,Red Bull Bragantino,24-124,2000,1.0,0,0,0,0,0,0,0,0,0,0,0,0,0,0,0,
Fagner,BRA,DF,Corinthians,35-128,1989,9.1,3,1,1,4,9,0,42,11,8,0,1,0,37,1,3,25.0
Rodrigo Fagundes,BRA,DF,Criciúma,37-221,1987,24.0,7,0,0,24,11,3,5,32,30,0,2,0,117,71,32,68.9
Luiz Felipe,BRA,DF,Atl Goianiense,31-038,1993,9.1,4,1,0,14,3,0,1,15,8,1,1,0,24,19,7,73.1
Marcos Felipe,BRA,GK,Bahia,28-187,1996,29.0,2,0,0,1,4,0,0,0,1,0,0,0,42,5,1,83.3
Lucas Fernandes,BRA,"MF,FW",Cuiabá,27-027,1997,9.1,3,0,0,11,13,0,23,7,4,0,0,0,32,7,6,53.8
Matheus Fernandes,BRA,MF,Red Bull Bragantino,26-109,1998,5.4,2,0,0,11,8,0,1,11,19,0,0,0,38,7,2,77.8
Nathan Fernandes,BRA,"FW,MF",Grêmio,19-244,2005,5.5,3,0,0,10,13,1,3,4,6,0,0,0,12,1,10,9.1
Gatito Fernández,PAR,GK,Botafogo (RJ),36-202,1988,3.0,1,0,0,0,0,0,0,0,0,0,0,0,4,2,0,100.0
Fernandinho,BRA,MF,Ath Paranaense,39-166,1985,15.2,6,0,0,29,21,1,46,10,18,0,0,0,91,17,11,60.7
Fernando,BRA,DF,Ath Paranaense,25-033,1999,6.3,2,0,0,9,7,0,23,12,4,0,0,0,22,13,7,65.0
Fernando,BRA,"MF,DF",Internacional,37-084,1987,14.3,6,0,0,22,7,2,0,19,19,0,0,0,85,27,15,64.3
Luiz Fernando,BRA,"FW,MF",Atl Goianiense,28-001,1996,23.2,6,0,0,24,40,9,25,13,11,0,0,0,102,19,48,28.4
Nahuel Ferraresi,VEN,DF,São Paulo,25-333,1998,10.0,2,0,0,10,4,0,10,8,18,0,0,0,45,13,15,46.4
Ferreira,BRA,"FW,MF",São Paulo,26-291,1997,9.5,4,0,0,10,29,1,43,4,12,1,0,0,47,3,6,33.3
Jean Carlos Alves Ferreira,BRA,"MF,FW",Atl Goianiense,19-162,2005,0.1,0,0,0,0,1,0,0,2,0,0,0,0,1,0,1,0.0
Tobias Figueiredo,POR,DF,Criciúma,30-258,1994,15.1,5,0,0,13,7,0,0,21,11,0,0,1,49,53,15,77.9
Filipinho,BRA,MF,Ath Paranaense,22-365,2001,2.0,2,0,0,4,7,0,2,6,9,0,0,0,8,0,1,0.0
Alan Franco,ECU,MF,Atlético Mineiro,26-057,1998,15.1,4,0,0,27,12,0,10,18,15,0,0,0,56,24,11,68.6
Alan Franco,ARG,DF,São Paulo,28-006,1996,16.5,6,1,0,15,4,1,0,8,12,0,0,1,90,34,27,55.7
Gonzalo Freitas,URU,MF,Atl Goianiense,33-015,1991,6.9,4,0,0,15,5,0,1,10,10,0,2,0,22,21,11,65.6
Lucas Freitas,BRA,DF,Juventude,23-271,2001,7.3,3,1,1,8,4,1,1,5,5,0,2,0,21,12,12,50.0
Marlon Freitas,BRA,MF,Botafogo (RJ),29-204,1995,19.4,6,0,0,17,7,0,14,16,21,0,0,0,84,8,15,34.8
Bruno Fuchs,BRA,DF,Atlético Mineiro,25-199,1999,18.6,9,1,1,19,12,0,8,24,22,0,0,0,86,26,17,60.5
Gabriel Fuentes,COL,DF,Fluminense,27-251,1997,0.4,1,0,0,0,0,0,0,0,1,0,0,0,2,1,0,100.0
Gabriel,BRA,DF,Bahia,23-164,2001,27.0,4,0,0,31,11,0,1,42,37,0,0,0,85,100,36,73.5
Gabriel,BRA,MF,Ath Paranaense,32-099,1992,11.0,3,0,0,15,10,0,5,16,21,0,0,0,72,14,19,42.4
Gabriel,BRA,MF,Fluminense,31-029,1993,2.6,1,0,0,8,5,1,3,10,7,0,0,0,13,5,2,71.4
Gabriel,BRA,GK,Juventude,32-020,1992,25.5,4,1,0,2,4,0,0,0,0,0,1,0,29,9,1,90.0
Marquinhos Gabriel,BRA,MF,Criciúma,34-088,1990,10.4,4,0,0,7,12,4,20,6,6,0,0,0,56,5,12,29.4
Zé Gabriel,BRA,MF,Vasco da Gama,25-270,1999,5.1,3,0,0,13,6,0,1,5,11,0,0,0,33,11,7,61.1
Pablo Galdames Millán,CHI,MF,Vasco da Gama,27-292,1996,8.7,3,0,0,25,10,1,15,10,11,0,0,0,42,3,3,50.0
Giuliano Galoppo,ARG,MF,São Paulo,25-121,1999,4.3,2,0,0,8,7,0,6,6,4,0,0,0,18,10,5,66.7
Léo Gamalho,BRA,FW,Vitória,38-261,1986,0.2,0,0,0,0,0,0,0,0,0,0,0,0,0,0,2,0.0
Mateo Gamarra,PAR,DF,Ath Paranaense,23-363,2000,13.3,7,0,0,15,8,0,3,19,14,0,0,0,66,43,32,57.3
Ganso,BRA,MF,Fluminense,35-005,1989,19.7,10,0,0,18,29,1,58,11,21,0,0,0,74,7,15,31.8
García,BRA,"MF,FW",Palmeiras,22-287,2002,0.1,0,0,0,0,0,3,0,0,0,0,0,0,0,0,0,
Luan Garcia,BRA,DF,Palmeiras,31-160,1993,2.6,0,0,0,3,4,0,0,2,1,0,0,0,8,4,0,100.0
Rodrigo Garro,ARG,"MF,FW",Corinthians,26-287,1998,25.3,8,0,0,31,94,3,192,20,23,0,1,0,122,10,26,27.8
Wesley Gasolina,BRA,"DF,MF",Cruzeiro,24-218,2000,0.5,0,0,0,0,1,0,7,0,1,0,0,0,5,0,1,0.0
Pedro Geromel,BRA,DF,Grêmio,39-026,1985,6.0,3,0,0,2,3,0,2,4,7,0,0,0,20,15,8,65.2
Gerson,BRA,"MF,FW",Flamengo,27-150,1997,22.3,1,0,0,25,51,3,29,4,34,0,0,0,114,26,27,49.1
Agustín Giay,ARG,DF,Palmeiras,20-275,2004,5.5,1,0,0,10,11,0,12,6,10,0,0,0,19,4,3,57.1
Gilberto,BRA,DF,Bahia,31-224,1993,10.3,1,0,0,10,15,2,32,5,15,0,0,0,42,13,9,59.1
Gilberto,BRA,FW,Juventude,35-134,1989,9.7,4,0,0,16,10,4,10,2,2,0,0,0,13,23,26,46.9
Luciano Giménez,ARG,"FW,MF",Cuiabá,24-242,2000,0.8,0,1,0,3,0,1,0,0,0,0,0,0,1,3,4,42.9
Giovane,BRA,"FW,MF",Corinthians,20-328,2003,3.0,1,0,0,6,6,2,10,0,0,0,0,0,7,5,5,50.0
Leonardo Godoy,ARG,DF,Ath Paranaense,29-172,1995,11.9,3,0,0,24,12,1,37,7,11,0,0,0,40,6,12,33.3
Davi Goes,BRA,MF,Juventude,19-117,2005,0.6,1,0,0,1,1,0,0,0,2,0,0,0,3,0,2,0.0
Bruno Gomes,BRA,"DF,MF",Internacional,23-196,2001,15.0,2,0,0,24,28,0,33,12,23,1,0,0,75,16,21,43.2
Igor Gomes,BRA,MF,Atlético Mineiro,25-214,1999,12.2,5,0,0,16,20,0,33,7,11,0,1,0,67,7,10,41.2
Igor Gomes,BRA,DF,Internacional,23-225,2001,7.6,2,0,0,8,7,0,11,7,9,0,0,0,36,20,23,46.5
William Gomes,BRA,"FW,MF",São Paulo,18-216,2006,3.9,2,0,0,4,1,2,22,2,7,0,0,0,14,2,7,22.2
Gustavo Gómez,PAR,DF,Palmeiras,31-164,1993,19.0,6,0,0,33,14,6,4,24,18,0,1,1,51,62,47,56.9
Diego Gonçalves,BRA,"FW,MF",Juventude,30-087,1994,1.5,0,0,0,1,5,2,2,1,3,0,0,0,7,6,5,54.5
Mateus Gonçalves Martins,BRA,"MF,FW",Vitória,30-019,1994,2.3,0,0,0,1,3,0,6,0,1,0,0,0,11,1,3,25.0
Matheus Gonçalves,BRA,"FW,MF",Flamengo,19-060,2005,4.1,1,0,0,9,4,0,23,4,4,0,0,0,19,3,5,37.5
Yony González,COL,"FW,MF",Atl Goianiense,30-098,1994,3.0,0,0,0,6,9,0,14,1,2,0,0,0,12,6,7,46.2
Gregore,BRA,MF,Botafogo (RJ),30-229,1994,15.9,8,0,0,69,11,1,8,21,45,1,0,0,93,35,25,58.3
Guga,BRA,DF,Fluminense,26-049,1998,2.9,3,1,0,7,3,0,3,2,6,0,0,0,11,2,2,50.0
Guilherme,BRA,DF,Red Bull Bragantino,22-246,2002,7.0,1,0,0,8,4,1,29,10,8,0,0,0,21,12,14,46.2
Luis Guilherme,BRA,"FW,DF",Palmeiras,18-251,2006,2.0,0,0,0,0,3,0,13,0,2,0,0,0,5,5,3,62.5
Zé Guilherme,BRA,DF,Grêmio,19-215,2005,2.5,0,0,0,4,4,0,6,7,7,0,0,0,16,5,4,55.6
Gustavinho,BRA,"MF,FW",Red Bull Bragantino,20-177,2004,9.0,1,0,0,13,7,0,42,4,9,0,0,0,42,10,28,26.3
Gustavo,BRA,GK,Criciúma,31-221,1993,25.7,4,1,1,1,2,0,0,0,0,0,0,0,19,4,2,66.7
Luiz Gustavo,BRA,DF,Atl Goianiense,21-140,2003,0.5,0,0,0,1,0,0,0,1,0,0,0,0,3,2,1,66.7
Luiz Gustavo,BRA,MF,São Paulo,37-086,1987,17.7,3,0,0,27,19,0,9,26,15,0,0,0,71,11,10,52.4
Ryan Gustavo,BRA,MF,Corinthians,21-094,2003,5.8,2,0,0,15,6,0,3,7,14,0,0,0,21,3,6,33.3
Rafael Haller,URU,DF,Atl Goianiense,24-061,2000,0.6,0,0,0,0,0,0,3,2,1,0,0,0,5,4,2,66.7
Lucas Halter,BRA,DF,Botafogo (RJ),24-168,2000,14.8,4,0,0,18,6,0,0,11,10,0,1,0,48,16,18,47.1
Héctor,ESP,"FW,DF",Corinthians,29-033,1995,0.7,0,0,0,1,1,0,0,0,0,0,0,0,1,0,2,0.0
Thiago Heleno,BRA,DF,Ath Paranaense,36-030,1988,16.5,4,0,0,16,7,0,0,21,9,0,0,0,48,36,23,61.0
Helinho,BRA,"FW,MF",Red Bull Bragantino,24-175,2000,12.2,4,0,0,16,14,1,71,10,6,0,0,0,75,8,18,30.8
Henrique,BRA,FW,São Paulo,17-343,2006,0.1,0,0,0,0,1,0,0,0,0,0,0,0,1,0,1,0.0
Bruno Henrique,BRA,FW,Flamengo,33-292,1990,14.9,5,0,0,33,46,3,19,10,12,2,0,0,57,27,29,48.2
Bruno Henrique,BRA,"MF,FW",Internacional,34-362,1989,16.0,3,0,0,38,17,1,57,11,21,0,0,0,77,17,17,50.0
Gustavo Henrique,BRA,DF,Corinthians,31-207,1993,10.4,6,1,1,10,5,0,2,13,8,0,0,0,22,34,17,66.7
Luiz Henrique,BRA,"FW,MF",Botafogo (RJ),23-289,2001,21.2,3,0,0,25,49,7,38,10,26,3,0,0,79,22,35,38.6
Matheus Henrique,BRA,"MF,FW",Cruzeiro,26-303,1997,10.9,4,0,0,15,16,1,18,6,11,0,0,0,65,9,8,52.9
Paulo Henrique,BRA,DF,Vasco da Gama,28-084,1996,22.4,4,0,0,35,19,0,74,34,49,0,0,0,135,16,17,48.5
Pedro Henrique,BRA,"FW,MF",Corinthians,34-123,1990,3.8,2,0,0,6,8,4,16,1,4,0,0,0,9,8,7,53.3
Pedro Henrique,BRA,DF,Red Bull Bragantino,29-015,1995,17.8,3,0,0,17,13,0,1,11,25,0,2,0,71,35,35,50.0
Hércules,BRA,MF,Fortaleza,23-363,2000,19.0,6,2,0,32,8,0,21,5,24,0,0,0,84,7,19,26.9
Marcelo Hermes,BRA,"DF,MF",Criciúma,29-259,1995,26.6,4,0,0,25,13,2,160,34,26,0,0,0,94,27,35,43.5
Diego Hernández,URU,"FW,MF",Botafogo (RJ),24-117,2000,2.3,3,0,0,12,6,1,16,1,4,0,0,0,18,1,1,50.0
Lucca Holanda,BRA,"FW,MF",Internacional,21-198,2003,3.0,0,0,0,6,7,1,2,0,3,0,0,0,5,7,12,36.8
Hugo,BRA,DF,Corinthians,27-049,1997,19.3,2,0,0,37,10,0,19,21,22,0,1,0,73,43,26,62.3
Hugo,BRA,DF,Botafogo (RJ),23-027,2001,4.9,0,0,0,7,7,0,19,5,7,0,1,0,22,1,6,14.3
Vitor Hugo Amorim,BRA,"MF,FW",Cruzeiro,20-242,2004,4.8,2,0,0,2,5,1,5,3,3,0,0,0,20,1,2,33.3
José Hugo,BRA,"MF,FW",Vitória,25-000,1999,5.9,2,0,0,11,12,1,33,5,11,0,0,0,33,9,14,39.1
Victor Hugo,BRA,MF,Atlético Mineiro,19-341,2004,0.0,0,0,0,0,0,0,0,0,0,0,0,0,0,0,0,
Victor Hugo,BRA,"FW,MF",Flamengo,20-159,2004,2.9,1,0,0,1,3,0,5,0,4,0,0,0,14,4,7,36.4
Victor Hugo,BRA,MF,Fluminense,20-160,2004,0.5,1,0,0,2,0,0,0,1,0,0,0,0,5,0,0,
Vitor Hugo,BRA,DF,Bahia,33-150,1991,0.2,0,0,0,0,0,0,0,1,0,0,0,0,1,0,1,0.0
Hulk,BRA,FW,Atlético Mineiro,38-084,1986,16.1,5,1,1,20,54,7,19,1,4,1,0,0,30,15,19,44.1
José Hurtado,ECU,DF,Red Bull Bragantino,22-299,2001,8.4,1,0,0,7,4,1,26,10,10,0,0,0,31,8,12,40.0
Hyoran,BRA,"FW,MF",Internacional,31-145,1993,3.7,0,0,0,7,9,1,14,0,6,0,0,0,11,2,4,33.3
Iago,BRA,"DF,MF",Bahia,27-208,1997,4.2,0,0,0,5,6,0,8,6,7,0,0,0,16,4,0,100.0
Ignácio,BRA,DF,Fluminense,27-321,1996,2.0,0,0,0,2,3,0,0,0,6,0,0,0,3,7,2,77.8
Juan Ignacio Dinenno,ARG,"FW,DF",Cruzeiro,30-050,1994,2.7,0,0,0,1,3,1,0,0,2,0,0,0,5,10,9,52.6
Igor,BRA,MF,Flamengo,21-224,2003,0.8,1,0,0,1,2,0,0,3,3,0,0,0,6,1,3,25.0
Igor,BRA,FW,Botafogo (RJ),23-235,2001,8.7,2,0,0,17,29,5,3,1,2,0,0,0,28,25,43,36.8
Gabriel Inocêncio,BRA,DF,Juventude,30-058,1994,9.6,2,0,0,21,17,2,19,9,18,0,2,0,60,14,12,53.8
Isaac,BRA,FW,Atlético Mineiro,20-205,2004,0.1,0,0,0,0,0,0,0,0,0,0,0,0,1,0,0,
Isaac,BRA,"FW,DF",Fluminense,20-176,2004,1.7,0,0,0,1,5,0,2,0,2,0,0,0,6,0,1,0.0
Zé Ivaldo,BRA,DF,Cruzeiro,27-239,1997,23.2,7,0,0,23,19,3,12,15,16,0,1,0,108,46,17,73.0
Jadsom,BRA,"MF,DF",Red Bull Bragantino,23-150,2001,13.1,7,1,0,31,2,0,12,18,32,0,0,0,57,11,19,36.7
Jadson,BRA,MF,Juventude,31-048,1993,23.7,13,1,1,33,48,1,19,29,32,0,0,0,156,8,22,26.7
Jadson,BRA,MF,Cuiabá,19-068,2005,0.2,0,0,0,0,0,0,0,0,0,0,0,0,0,0,0,
Janderson,BRA,"FW,MF",Atl Goianiense,25-234,1999,7.6,3,1,0,14,14,0,57,3,9,0,0,0,37,1,8,11.1
Janderson,BRA,"FW,MF",Vitória,25-164,1999,11.2,6,0,0,20,16,2,11,2,10,0,0,0,45,29,47,38.2
Jandrei,BRA,GK,São Paulo,31-230,1993,12.0,0,0,0,0,8,0,0,0,0,0,0,0,5,3,0,100.0
Léo Jardim,BRA,GK,Vasco da Gama,29-211,1995,29.0,0,0,0,0,1,0,0,0,0,0,0,0,26,5,2,71.4
Jeffinho,BRA,"FW,MF",Botafogo (RJ),24-292,1999,3.6,2,0,0,7,6,0,1,2,2,0,0,0,19,2,5,28.6
Jemerson,BRA,DF,Atlético Mineiro,32-054,1992,2.3,2,0,0,2,4,0,1,5,1,0,0,0,10,8,2,80.0
Jemerson,BRA,DF,Grêmio,32-054,1992,4.7,2,0,0,10,0,1,0,4,3,0,1,0,16,4,7,36.4
Caíque de Jesus Gonçalves,BRA,MF,Juventude,29-007,1995,15.8,5,0,0,20,28,0,2,24,24,0,1,0,95,14,13,51.9
John,BRA,GK,Botafogo (RJ),28-247,1996,26.0,2,0,0,1,3,0,0,0,0,0,0,0,22,6,0,100.0
Felipe Jonatan,BRA,DF,Fortaleza,26-245,1998,15.7,0,0,0,11,25,1,45,23,14,0,0,0,73,16,16,50.0
Jonathan,BRA,DF,Cruzeiro,20-143,2004,0.8,0,0,0,0,0,0,0,0,0,0,0,0,5,1,0,100.0
Jonathan,BRA,DF,Criciúma,32-053,1992,6.0,0,0,0,6,2,0,14,6,5,0,0,0,32,4,9,30.8
Kaio Jorge,BRA,FW,Cruzeiro,22-267,2002,10.0,2,0,0,19,12,2,3,0,1,0,0,0,13,15,33,31.3
Jorginho,BRA,"MF,FW",Atl Goianiense,33-286,1991,0.8,1,0,0,1,3,0,2,1,0,1,0,0,3,1,1,50.0
Jhonatan Jowjow,BRA,MF,Palmeiras,22-038,2002,1.6,0,0,0,0,1,0,8,3,3,0,0,0,9,1,5,16.7
Jhonatan Jowjow,BRA,"MF,FW",Red Bull Bragantino,22-038,2002,5.8,2,0,0,10,5,0,9,1,13,1,0,0,23,3,5,37.5
Daniel Jr,BRA,"MF,FW",Vitória,22-161,2002,1.5,1,0,0,1,7,0,5,0,1,0,0,0,11,1,0,100.0
Luciano Juba,BRA,DF,Bahia,25-049,1999,25.9,1,0,0,7,11,2,86,45,25,0,0,0,146,22,20,52.4
Juliano,BRA,FW,Red Bull Bragantino,16-230,2008,0.3,0,0,0,0,1,0,0,0,0,0,0,0,0,0,3,0.0
Julimar,BRA,"FW,MF",Ath Paranaense,23-266,2001,14.6,2,0,0,21,8,4,36,12,17,0,0,0,55,41,32,56.2
Kaiki,BRA,DF,Cruzeiro,21-223,2003,10.3,2,0,0,15,19,2,25,21,26,0,0,0,54,11,20,35.5
Lucas Kal,BRA,"MF,DF",Atl Goianiense,28-215,1996,12.8,1,0,0,11,4,0,7,15,7,0,0,0,45,14,12,53.8
Walter Kannemann,ARG,DF,Grêmio,33-217,1991,11.1,7,1,0,23,9,0,0,19,12,0,1,0,31,28,6,82.4
Kanu,BRA,DF,Bahia,27-224,1997,22.0,10,0,0,27,22,0,0,25,9,0,0,0,77,38,23,62.3
Alan Kardec,BRA,"FW,DF",Atlético Mineiro,35-279,1989,2.2,0,0,0,4,3,1,0,0,0,0,0,0,4,14,8,63.6
Kauan,BRA,MF,Fortaleza,19-184,2005,0.6,0,0,0,0,2,0,0,1,0,0,0,0,2,2,1,66.7
Kauê,BRA,"MF,FW",Botafogo (RJ),19-361,2004,1.9,0,0,0,6,2,0,6,0,0,0,0,0,6,2,2,50.0
Kayke,BRA,"MF,FW",Corinthians,20-172,2004,0.2,0,0,0,0,0,0,0,0,0,0,0,0,2,0,0,
Renato Kayser,BRA,FW,Criciúma,28-243,1996,0.9,0,0,0,0,2,2,0,0,0,0,0,0,1,3,2,60.0
Renato Kayser,BRA,FW,Fortaleza,28-243,1996,11.9,2,1,0,30,23,6,2,2,7,0,0,0,37,25,68,26.9
John Kennedy,BRA,"FW,MF",Fluminense,22-152,2002,7.3,1,0,0,15,16,2,2,0,3,0,0,0,12,10,20,33.3
Keno,BRA,"FW,MF",Fluminense,35-037,1989,10.8,3,0,0,13,19,3,31,8,14,0,0,0,33,6,7,46.2
Kleiton,BRA,FW,Juventude,25-177,1999,0.3,0,0,0,0,1,0,0,0,0,0,0,0,0,2,4,33.3
Gabriel Knesowitsch,BRA,DF,Cuiabá,20-365,2003,2.2,0,0,0,0,4,0,0,3,5,0,0,0,3,4,6,40.0
Benjamín Kuscevic,CHI,DF,Fortaleza,28-168,1996,13.6,5,1,1,9,3,1,1,14,14,0,0,0,34,46,26,63.9
Matías Lacava,VEN,"FW,MF",Atl Goianiense,21-359,2002,2.3,0,0,0,5,3,0,11,1,3,0,0,0,6,0,3,0.0
Derik Lacerda,BRA,"FW,MF",Cuiabá,25-020,1999,11.4,5,0,0,16,28,2,6,2,8,0,0,0,31,24,18,57.1
Ignacio Laquintana,URU,"FW,MF",Red Bull Bragantino,25-259,1999,3.1,1,0,0,5,4,1,6,3,1,0,0,0,15,2,1,66.7
Lawan,BRA,FW,Vitória,19-145,2005,1.2,1,0,0,4,3,0,0,0,0,0,0,0,4,8,9,47.1
Lázaro,BRA,"FW,MF",Palmeiras,22-219,2002,8.5,0,0,0,8,13,1,14,0,3,0,0,0,26,7,15,31.8
Leandrinho,BRA,"DF,FW",Vasco da Gama,19-214,2005,3.3,0,0,0,4,7,0,9,1,5,0,0,0,16,3,4,42.9
Mauricio Lemos,URU,DF,Atlético Mineiro,28-294,1995,3.2,3,0,0,10,1,0,0,2,2,0,0,0,8,7,5,58.3
Willean Lepo,BRA,DF,Vitória,27-275,1997,18.0,4,0,0,15,19,2,48,27,39,0,0,0,96,30,30,50.0
Jamal Lewis,NIR,DF,São Paulo,26-266,1998,1.0,0,0,0,0,0,0,6,0,1,0,0,0,2,2,1,66.7
Lima,BRA,"MF,FW",Fluminense,28-128,1996,12.0,5,1,1,18,31,1,17,14,9,0,0,0,63,9,15,37.5
Leonardo Linck,BRA,GK,Ath Paranaense,23-228,2001,13.6,0,1,0,0,1,0,0,0,0,0,0,0,10,3,0,100.0
Lincoln,BRA,"MF,FW",Red Bull Bragantino,25-345,1998,12.0,3,0,0,11,32,1,57,8,16,0,0,0,58,5,11,31.3
Liziero,BRA,"MF,DF",São Paulo,26-253,1998,1.9,1,0,0,9,4,0,4,0,7,0,0,0,10,1,2,33.3
Marcelo Lomba,BRA,GK,Palmeiras,37-304,1986,1.0,0,0,0,0,0,0,0,0,0,0,0,0,1,1,0,100.0
Santiago Longo,ARG,MF,São Paulo,26-188,1998,0.9,0,0,0,0,1,0,0,1,1,0,0,0,2,0,1,0.0
Bruno Lopes,BRA,FW,Vasco da Gama,17-084,2007,0.1,1,0,0,3,0,0,0,0,1,0,0,0,0,1,1,50.0
José López,ARG,FW,Palmeiras,23-316,2000,17.8,7,0,0,31,23,15,10,3,6,0,0,0,39,59,61,49.2
Lorran,BRA,"MF,FW",Flamengo,18-105,2006,7.4,0,0,0,11,6,2,26,2,14,0,0,0,30,4,10,28.6
Vágner Love,BRA,"FW,MF",Atl Goianiense,40-128,1984,2.0,1,0,0,1,3,0,2,1,0,0,0,0,5,4,9,30.8
Lucão,BRA,GK,Red Bull Bragantino,23-234,2001,6.0,1,0,0,0,0,0,0,0,0,0,0,0,5,1,0,100.0
Ayrton Lucas,BRA,DF,Flamengo,27-120,1997,19.5,3,0,0,16,27,0,66,13,19,0,1,0,105,25,26,49.0
Jean Lucas,BRA,MF,Bahia,26-117,1998,26.1,5,0,0,35,42,2,13,17,24,0,0,0,127,16,20,44.4
João Lucas,BRA,DF,Juventude,26-222,1998,20.5,5,1,1,27,19,1,90,22,34,0,0,0,106,23,16,59.0
Luciano,BRA,"MF,FW",São Paulo,31-152,1993,18.9,12,1,1,23,33,5,6,5,13,1,0,0,83,12,18,40.0
Jan Lucumí González,COL,"FW,MF",Fluminense,20-249,2004,1.0,2,1,1,2,5,1,3,1,0,0,0,0,2,0,0,
Luighi,BRA,"MF,FW",Palmeiras,18-170,2006,0.2,0,0,0,2,2,0,0,0,0,0,0,0,1,1,3,25.0
André Luis,BRA,"FW,MF",Cuiabá,27-179,1997,4.8,3,0,0,8,14,2,3,1,6,0,0,0,15,11,19,36.7
Victor Luis,BRA,DF,Vasco da Gama,31-116,1993,4.4,3,1,0,10,10,0,19,6,9,0,0,0,17,8,7,53.3
David Luiz,BRA,DF,Flamengo,37-178,1987,15.5,4,0,0,18,7,0,6,12,7,0,1,0,47,35,13,72.9
Lyanco,BRA,DF,Atlético Mineiro,27-259,1997,6.0,5,1,1,17,2,0,9,15,7,0,0,0,33,12,7,63.2
Lyncon,BRA,DF,Vasco da Gama,19-163,2005,0.5,0,0,0,0,0,0,0,0,0,0,0,0,0,1,0,100.0
Machado,BRA,MF,Cruzeiro,28-271,1996,1.9,2,0,0,7,3,0,3,5,2,0,0,0,11,2,0,100.0
Machado,BRA,MF,Vitória,28-271,1996,5.8,1,0,0,6,7,1,28,6,6,0,0,0,15,3,5,37.5
João Machado Cruz,BRA,MF,Ath Paranaense,18-158,2006,5.1,2,0,0,9,3,0,33,2,3,0,0,0,22,4,4,50.0
Imanol Machuca,ARG,"FW,MF",Fortaleza,24-276,2000,4.8,0,0,0,4,7,0,29,0,6,0,0,0,25,3,8,27.3
Guilherme Madruga,BRA,"MF,FW",Cuiabá,23-341,2000,1.2,2,0,0,6,2,0,2,1,2,0,0,0,7,4,3,57.1
Mádson,BRA,DF,Ath Paranaense,32-278,1992,9.6,3,0,0,6,11,1,24,12,5,0,0,0,25,31,23,57.4
Talles Magno,BRA,"MF,FW",Corinthians,22-113,2002,2.3,2,0,0,7,5,2,0,2,2,0,0,0,12,6,5,54.5
Maguinho,BRA,DF,Atl Goianiense,31-285,1993,15.1,3,1,0,27,13,2,51,15,12,1,2,0,59,26,23,53.1
Caio Maia,BRA,FW,Atlético Mineiro,19-199,2005,0.2,1,0,0,1,1,0,1,0,0,0,0,0,1,1,0,100.0
Pablo Maia,BRA,MF,São Paulo,22-281,2002,2.9,0,0,0,6,4,0,0,0,2,0,0,0,13,1,3,25.0
Thiago Maia,BRA,MF,Internacional,27-208,1997,17.6,3,0,0,22,10,2,5,26,28,0,1,0,117,34,28,54.8
Walisson Maia,BRA,DF,Criciúma,33-057,1991,9.5,4,0,0,13,3,0,0,7,8,0,1,0,23,25,12,67.6
Maicon,BRA,DF,Vasco da Gama,36-033,1988,22.9,4,0,0,11,7,1,11,26,18,0,0,0,78,67,32,67.7
Hugo Mallo,ESP,DF,Internacional,33-117,1991,4.0,2,0,0,3,1,1,11,4,7,0,0,0,12,3,6,33.3
Léo Mana,BRA,DF,Corinthians,20-194,2004,2.3,1,0,0,3,1,0,5,3,3,0,1,0,8,1,3,25.0
Eros Mancuso,ARG,DF,Fortaleza,25-183,1999,3.6,2,1,1,9,2,0,6,2,5,0,0,0,16,0,1,0.0
Luis Mandaca,BRA,"MF,FW",Juventude,23-015,2001,6.6,4,0,0,13,11,0,5,4,8,0,0,0,22,10,17,37.0
Manoel,BRA,DF,Fluminense,34-234,1990,7.5,2,0,0,9,4,0,0,4,4,0,0,0,22,8,18,30.8
Fernando Marçal,BRA,DF,Botafogo (RJ),35-241,1989,10.0,5,0,0,21,12,1,52,21,13,0,1,0,35,23,14,62.2
Dé Marcão,BRA,DF,Atl Goianiense,23-155,2001,0.8,0,0,0,1,0,0,0,3,0,0,0,0,0,2,0,100.0
Marcelinho,BRA,"FW,MF",Juventude,21-311,2002,9.6,2,0,0,6,28,5,29,10,6,0,0,0,45,7,12,36.8
Marcelo,BRA,DF,Fluminense,36-158,1988,11.2,3,0,0,12,15,0,53,8,18,0,0,0,59,0,8,0.0
João Marcelo,BRA,DF,Cruzeiro,24-126,2000,22.9,7,1,0,16,10,1,1,33,21,0,0,0,82,69,41,62.7
Agustín Marchesín,ARG,GK,Grêmio,36-215,1988,20.0,3,0,0,0,4,0,0,0,0,0,0,0,9,6,0,100.0
Zé Marcos,BRA,DF,Juventude,26-259,1998,18.3,11,2,2,18,20,0,1,14,15,0,0,0,70,48,24,66.7
Erick Marcus,BRA,"FW,MF",Vasco da Gama,20-230,2004,1.9,1,0,0,2,6,0,3,2,4,0,0,0,17,2,4,33.3
Mariano,BRA,DF,Atlético Mineiro,38-116,1986,5.7,2,0,0,7,4,0,9,3,9,0,1,0,27,7,3,70.0
Marinho,BRA,FW,Fortaleza,34-141,1990,8.9,3,1,0,23,34,8,36,4,10,0,0,0,36,5,10,33.3
Marlon,BRA,DF,Cruzeiro,27-150,1997,18.1,1,2,0,25,10,0,52,19,26,0,0,0,79,20,19,51.3
Marlon,BRA,DF,Fluminense,29-040,1995,3.9,1,0,0,5,2,0,0,3,4,0,0,0,13,15,7,68.2
Marquinhos,BRA,"FW,DF",Fluminense,21-193,2003,12.9,2,0,0,16,31,1,50,10,11,0,0,0,46,15,22,40.5
Juan Martín Lucero,ARG,FW,Fortaleza,32-322,1991,17.6,7,0,0,30,24,7,4,0,8,0,0,0,40,11,43,20.4
Martinelli,BRA,"MF,DF",Fluminense,23-160,2001,20.9,6,0,0,31,18,0,6,14,19,1,0,0,93,17,19,47.2
Adriano Martins,BRA,DF,Atl Goianiense,27-199,1997,25.6,5,0,0,26,11,2,6,45,26,0,1,0,89,40,28,58.8
Matheus Martins,BRA,"MF,FW",Botafogo (RJ),21-093,2003,3.5,0,0,0,4,13,4,6,5,4,0,0,0,12,1,5,16.7
Gustavo Martins Santos,BRA,DF,Grêmio,22-067,2002,14.8,1,1,0,15,7,1,1,15,14,0,0,1,57,38,15,71.7
Gonzalo Mastriani,URU,FW,Ath Paranaense,31-172,1993,9.7,0,0,0,11,9,3,3,3,7,0,0,0,39,29,30,49.2
Fellipe Mateus,BRA,"MF,FW",Criciúma,33-248,1991,16.1,4,0,0,20,42,2,28,12,12,0,1,0,76,30,26,53.6
Matheusinho,BRA,"MF,FW",Vitória,26-365,1997,21.8,5,0,0,19,65,3,74,22,24,0,0,0,112,13,30,30.2
Matheusinho,BRA,MF,Criciúma,26-249,1998,14.1,3,0,0,13,24,2,37,9,10,0,0,0,85,2,16,11.1
Matheuzinho,BRA,DF,Corinthians,24-039,2000,16.9,2,0,0,14,16,2,60,19,31,1,0,0,57,8,12,40.0
Ricardo Mathias,BRA,"FW,MF",Internacional,18-084,2006,0.8,2,0,0,4,1,0,3,1,0,0,0,0,3,6,6,50.0
Mauricio,BRA,MF,Internacional,23-148,2001,4.2,1,0,0,4,6,0,14,1,5,0,0,0,22,0,10,0.0
Mauricio,BRA,MF,Palmeiras,23-148,2001,8.8,1,0,0,6,15,0,23,4,3,2,0,0,32,6,10,37.5
Max,BRA,"FW,MF",Atl Goianiense,22-111,2002,2.9,2,0,0,7,8,2,11,0,6,1,0,0,17,3,6,33.3
Max,BRA,MF,Cuiabá,23-158,2001,11.3,1,0,0,7,10,0,43,13,9,0,0,0,51,13,15,46.4
Maycon,BRA,MF,Corinthians,27-094,1997,0.5,1,0,0,1,0,0,0,0,0,0,0,0,3,3,1,75.0
Mayk,BRA,DF,Grêmio,25-047,1999,2.9,0,0,0,0,0,0,3,3,4,0,0,0,16,7,3,70.0
Mayke,BRA,DF,Palmeiras,31-342,1992,9.6,3,0,0,12,7,2,29,22,17,0,0,0,56,17,12,58.6
Gary Medel,CHI,DF,Vasco da Gama,37-075,1987,1.2,0,0,0,2,0,0,0,0,0,0,0,0,4,0,1,0.0
Felipe Melo,BRA,DF,Fluminense,41-113,1983,4.6,3,0,0,5,4,0,0,7,3,0,0,0,14,12,4,75.0
Memphis,NED,"FW,MF",Corinthians,30-247,1994,1.5,0,0,0,1,6,1,2,0,1,0,0,0,5,0,1,0.0
Douglas Mendes,BRA,DF,Red Bull Bragantino,20-126,2004,14.3,2,0,0,24,2,1,9,17,17,0,0,0,51,37,18,67.3
Matheus Mendes,BRA,GK,Atlético Mineiro,25-221,1999,11.1,0,0,0,0,3,0,0,0,0,0,0,0,11,1,0,100.0
Nathan Mendes,BRA,DF,Red Bull Bragantino,22-059,2002,12.4,6,0,0,17,12,1,16,11,15,0,0,0,68,15,16,48.4
Vinicius Mendonça,BRA,"FW,MF",Red Bull Bragantino,20-240,2004,3.0,1,0,0,3,14,0,9,1,7,1,0,0,19,5,7,41.7
Jean Meneses,CHI,"FW,MF",Vasco da Gama,31-215,1993,2.1,0,0,0,0,2,0,5,4,3,0,0,0,11,0,1,0.0
Gabriel Menino,BRA,"MF,FW",Palmeiras,24-018,2000,10.4,6,1,0,24,20,4,59,10,16,0,0,0,44,11,8,57.9
Gabriel Mercado,ARG,DF,Internacional,37-213,1987,13.2,6,0,0,8,5,0,1,10,6,0,0,0,43,23,24,48.9
Higor Meritão,BRA,MF,Criciúma,30-116,1994,10.8,3,0,0,17,12,0,2,22,16,0,0,0,70,4,5,44.4
Michael,BRA,FW,Flamengo,28-219,1996,1.2,0,0,0,1,3,0,1,1,0,1,0,0,1,0,2,0.0
Carlos Miguel,BRA,GK,Corinthians,26-008,1998,6.0,3,0,0,0,1,0,0,0,0,0,0,0,6,1,0,100.0
Luis Miguel,BRA,"MF,FW",Vitória,19-256,2005,0.2,0,0,0,0,0,0,0,0,0,0,0,0,2,0,0,
Lucas Mineiro,BRA,MF,Cuiabá,28-236,1996,21.5,5,0,0,46,18,1,0,8,28,0,0,0,82,32,23,58.2
Moises,BRA,FW,Fortaleza,28-045,1996,7.6,0,0,0,2,5,4,3,4,3,0,0,0,30,15,13,53.6
Miguel Monsalve,COL,"FW,MF",Grêmio,20-233,2004,7.3,1,1,0,9,20,1,6,0,4,0,0,0,25,1,7,12.5
Jacob Montes,NCA,"FW,MF",Botafogo (RJ),25-363,1998,0.2,0,0,0,1,0,0,0,0,0,0,0,0,0,0,0,
João Moreira,POR,"DF,MF",São Paulo,20-149,2004,1.9,0,0,0,3,3,0,2,3,2,0,0,0,4,1,0,100.0
Aníbal Moreno,ARG,MF,Palmeiras,25-157,1999,21.9,5,0,0,22,24,1,14,37,29,0,0,0,138,16,21,43.2
Gabriel Moscardo,BRA,MF,Corinthians,19-019,2005,0.9,0,0,0,3,0,0,0,0,3,0,0,0,0,3,1,75.0
Henry Mosquera,COL,"FW,MF",Red Bull Bragantino,22-337,2001,19.2,4,0,0,26,22,9,34,7,10,0,0,0,75,14,35,28.6
Gustavo Mosquito,BRA,FW,Vitória,27-040,1997,3.7,1,0,0,2,7,1,7,2,4,0,0,0,15,0,4,0.0
Gustavo Mosquito,BRA,FW,Corinthians,27-040,1997,4.5,1,0,0,5,7,0,15,3,4,0,0,0,18,3,4,42.9
Jean Mota,BRA,MF,Vitória,31-002,1993,4.1,0,0,0,6,6,1,31,0,2,0,0,0,21,4,6,40.0
Hugo Moura,BRA,MF,Vasco da Gama,26-288,1998,17.1,5,1,0,38,12,0,14,14,41,0,0,0,73,12,7,63.2
Lucas Moura,BRA,"FW,MF",São Paulo,32-065,1992,18.0,3,0,0,19,45,0,33,15,9,0,0,0,81,28,22,56.0
Mycael,BRA,GK,Ath Paranaense,20-219,2004,6.4,0,1,0,0,0,0,0,0,0,0,0,0,4,0,0,
Léo Naldi,BRA,MF,Vitória,23-060,2001,11.6,5,0,0,20,16,0,8,16,24,0,0,0,49,16,14,53.3
Matheus Nascimento,BRA,FW,Botafogo (RJ),20-228,2004,0.3,0,0,0,0,1,0,0,0,1,0,0,0,0,0,0,
Nata,BRA,DF,Grêmio,23-134,2001,5.6,1,0,0,2,2,0,0,7,4,0,0,0,12,10,10,50.0
Nathan,BRA,DF,Internacional,23-042,2001,0.1,0,0,0,1,0,0,1,0,0,0,0,0,0,0,0,
Nathan,BRA,"FW,MF",Grêmio,28-218,1996,3.6,1,0,0,3,5,2,2,2,2,0,0,0,10,4,11,26.7
Kaiky Naves,BRA,DF,Palmeiras,22-162,2002,8.1,1,0,0,17,1,0,0,17,14,0,0,0,25,25,25,50.0
Nenê,BRA,"MF,FW",Juventude,43-090,1981,14.8,3,0,0,14,35,3,134,4,8,0,0,0,48,6,16,27.3
Neris,BRA,DF,Cruzeiro,32-122,1992,3.4,0,0,0,10,2,1,0,3,3,0,0,0,15,6,5,54.5
Neris,BRA,DF,Vitória,32-122,1992,8.1,1,1,0,8,1,0,0,8,10,0,0,0,26,19,16,54.3
Rodrigo Nestor,BRA,"MF,FW",São Paulo,24-069,2000,9.4,3,0,0,11,9,4,52,8,8,1,0,0,49,4,1,80.0
José Vitor Silva Neves,BRA,"MF,FW",Ath Paranaense,24-168,2000,2.0,2,0,0,5,2,0,3,2,4,0,0,0,11,10,8,55.6
Newton,BRA,MF,Criciúma,24-219,2000,18.7,3,0,0,39,15,0,30,22,24,0,0,0,73,25,29,46.3
Nikão,BRA,"FW,MF",Ath Paranaense,32-080,1992,10.2,0,0,0,5,21,2,44,6,12,0,0,0,53,10,17,37.0
Nonato,BRA,MF,Fluminense,26-228,1998,2.3,1,0,0,1,5,0,1,2,5,0,0,0,12,2,1,66.7
Gustavo Nunes,BRA,"FW,MF",Grêmio,18-332,2005,13.8,5,0,0,13,29,2,22,2,12,0,0,0,66,4,10,28.6
Cauly Oliveira Souza,BRA,"MF,FW",Bahia,29-032,1995,24.0,1,0,0,19,25,4,74,6,5,0,0,0,58,5,13,27.8
Leo Ortiz,BRA,"MF,DF",Flamengo,28-288,1996,15.2,2,0,0,7,4,0,5,14,10,0,0,0,64,32,13,71.1
Osvaldo,BRA,"MF,FW",Vitória,37-189,1987,11.9,1,0,0,14,25,1,45,6,7,0,1,0,53,3,6,33.3
Otávio,BRA,MF,Atlético Mineiro,30-166,1994,15.9,1,0,0,22,13,0,6,20,21,0,0,0,78,21,20,51.2
Luis Oyama,BRA,MF,Juventude,27-261,1997,6.5,2,0,0,7,8,0,4,11,8,0,0,0,44,3,11,21.4
Pablo,BRA,"FW,MF",Ath Paranaense,32-116,1992,10.9,5,0,0,21,5,3,3,2,8,0,0,0,35,26,43,37.7
Pablo,BRA,DF,Botafogo (RJ),33-118,1991,0.3,0,0,0,0,0,0,0,0,1,0,0,0,0,2,0,100.0
Juan Pablo,BRA,DF,Cuiabá,22-175,2002,2.8,1,0,0,5,0,0,6,2,7,0,1,0,13,0,3,0.0
Ruan Pablo,BRA,MF,Bahia,16-086,2008,0.1,0,0,0,0,0,1,0,0,0,0,0,0,1,0,0,
Bruno Pacheco,BRA,DF,Fortaleza,32-314,1991,12.7,2,0,0,12,18,0,16,14,16,0,0,0,57,32,17,65.3
Brahian Palacios,COL,"DF,FW",Atlético Mineiro,21-328,2002,7.7,3,0,0,12,9,3,26,5,7,2,0,0,30,3,9,25.0
Helibelton Palacios,COL,DF,Cruzeiro,31-128,1993,1.0,0,0,0,0,0,0,1,3,0,0,0,0,2,1,3,25.0
Sergio Palacios,COL,DF,Red Bull Bragantino,19-246,2005,0.3,1,0,0,2,1,0,0,1,0,0,0,0,1,0,0,
Mateus Pasinato,BRA,GK,Cuiabá,32-111,1992,1.0,1,0,0,0,0,0,0,0,0,0,0,0,1,0,0,
Alan Patrick,BRA,"MF,FW",Internacional,33-157,1991,12.0,3,0,0,17,17,0,70,1,11,0,0,0,51,4,19,17.4
Patryck,BRA,"DF,FW",São Paulo,21-273,2003,4.3,1,0,0,6,4,1,13,5,5,0,0,0,14,3,6,33.3
Patrick de Paula,BRA,MF,Criciúma,25-039,1999,2.7,1,0,0,4,3,0,0,3,6,0,0,0,21,2,1,66.7
Patrick de Paula,BRA,"MF,FW",Botafogo (RJ),25-039,1999,0.3,2,0,0,3,0,0,0,1,0,0,0,0,3,0,1,0.0
Paulinho,BRA,"FW,MF",Atlético Mineiro,24-094,2000,19.9,3,1,0,10,18,9,13,4,13,1,0,0,82,10,26,27.8
Paulinho,BRA,MF,Corinthians,36-084,1988,1.3,0,0,0,1,3,0,0,0,5,0,0,0,6,6,4,60.0
Caio Paulista,BRA,"DF,FW",Palmeiras,26-159,1998,7.1,1,1,0,12,7,1,27,5,10,0,0,0,46,7,7,50.0
Cristian Pavón,ARG,"FW,MF",Grêmio,28-270,1996,9.9,3,0,0,8,6,1,47,7,6,0,0,0,43,14,21,40.0
Dimitri Payet,FRA,"MF,FW",Vasco da Gama,37-202,1987,9.8,0,0,0,8,14,2,71,5,8,0,0,0,40,3,2,60.0
Pedrão,BRA,DF,Atl Goianiense,31-304,1992,6.1,3,0,0,8,4,0,0,1,7,0,0,0,21,19,7,73.1
Pedrinho,BRA,"MF,DF",Atlético Mineiro,26-187,1998,2.3,1,0,0,1,4,0,4,1,5,1,0,0,11,3,3,50.0
Pedro,BRA,FW,Flamengo,27-119,1997,18.4,3,0,0,14,27,3,2,6,5,1,0,0,28,28,35,44.4
João Pedro,BRA,"FW,MF",Cruzeiro,21-258,2003,0.9,0,0,0,0,3,0,1,2,0,0,0,0,4,2,2,50.0
João Pedro,BRA,MF,Vasco da Gama,19-181,2005,4.8,0,0,0,7,4,1,1,4,12,0,0,0,17,10,11,47.6
João Pedro,BRA,DF,Corinthians,20-291,2003,0.1,0,0,0,0,0,0,0,0,0,0,0,0,0,0,0,
João Pedro,ITA,FW,Grêmio,32-222,1992,6.4,0,0,0,14,15,0,0,1,0,0,0,0,7,17,24,41.5
João Pedro,BRA,DF,Grêmio,27-337,1996,21.9,3,0,0,8,9,1,35,11,15,0,2,0,96,24,22,52.2
João Pedro Pepê,BRA,MF,Grêmio,26-285,1998,11.1,1,1,0,17,26,1,6,15,20,0,0,0,66,11,10,52.4
Peixoto,BRA,MF,Juventude,27-109,1997,0.2,1,0,0,1,0,0,1,0,2,0,0,0,2,0,0,
Léo Pelé,BRA,DF,Vasco da Gama,28-225,1996,22.0,3,0,0,15,10,1,3,19,12,0,0,0,62,23,21,52.3
Carlos de Pena,URU,MF,Bahia,32-220,1992,7.0,5,0,0,9,7,0,51,14,9,0,0,0,42,7,3,70.0
Fabrizio Peralta,PAR,"MF,FW",Cruzeiro,22-076,2002,1.0,1,0,0,6,0,0,1,0,3,0,0,0,10,4,2,66.7
Léo Pereira,BRA,DF,Flamengo,28-260,1996,17.3,5,0,0,14,12,1,21,12,20,0,1,0,55,25,22,53.2
Matheus Pereira,BRA,"FW,MF",Cruzeiro,28-165,1996,24.5,7,0,0,26,78,7,130,7,14,0,0,0,87,9,22,29.0
Yago Pikachu,BRA,"FW,MF",Fortaleza,32-134,1992,16.3,5,0,0,9,37,4,42,9,13,0,0,0,65,3,14,17.6
Joaquín Piquerez,URU,DF,Palmeiras,26-054,1998,14.6,2,0,0,10,19,0,79,13,14,0,0,0,71,13,7,65.0
Rafael Pires,BRA,GK,São Paulo,35-116,1989,18.0,1,0,0,0,0,0,0,0,0,0,0,0,10,1,0,100.0
Lucas Piton,BRA,DF,Vasco da Gama,24-008,2000,23.1,4,0,0,21,10,0,142,31,31,0,0,0,93,26,24,52.0
Isidro Pitta,PAR,FW,Cuiabá,25-064,1999,23.3,4,0,0,23,25,23,15,1,3,2,0,0,40,39,46,45.9
Gonzalo Plata,ECU,FW,Flamengo,23-351,2000,1.8,0,0,0,6,1,2,2,1,2,0,0,0,8,2,4,33.3
Tomas Pochettino,ARG,MF,Fortaleza,28-259,1996,15.6,3,0,0,16,17,3,111,5,8,1,1,0,64,9,21,30.0
Mateo Ponte,URU,DF,Botafogo (RJ),21-146,2003,10.1,2,0,0,21,5,2,34,18,23,0,0,0,39,13,6,68.4
Werik Popó,BRA,FW,Criciúma,23-000,2001,0.1,0,0,0,0,1,1,0,0,0,0,0,0,2,0,2,0.0
Werik Popó,BRA,FW,Juventude,23-000,2001,0.5,2,1,1,4,0,0,0,0,0,0,0,0,2,2,1,66.7
Gustavo Prado,BRA,"FW,MF",Internacional,19-133,2005,6.2,1,0,0,10,9,2,29,1,15,0,0,0,30,4,7,36.4
Bruno Praxedes,BRA,MF,Ath Paranaense,22-252,2002,1.6,0,0,0,6,2,0,6,2,2,0,0,0,8,2,2,50.0
Bruno Praxedes,BRA,MF,Vasco da Gama,22-252,2002,2.9,2,0,0,5,5,0,6,2,4,0,0,0,16,3,3,50.0
Erick Pulgar,CHI,MF,Flamengo,30-276,1994,13.2,4,0,0,27,8,0,2,22,23,0,0,0,62,25,16,61.0
Du Queiroz,BRA,MF,Grêmio,24-272,2000,6.5,2,0,0,6,1,0,4,9,13,0,0,0,39,2,6,25.0
Igor Rabello,BRA,DF,Atlético Mineiro,29-172,1995,7.2,2,1,0,9,3,1,0,8,7,0,1,0,28,24,13,64.9
Zé Rafael,BRA,MF,Palmeiras,31-123,1993,9.2,6,0,0,27,18,0,4,11,15,1,0,0,62,9,17,34.6
Rafinha,BRA,DF,São Paulo,39-040,1985,4.1,3,0,0,7,3,0,7,2,1,0,0,0,21,0,1,0.0
Railan,BRA,"DF,FW",Cuiabá,24-221,2000,9.3,3,0,0,9,12,0,27,15,10,0,1,0,47,12,17,41.4
André Ramalho,BRA,DF,Corinthians,32-244,1992,9.7,3,1,0,13,5,1,0,16,8,0,1,0,35,17,8,68.0
Eric Ramires,BRA,MF,Red Bull Bragantino,24-068,2000,11.7,4,0,0,16,18,1,10,8,16,0,0,0,71,4,12,25.0
Ramon,BRA,DF,Cuiabá,23-218,2001,20.4,6,0,0,26,17,2,72,20,27,0,0,0,67,11,15,42.3
Randerson,BRA,MF,Atl Goianiense,20-219,2004,0.2,0,0,0,1,0,0,0,0,1,0,0,0,2,0,1,0.0
Pedro Rangel,BRA,GK,Atl Goianiense,24-110,2000,6.0,3,0,0,0,0,0,0,0,0,0,0,0,10,0,0,
Raniele,BRA,"MF,DF",Corinthians,27-291,1996,19.5,6,0,0,24,25,1,11,35,21,1,0,0,72,41,40,50.6
Rafael Ratão,BRA,"FW,MF",Bahia,28-322,1995,3.5,0,0,0,7,3,1,6,1,4,0,0,0,13,3,9,25.0
Wellington Rato,BRA,"FW,MF",São Paulo,32-111,1992,10.6,1,0,0,9,17,3,76,2,3,0,0,0,31,5,6,45.5
Raul,BRA,MF,Red Bull Bragantino,28-098,1996,13.0,1,0,0,19,10,0,2,19,16,0,0,1,77,9,7,56.3
Pedro Raul,BRA,FW,Corinthians,27-347,1996,5.8,2,0,0,10,10,2,2,0,8,0,0,0,20,18,27,40.0
Leonardo Realpe,ECU,DF,Red Bull Bragantino,23-234,2001,1.0,0,0,0,1,1,0,0,4,2,0,0,0,2,4,3,57.1
Reinaldo,BRA,DF,Grêmio,35-019,1989,20.1,3,0,0,13,15,1,73,15,24,0,0,0,99,12,19,38.7
Vitor Reis,BRA,DF,Palmeiras,18-279,2006,9.2,2,0,0,14,7,0,0,5,4,0,0,0,37,30,13,69.8
Robert Renan,BRA,DF,Internacional,21-006,2003,10.7,2,0,0,14,0,0,12,20,21,0,0,0,50,14,14,50.0
Renê,BRA,DF,Internacional,32-033,1992,10.6,2,0,0,12,15,0,18,17,20,0,0,0,63,28,11,71.8
Rezende,BRA,"MF,DF",Bahia,29-289,1995,6.4,3,0,0,12,14,0,0,8,16,0,0,0,27,10,10,50.0
Rhaldney,BRA,MF,Atl Goianiense,25-332,1998,18.4,8,0,0,41,23,0,4,10,38,0,0,0,119,20,23,46.5
Everton Ribeiro,BRA,MF,Bahia,35-190,1989,22.0,3,0,0,31,52,1,32,29,28,0,0,0,90,10,13,43.5
Ricardo,BRA,MF,Vitória,30-233,1994,5.2,0,0,0,8,11,0,6,4,14,0,0,0,25,7,12,36.8
João Ricardo Riedi,BRA,GK,Fortaleza,36-041,1988,30.0,2,0,0,0,2,0,0,0,0,0,0,0,22,9,0,100.0
Charles Rigon Matos,BRA,"MF,DF",Corinthians,28-120,1996,5.2,4,0,0,10,6,2,8,8,19,0,0,0,15,11,7,61.1
Rikelme,BRA,DF,Cuiabá,21-093,2003,5.5,0,0,0,6,4,1,18,11,8,0,0,0,19,3,7,30.0
Rildo,BRA,"FW,MF",Juventude,24-270,2000,1.3,0,0,0,4,4,0,1,1,1,0,0,0,6,2,2,50.0
Richard Ríos,COL,MF,Palmeiras,24-137,2000,12.4,3,0,0,26,22,1,24,11,19,0,0,0,77,12,11,52.2
Riquelme,BRA,MF,Red Bull Bragantino,18-284,2006,0.1,0,0,0,0,1,0,0,0,0,0,0,0,1,0,3,0.0
Robert,BRA,"MF,FW",Cruzeiro,19-187,2005,4.4,1,0,0,2,3,1,5,1,1,0,0,0,8,2,9,18.2
Jhonata Robert,BRA,MF,Criciúma,24-357,1999,0.7,0,0,0,0,4,0,2,1,3,0,0,0,8,1,3,25.0
Kaique Rocha,BRA,DF,Ath Paranaense,23-232,2001,24.6,2,0,0,18,9,1,4,32,24,0,0,0,101,61,20,75.3
Marcos Rocha,BRA,DF,Palmeiras,35-311,1988,15.8,2,0,0,18,9,1,42,23,23,0,0,0,71,12,10,54.5
Pedro Rocha Neves,BRA,MF,Criciúma,30-017,1994,0.1,0,0,0,0,0,0,0,0,0,0,0,0,1,0,0,
Pedro Rocha Neves,BRA,"FW,MF",Fortaleza,30-017,1994,0.5,0,0,0,1,2,0,3,0,2,0,0,0,3,0,1,0.0
Sergio Rochet,URU,GK,Internacional,31-208,1993,18.0,3,0,0,0,7,0,0,0,0,0,0,0,24,2,0,100.0
Yeferson Rodallega,COL,DF,Atl Goianiense,23-329,2000,1.2,0,0,0,0,0,0,4,0,1,0,0,0,4,0,1,0.0
Rodrigo,BRA,MF,São Paulo,20-215,2004,0.7,0,0,0,1,2,0,3,1,2,0,0,0,3,0,0,
Arthur Rodrigues,BRA,"FW,MF",Cruzeiro,20-248,2004,0.9,1,0,0,1,0,2,0,0,0,0,0,0,1,1,1,50.0
Emerson Rodríguez,COL,FW,Vasco da Gama,24-053,2000,5.9,1,0,0,2,4,3,23,2,6,0,0,0,13,5,8,38.5
Emiliano Rodríguez,URU,FW,Atl Goianiense,21-093,2003,12.2,2,0,0,10,22,8,7,1,4,0,0,0,40,40,60,40.0
James Rodríguez,COL,MF,São Paulo,33-097,1991,0.4,0,0,0,0,0,1,5,0,0,0,0,0,2,0,0,
Luciano Rodríguez,URU,"FW,MF",Bahia,21-093,2003,2.7,0,0,0,2,13,1,2,1,1,0,0,0,11,2,7,22.2
Agustín Rogel,URU,DF,Internacional,27-000,1997,5.2,1,1,0,9,3,0,0,6,3,0,0,0,13,24,4,85.7
Robert Rojas,PAR,DF,Vasco da Gama,28-170,1996,1.9,0,0,0,2,0,0,1,1,3,0,0,0,4,6,5,54.5
Guilherme Romão,BRA,DF,Atl Goianiense,27-010,1997,23.5,5,0,0,16,37,4,57,25,13,0,0,0,97,46,37,55.4
Ángel Romero,PAR,FW,Corinthians,32-105,1992,14.0,6,0,0,13,36,6,47,4,6,1,0,0,46,20,24,45.5
Lucas Romero,ARG,MF,Cruzeiro,30-182,1994,21.7,6,1,1,34,21,0,3,16,41,0,0,0,106,23,12,65.7
Óscar Romero,PAR,"MF,FW",Botafogo (RJ),32-105,1992,7.2,5,0,0,12,15,0,42,6,12,0,0,0,39,5,11,31.3
Rômulo,BRA,DF,Atlético Mineiro,20-260,2004,5.5,4,1,1,9,1,0,3,9,9,0,0,0,24,11,5,68.8
Romulo,BRA,MF,Internacional,24-230,2000,12.7,3,0,0,26,12,0,3,21,20,0,0,0,61,26,19,57.8
Romulo,BRA,"FW,MF",Palmeiras,23-010,2001,1.7,0,0,0,4,4,0,14,0,4,0,0,0,6,2,3,40.0
Ronald,BRA,MF,Criciúma,27-121,1997,10.3,6,0,0,28,18,0,19,10,16,0,0,0,74,5,16,23.8
Ronald,BRA,"MF,DF",Grêmio,21-249,2003,0.5,0,0,0,1,0,0,0,0,1,0,0,0,3,4,4,50.0
Ronaldo,BRA,GK,Atl Goianiense,28-056,1996,23.0,2,1,0,2,4,0,0,0,0,0,0,0,26,3,0,100.0
Ronaldo,BRA,"MF,DF",Juventude,27-360,1996,3.7,0,0,0,5,4,0,0,3,10,0,0,0,13,17,10,63.0
Budiga Roni,BRA,"MF,DF",Atl Goianiense,25-185,1999,9.9,3,0,0,9,8,0,7,9,23,0,0,0,54,3,7,30.0
Rony,BRA,FW,Palmeiras,29-159,1995,15.5,4,0,0,21,27,13,29,2,8,0,0,0,35,17,50,25.4
Matheus Rossetto,BRA,MF,Fortaleza,28-136,1996,11.0,2,0,0,12,8,0,1,13,12,0,0,0,82,7,7,50.0
Rossi,BRA,"FW,MF",Vasco da Gama,31-178,1993,5.6,3,0,0,9,8,2,49,5,8,0,0,0,20,7,11,38.9
Agustín Rossi,ARG,GK,Flamengo,29-057,1995,26.0,0,0,0,0,6,0,0,1,0,0,0,0,23,4,0,100.0
Ruan,BRA,DF,São Paulo,25-132,1999,3.0,0,0,0,5,1,0,0,1,6,0,0,0,8,16,1,94.1
Ruan,BRA,"FW,MF",Juventude,19-167,2005,1.1,0,0,0,5,3,1,1,0,0,0,0,0,4,1,3,25.0
Rubens,BRA,"DF,MF",Atlético Mineiro,23-118,2001,6.8,2,0,0,8,8,6,27,12,24,0,1,0,22,9,12,42.9
Alan Ruschel,BRA,DF,Juventude,35-055,1989,20.8,4,1,1,27,32,0,65,30,29,0,1,0,78,16,19,45.7
José Sabino,BRA,DF,São Paulo,27-358,1996,6.9,1,0,0,6,3,0,1,11,12,0,0,0,26,27,13,67.5
Daniel Sales,BRA,DF,Flamengo,18-116,2006,0.0,0,0,0,0,0,0,0,0,0,0,0,0,0,0,0,
Rodrigo Sam,BRA,DF,Juventude,29-085,1995,8.4,4,1,0,13,8,0,0,18,10,0,0,0,23,28,9,75.7
Philipe Sampaio,BRA,DF,Atl Goianiense,29-341,1994,1.0,0,0,0,1,2,0,1,0,1,0,0,0,5,4,1,80.0
Alex Sandro,BRA,DF,Flamengo,33-265,1991,1.3,0,0,0,2,1,0,7,1,2,0,0,0,5,2,1,66.7
Alex Santana,BRA,"MF,FW",Ath Paranaense,29-157,1995,1.1,2,0,0,3,1,0,0,0,0,0,0,0,6,2,4,33.3
Alex Santana,BRA,MF,Corinthians,29-157,1995,3.8,2,0,0,6,5,0,0,4,6,0,0,0,18,4,4,50.0
Ademir Santos,BRA,"FW,MF",Bahia,29-244,1995,6.7,0,0,0,5,17,5,25,4,13,0,0,0,34,4,13,23.5
Allyson Aires dos Santos,BRA,DF,Cuiabá,33-360,1990,1.0,1,0,0,0,0,0,0,2,0,0,0,0,3,0,1,0.0
Eduardo Santos,BRA,DF,Red Bull Bragantino,26-324,1997,13.3,4,0,0,4,8,0,4,15,20,0,0,0,58,27,12,69.2
Juan Santos,BRA,"FW,MF",São Paulo,22-225,2002,2.9,0,0,0,6,2,2,0,2,3,0,0,0,8,3,11,21.4
Júnior Santos,BRA,FW,Botafogo (RJ),30-006,1994,14.7,2,0,0,17,15,16,19,2,8,0,0,0,45,26,26,50.0
Kayke Santos,BRA,FW,Ath Paranaense,16-174,2008,0.0,0,0,0,0,0,0,0,0,0,0,0,0,2,0,1,0.0
Luis Eduardo Marques dos Santos,BRA,DF,Criciúma,27-140,1997,4.3,0,0,0,8,2,1,25,5,7,0,0,0,16,4,6,40.0
Luis Eduardo Marques dos Santos,BRA,"FW,DF",Fortaleza,27-140,1997,0.2,0,0,0,0,1,0,1,0,0,0,0,0,1,0,0,
Tevis Gabriel Alves Santos,BRA,FW,Cruzeiro,18-263,2006,0.3,0,0,0,0,0,0,0,0,0,0,0,0,0,0,0,
Renzo Saravia,ARG,DF,Atlético Mineiro,31-123,1993,17.8,2,0,0,35,23,1,48,21,38,0,1,0,123,18,17,51.4
Eduardo Sasha,BRA,FW,Red Bull Bragantino,32-236,1992,16.2,6,1,0,16,25,4,11,4,2,0,0,0,39,50,77,39.4
Lucas Sasha,BRA,MF,Fortaleza,34-230,1990,13.4,2,0,0,36,22,0,4,26,41,0,0,0,72,8,11,42.1
Gustavo Sauer,BRA,"FW,MF",Cuiabá,31-170,1993,2.6,0,0,0,2,5,1,7,0,5,0,0,0,11,1,5,16.7
Jefferson Savarino,VEN,"MF,FW",Botafogo (RJ),27-341,1996,15.3,3,0,0,7,5,3,73,2,2,0,0,0,60,3,7,30.0
Gustavo Scarpa,BRA,"DF,MF",Atlético Mineiro,30-286,1994,20.8,3,0,0,11,32,4,201,13,23,0,0,0,90,12,20,37.5
Igor Schlemper,BRA,"DF,FW",Grêmio,19-230,2005,1.1,0,0,0,3,1,0,4,0,1,0,0,0,3,3,3,50.0
Cleiton Schwengber,BRA,GK,Red Bull Bragantino,27-059,1997,22.0,3,1,0,1,5,0,0,0,0,0,0,0,30,4,2,66.7
Kevin Serna,COL,FW,Fluminense,26-305,1997,6.3,0,0,0,9,10,2,18,5,15,0,0,0,31,5,14,26.3
Juan Sforza,ARG,MF,Vasco da Gama,22-246,2002,13.3,3,0,0,16,20,0,5,16,14,0,0,0,54,24,13,64.9
Shaylon,BRA,"FW,MF",Atl Goianiense,27-173,1997,19.6,2,0,0,11,7,0,107,14,4,0,0,0,92,6,10,37.5
André Silva,BRA,"FW,MF",São Paulo,27-136,1997,12.3,3,0,0,22,13,6,17,5,0,0,0,0,33,21,39,35.0
Luan Silva,BRA,MF,Vitória,25-156,1999,16.0,4,0,0,27,14,0,4,24,10,0,0,0,68,17,10,63.0
Lucas Silva,BRA,MF,Cruzeiro,31-244,1993,15.4,3,0,0,16,15,0,15,4,5,0,1,1,83,13,16,44.8
Rafael Silva,BRA,FW,Cruzeiro,32-196,1992,5.9,2,0,0,6,3,3,2,1,3,0,0,0,6,7,15,31.8
Thiago Silva,BRA,DF,Fluminense,40-025,1984,8.0,2,0,0,3,3,0,0,7,5,0,0,0,19,8,3,72.7
Everton Soares,BRA,FW,Flamengo,28-209,1996,6.0,1,0,0,5,7,2,16,2,6,1,0,0,20,4,9,30.8
Fábio Soares,BRA,MF,Vitória,19-319,2004,1.0,0,0,0,0,1,0,3,0,3,0,0,0,4,2,2,50.0
Tiquinho Soares,BRA,"FW,MF",Botafogo (RJ),33-274,1991,12.8,4,0,0,32,33,2,6,3,6,0,0,0,31,26,48,35.1
Fernando Sobral,BRA,MF,Cuiabá,29-305,1994,15.5,4,0,0,19,20,1,57,13,33,0,0,0,67,15,17,46.9
Yeferson Soteldo,VEN,"FW,MF",Grêmio,27-109,1997,12.7,1,0,0,3,25,3,63,4,6,0,0,0,50,0,7,0.0
Yan Souto,BRA,"DF,MF",Juventude,23-012,2001,2.6,0,0,0,1,0,0,1,1,4,0,0,0,6,5,6,45.5
Gabriel Souza,BRA,FW,Vasco da Gama,19-286,2005,1.0,1,0,0,2,3,0,1,1,2,0,0,0,4,2,5,28.6
Hugo Souza,BRA,GK,Corinthians,25-260,1999,13.0,2,0,0,0,1,0,0,0,0,0,0,0,12,1,0,100.0
Igor Vinícius de Souza,BRA,DF,São Paulo,27-199,1997,20.0,5,1,1,15,26,1,79,15,26,0,1,1,107,7,16,30.4
Josef de Souza,BRA,MF,Vasco da Gama,35-249,1989,0.8,1,1,0,3,1,0,0,1,1,0,0,0,3,2,1,66.7
Everaldo Stum,BRA,FW,Bahia,33-104,1991,19.9,5,0,0,27,28,4,29,2,14,0,0,0,50,47,28,62.7
Damián Suárez,URU,DF,Botafogo (RJ),36-173,1988,13.8,5,0,0,26,11,2,51,9,23,0,0,0,44,8,8,50.0
Bruno Tabata,BRA,"MF,FW",Internacional,27-201,1997,5.4,1,0,0,5,9,2,36,2,2,1,0,0,24,2,8,20.0
Gabriel Taliari,BRA,FW,Juventude,27-187,1997,5.0,0,0,0,7,17,3,2,0,6,0,0,0,9,4,11,26.7
Talisson,BRA,FW,Red Bull Bragantino,22-149,2002,1.3,0,0,0,4,3,1,6,0,1,0,0,0,1,0,4,0.0
Tchê Tchê,BRA,"MF,FW",Botafogo (RJ),32-048,1992,16.7,2,1,0,14,15,0,19,6,8,0,0,0,70,6,19,24.0
Alex Teixeira,BRA,FW,Vasco da Gama,34-285,1990,0.1,0,0,0,0,1,0,0,0,0,0,0,0,1,0,0,
Alex Telles,BRA,DF,Botafogo (RJ),31-307,1992,1.5,0,0,0,3,1,0,9,5,2,0,0,0,6,3,2,60.0
David Terans,URU,"MF,FW",Fluminense,30-067,1994,2.4,1,0,0,5,5,0,8,0,4,0,0,0,4,1,4,20.0
Felipe Teresa,BRA,"MF,FW",Flamengo,18-289,2006,0.1,0,0,0,0,0,0,0,0,0,0,0,0,0,1,0,100.0
Thaciano,BRA,FW,Bahia,29-158,1995,21.1,5,0,0,21,15,19,9,14,11,0,0,0,65,31,42,42.5
Thiaguinho,BRA,MF,Juventude,27-189,1997,3.4,1,0,0,8,6,0,3,2,4,0,1,0,16,5,1,83.3
Tiago,BRA,FW,Bahia,19-192,2005,0.1,0,0,0,1,0,0,1,0,0,0,0,0,0,0,0,
Guilherme Tinga,BRA,DF,Fortaleza,31-046,1993,20.7,2,1,0,17,9,1,57,30,19,0,1,0,96,65,48,57.5
Titi,BRA,DF,Fortaleza,36-219,1988,15.4,6,0,0,27,14,1,0,17,11,0,0,0,46,17,26,39.5
Félix Torres Caicedo,ECU,DF,Corinthians,27-280,1997,16.0,3,0,0,23,4,2,3,23,11,0,0,0,79,37,24,60.7
Miguel Trauco,PER,DF,Criciúma,32-053,1992,12.4,2,1,0,10,2,0,30,7,17,0,0,0,41,13,13,50.0
Bruno Tubarão,BRA,DF,Atl Goianiense,29-226,1995,10.7,4,1,1,14,10,1,38,10,16,0,0,0,51,16,13,55.2
Bruno Uvini,BRA,DF,Vitória,33-136,1991,4.8,1,0,0,2,1,0,0,6,1,0,0,0,5,18,4,81.8
Enner Valencia,ECU,FW,Internacional,34-348,1989,7.2,2,0,0,10,15,3,8,1,4,0,1,0,18,15,32,31.9
Vanderlan,BRA,DF,Palmeiras,22-040,2002,9.2,0,0,0,14,4,0,39,12,16,0,1,0,31,9,8,52.9
Guillermo Varela,URU,DF,Flamengo,31-207,1993,8.4,0,0,0,7,17,1,23,10,9,0,0,0,31,9,5,64.3
Eduardo Vargas,CHI,"FW,MF",Atlético Mineiro,34-332,1989,6.5,0,0,0,4,16,5,3,3,5,2,0,0,21,9,14,39.1
Pablo Vegetti,ARG,FW,Vasco da Gama,36-002,1988,26.0,5,0,0,29,58,20,14,1,11,2,0,0,39,121,145,45.5
Raphael Veiga,BRA,"MF,FW",Palmeiras,29-120,1995,19.7,3,1,0,13,33,4,141,8,11,0,0,0,55,11,14,44.0
Fausto Vera,ARG,MF,Atlético Mineiro,24-205,2000,11.6,1,0,0,21,7,0,10,10,13,0,0,0,50,12,5,70.6
Fausto Vera,ARG,MF,Corinthians,24-205,2000,2.4,0,0,0,2,3,0,0,5,1,0,0,0,8,1,5,16.7
Gabriel Veron,BRA,"FW,MF",Cruzeiro,22-044,2002,11.9,2,0,0,12,3,1,5,8,14,0,0,0,34,8,12,40.0
João Victor,BRA,DF,Vasco da Gama,26-092,1998,12.3,4,1,0,8,19,0,3,10,17,0,0,0,47,22,12,64.7
Dudu Vieira,BRA,MF,Juventude,30-240,1994,2.9,1,0,0,4,3,0,0,4,3,0,0,0,17,4,3,57.1
Felipe Vieira,,"DF,MF",Fluminense,,,1.8,0,0,0,3,2,0,1,4,3,0,0,0,7,5,2,71.4
Lucas Villalba,ARG,DF,Cruzeiro,30-059,1994,9.7,1,0,0,12,5,0,7,13,6,0,0,0,38,30,18,62.5
Mathías Villasanti,PAR,MF,Grêmio,27-267,1997,18.0,3,0,0,29,19,0,11,27,29,0,0,0,119,9,9,50.0
Matías Viña,URU,DF,Flamengo,26-343,1997,4.7,1,0,0,4,2,0,16,5,5,0,0,0,13,7,8,46.7
Alix Vinicius,BRA,DF,Atl Goianiense,24-346,1999,15.7,5,2,1,18,5,2,1,21,11,0,0,2,76,40,24,62.5
Caio Vinícius,BRA,"DF,MF",Vitória,25-280,1999,6.7,6,0,0,8,6,0,3,6,7,0,0,0,26,12,10,54.5
Mateus Vital,BRA,"MF,FW",Cruzeiro,26-248,1998,3.6,0,0,0,1,10,0,6,0,5,0,0,0,24,0,4,0.0
Vitão,BRA,DF,Internacional,24-258,2000,18.0,4,0,0,15,8,0,4,15,11,0,0,0,40,36,28,56.3
Vitinho,BRA,DF,Botafogo (RJ),25-086,1999,2.7,0,0,0,3,3,0,11,1,3,0,0,0,6,3,2,60.0
Vitinho,BRA,"FW,MF",Red Bull Bragantino,25-199,1999,16.7,7,0,0,23,19,3,98,9,15,0,0,0,66,17,36,32.1
Paulo Vitor,BRA,MF,Atlético Mineiro,20-052,2004,4.2,2,0,0,8,5,0,0,2,5,0,0,0,22,9,4,69.2
Rayan Vitor,BRA,"FW,MF",Vasco da Gama,18-075,2006,7.1,2,0,0,5,15,0,8,5,6,0,0,0,27,16,14,53.3
Felipe Vizeu,BRA,FW,Criciúma,27-219,1997,1.4,0,0,0,1,5,1,0,0,2,0,0,0,4,3,7,30.0
Wagner,BRA,DF,Vitória,25-086,1999,27.1,2,1,0,10,8,1,2,41,14,0,0,0,118,64,58,52.5
Walace,BRA,"MF,DF",Cruzeiro,29-196,1995,3.5,2,0,0,8,6,0,1,6,5,0,0,0,23,2,8,20.0
Wallace,BRA,"MF,FW",Flamengo,19-252,2005,0.2,0,0,0,0,0,0,1,0,0,0,0,0,1,0,0,
Walter,BRA,GK,Cuiabá,36-334,1987,27.0,3,0,0,0,1,0,0,0,0,0,0,0,23,7,0,100.0
Wanderson,BRA,"FW,MF",Internacional,30-010,1994,9.3,2,0,0,13,9,2,34,5,4,0,0,0,36,1,6,14.3
Welington,BRA,DF,São Paulo,23-241,2001,18.9,6,0,0,23,24,0,65,23,23,0,1,0,61,32,24,57.1
José Welison,BRA,MF,Fortaleza,29-220,1995,8.4,1,1,0,9,4,0,6,10,17,0,0,0,41,10,15,40.0
João Wellington,BRA,"MF,FW",Cruzeiro,20-289,2004,2.0,1,0,0,3,1,0,0,4,5,0,0,0,10,1,2,33.3
Werton,BRA,"MF,FW",Flamengo,21-031,2003,0.5,0,0,0,0,2,1,1,1,2,0,0,0,6,1,1,50.0
Wesley,BRA,DF,Flamengo,21-041,2003,19.0,1,0,0,25,32,2,60,29,39,0,0,1,92,31,17,64.6
Wesley,BRA,"FW,MF",Internacional,25-201,1999,21.1,7,0,0,41,72,6,62,6,23,3,0,0,108,32,37,46.4
Wesley,BRA,FW,Corinthians,19-226,2005,16.0,2,0,0,16,37,4,43,8,11,0,0,0,72,1,9,10.0
Wéverton,BRA,GK,Palmeiras,36-309,1987,28.0,2,0,0,0,5,0,0,0,1,0,0,0,31,4,1,80.0
William,BRA,DF,Cruzeiro,29-197,1995,25.4,6,0,0,34,16,0,142,37,53,0,0,0,135,26,18,59.1
Willian,BRA,MF,Vitória,31-154,1993,22.4,5,0,0,29,36,0,3,21,26,2,0,0,92,29,33,46.8
Samuel Xavier,BRA,DF,Fluminense,34-133,1990,20.7,3,0,0,26,40,2,31,18,22,0,0,0,80,14,14,50.0
Yago,BRA,MF,Bahia,29-257,1995,0.6,2,0,0,6,1,0,0,0,2,0,0,0,7,1,0,100.0
Bruno Zapelli,ARG,"MF,FW",Ath Paranaense,22-153,2002,13.1,3,0,0,15,16,1,78,6,18,0,0,0,59,4,17,19.0
Federico Zaracho,ARG,MF,Atlético Mineiro,26-221,1998,8.0,1,0,0,8,14,1,5,11,11,0,0,0,39,7,9,43.8
Zeca,BRA,DF,Vitória,30-154,1994,4.3,1,0,0,1,3,2,18,3,5,0,0,0,21,0,4,0.0
Mateo Zuleta,COL,"FW,MF",Atl Goianiense,22-132,2002,0.5,1,0,0,2,2,0,3,1,1,0,0,0,3,3,0,100.0
