Player,Nation,Pos,Squad,Age,Born,MP,Min,Min/MP,Min%,90s,Starts,Min/Start,MatchesCompleted,Subs,Min/Sub,unusedSub,PointsPerMatch,onGoalScored,onGoalAgainst,+/-,+/-/90,On-Off,onPitchxG,onPitchxGA,xG+/-,xG+/-/90,xGOn-Off
Ahmed Abdullahi,NGA,MF,Gent,20-136,2004,1,1,1,0.1,0.0,0,,0,1,1,0,0.00,0,0,0,0.00,-0.50,0.1,0.0,+0.1,+5.95,+6.42
Francis Abu,GHA,MF,Cercle Brugge,23-189,2001,12,703,59,65.1,7.8,7,86,5,5,20,0,1.00,8,12,-4,-0.51,+0.20,10.8,12.3,-1.5,-0.20,+0.73
Desmond Acquah,BEL,"MF,FW",Dender,22-102,2002,6,138,23,12.8,1.5,0,,0,6,23,3,1.17,4,3,+1,+0.65,+1.13,2.0,1.7,+0.3,+0.17,+0.71
Noah Adedeji,BEL,"FW,MF",Genk,19-136,2005,6,28,5,2.6,0.3,0,,0,6,5,3,2.67,2,0,+2,+6.43,+5.66,1.2,0.6,+0.6,+1.78,+0.34
Farouck Adekami,CIV,MF,Antwerp,18-087,2006,0,,,,,0,,0,0,,6,,,,,,,,,,,
Lawrence Agyekum,GHA,MF,Cercle Brugge,20-345,2003,10,644,64,59.6,7.2,7,79,3,3,30,0,1.20,8,12,-4,-0.56,+0.06,9.1,11.5,-2.4,-0.33,+0.29
Takahiro Akimoto,JPN,DF,OH Leuven,26-276,1998,12,941,78,87.1,10.5,10,87,9,2,37,0,1.25,9,15,-6,-0.57,-2.52,10.4,11.4,-1.0,-0.10,-0.72
Ali Akman,TUR,"MF,DF",Dender,22-198,2002,3,33,11,3.1,0.4,0,,0,3,11,8,0.33,3,3,0,0.00,+0.34,0.5,1.6,-1.1,-3.02,-2.65
Josimar Alcocer,CRC,"MF,DF",Westerlo,20-118,2004,12,616,51,57.0,6.8,6,80,3,6,23,0,1.25,8,13,-5,-0.73,-1.51,8.9,12.5,-3.5,-0.51,-1.18
Toby Alderweireld,BEL,DF,Antwerp,35-245,1989,12,"1,080",90,100.0,12.0,12,90,12,0,,0,1.92,24,8,+16,+1.33,,18.0,14.4,+3.6,+0.33,+0.33
Ryan Alebiosu,ENG,DF,Kortrijk,22-321,2001,7,387,55,35.8,4.3,5,72,1,2,13,1,1.00,3,9,-6,-1.40,-0.88,3.8,5.0,-1.3,-0.29,+0.28
Sotiris Alexandropoulos,GRE,"MF,FW",Standard Liège,22-342,2001,10,123,12,11.4,1.4,0,,0,10,12,1,1.40,0,3,-3,-2.20,-2.01,1.7,2.6,-0.9,-0.69,-0.47
Arthur Alexis,BEL,MF,Sint-Truiden,18-297,2006,1,12,12,1.1,0.1,0,,0,1,12,3,0.00,0,0,0,0.00,+0.34,0.1,0.0,0.0,+0.11,+0.21
Thierry Ambrose,GLP,FW,Kortrijk,27-219,1997,12,795,66,73.6,8.8,8,84,5,4,31,0,1.17,6,15,-9,-1.02,-0.70,8.0,12.3,-4.3,-0.49,-0.07
Francis Amuzu,BEL,FW,Anderlecht,25-071,1999,8,326,41,30.2,3.6,3,64,1,5,27,0,0.88,5,5,0,0.00,-0.36,5.8,7.8,-2.0,-0.55,-0.26
Frederic Ananou,TOG,"DF,MF",Sint-Truiden,27-043,1997,4,195,49,18.1,2.2,2,90,2,2,8,1,0.75,1,6,-5,-2.31,-2.41,0.8,4.0,-3.2,-1.49,-1.70
Stelios Andreou,CYP,DF,Charleroi,22-101,2002,12,"1,080",90,100.0,12.0,12,90,12,0,,0,1.17,13,14,-1,-0.08,,18.8,13.2,+5.6,+0.47,
Nilson Angulo,ECU,FW,Anderlecht,21-136,2003,8,230,29,21.3,2.6,2,67,0,6,16,3,1.63,2,1,+1,+0.39,+0.18,4.6,3.7,+1.0,+0.37,+0.94
Oskar Annell,BEL,GK,Mechelen,19-261,2005,0,,,,,0,,0,0,,3,,,,,,,,,,,
Tiago Araújo,POR,"DF,FW",Gent,23-220,2001,5,118,24,10.9,1.3,1,59,0,4,15,1,1.40,3,2,+1,+0.76,+0.29,2.5,3.0,-0.6,-0.44,+0.02
Kristian Arnstad,NOR,DF,Anderlecht,21-056,2003,1,25,25,2.3,0.3,0,,0,1,25,3,3.00,1,0,+1,+3.60,+3.43,0.5,0.0,+0.5,+1.88,+2.30
Tolu Arokodare,NGA,FW,Genk,23-345,2000,12,976,81,90.4,10.8,12,81,4,0,,0,2.33,21,14,+7,+0.65,-2.82,24.9,10.8,+14.1,+1.30,-1.49
Isaac Asante,GHA,MF,Mechelen,22-073,2002,0,,,,,0,,0,0,,3,,,,,,,,,,,
Raymond Asante,GHA,FW,Charleroi,20-159,2004,1,21,21,1.9,0.2,0,,0,1,21,1,3.00,0,0,0,0.00,+0.08,0.0,0.1,0.0,-0.14,-0.62
Majeed Ashimeru,GHA,MF,Anderlecht,27-023,1997,9,294,33,27.2,3.3,2,68,0,7,23,3,1.44,5,4,+1,+0.31,+0.08,5.2,5.0,+0.2,+0.06,+0.58
Lynnt Audoor,BEL,MF,Club Brugge,21-020,2003,0,,,,,0,,0,0,,1,,,,,,,,,,,
Ludwig Augustinsson,SWE,DF,Anderlecht,30-195,1994,7,347,50,32.1,3.9,4,84,3,3,4,0,1.29,5,5,0,0.00,-0.37,5.6,9.0,-3.4,-0.88,-0.76
Felipe Augusto,BRA,"FW,MF",Cercle Brugge,20-258,2004,9,394,44,36.5,4.4,4,65,0,5,27,3,0.78,3,8,-5,-1.14,-0.88,4.7,9.6,-5.0,-1.13,-1.07
Muhammed Badamosi,GAM,"FW,DF",Standard Liège,25-311,1998,5,60,12,5.6,0.7,0,,0,5,12,2,0.80,0,1,-1,-1.50,-1.15,0.4,0.7,-0.3,-0.45,-0.19
Youssouph Badji,SEN,FW,Charleroi,22-318,2001,5,205,41,19.0,2.3,2,61,0,3,28,0,1.80,2,0,+2,+0.88,+1.19,3.5,1.1,+2.5,+1.07,+0.75
Lukas Baert,BEL,DF,Mechelen,19-275,2005,0,,,,,0,,0,0,,4,,,,,,,,,,,
Bilal Bafdili,BEL,"MF,FW",Mechelen,20-091,2004,12,460,38,42.6,5.1,2,66,0,10,33,0,1.67,13,7,+6,+1.17,+0.59,10.2,9.0,+1.2,+0.24,+0.27
Michel-Ange Balikwisha,BEL,FW,Antwerp,23-176,2001,1,90,90,8.3,1.0,1,90,1,0,,0,3.00,1,0,+1,+1.00,-0.45,1.7,0.8,+0.9,+0.92,+0.68
William Balikwisha,COD,"FW,MF",OH Leuven,25-174,1999,11,603,55,55.8,6.7,7,71,1,4,27,1,1.27,8,10,-2,-0.30,-0.11,6.0,6.7,-0.7,-0.11,-0.23
Sacha Banse,BFA,MF,Standard Liège,23-231,2001,2,40,20,3.7,0.4,0,,0,2,20,2,2.00,0,0,0,0.00,+0.43,0.3,0.5,-0.2,-0.55,-0.29
Ezechiel Banzuzi,NED,MF,OH Leuven,19-260,2005,12,881,73,81.6,9.8,8,90,7,4,41,0,1.25,10,12,-2,-0.20,+0.25,10.1,8.2,+1.9,+0.19,+1.05
Joselpho Barnes,GHA,"FW,MF",Sint-Truiden,22-326,2001,8,106,13,9.8,1.2,0,,0,8,13,3,1.13,3,3,0,0.00,+0.37,1.8,1.6,+0.2,+0.16,+0.29
Jelle Bataille,BEL,DF,Antwerp,25-166,1999,10,836,84,77.4,9.3,10,84,6,0,,0,1.90,19,7,+12,+1.29,-0.55,13.2,11.5,+1.6,+0.20,-0.34
David Bates,SCO,DF,Standard Liège,28-028,1996,9,776,86,71.9,8.6,9,86,8,0,,0,1.56,6,6,0,0.00,+1.48,8.0,9.0,-1.0,-0.11,+0.55
Alama Bayo,GUI,FW,Cercle Brugge,18-274,2006,0,,,,,0,,0,0,,1,,,,,,,,,,,
Emin Bayram,TUR,DF,Westerlo,21-214,2003,6,453,76,41.9,5.0,5,90,4,1,4,0,0.83,8,9,-1,-0.20,-0.20,8.1,7.0,+1.1,+0.21,+0.37
Zineddine Belaid,ALG,DF,Sint-Truiden,25-227,1999,2,70,35,6.5,0.8,1,69,0,1,1,7,0.00,1,4,-3,-3.86,-3.77,0.2,2.9,-2.7,-3.45,-3.58
Rafik Belghali,ALG,"DF,MF",Mechelen,22-148,2002,9,331,37,30.6,3.7,2,66,0,7,28,1,1.78,13,7,+6,+1.63,+1.15,9.1,6.8,+2.3,+0.62,+0.76
Quentin Benaets,BEL,MF,Charleroi,21-068,2003,0,,,,,0,,0,0,,2,,,,,,,,,,,
Soufiane Benjdida,MAR,FW,Standard Liège,23-058,2001,11,533,48,49.4,5.9,6,70,2,5,23,1,1.36,4,4,0,0.00,+0.82,6.4,9.1,-2.8,-0.47,-0.40
Antoine Bernier,BEL,FW,Charleroi,27-053,1997,12,795,66,73.6,8.8,10,74,1,2,27,0,1.17,13,8,+5,+0.57,+2.46,15.4,7.0,+8.5,+0.96,+1.88
Soulaimane Berradi,BEL,FW,Union SG,19-348,2004,0,,,,,0,,0,0,,1,,,,,,,,,,,
Adriano Bertaccini,BEL,"FW,MF",Sint-Truiden,24-081,2000,10,780,78,72.2,8.7,10,78,0,0,,2,1.40,13,14,-1,-0.12,+0.78,13.3,11.9,+1.5,+0.17,+0.96
Mohamed Berte,BEL,FW,Dender,22-222,2002,11,421,38,39.0,4.7,3,67,0,8,28,1,1.45,6,10,-4,-0.86,-0.86,5.3,8.2,-2.9,-0.62,-0.27
Mickaël Biron,MTQ,"FW,MF",OH Leuven,27-068,1997,7,75,11,6.9,0.8,0,,0,7,11,3,1.00,0,1,-1,-1.20,-1.02,0.5,0.6,-0.1,-0.13,-0.13
Sinan Bolat,TUR,GK,Westerlo,36-060,1988,11,990,90,91.7,11.0,11,90,11,0,,0,1.36,21,20,+1,+0.09,+2.09,19.1,16.3,+2.7,+0.25,+3.05
Boli Bolingoli-Mbombo,BEL,DF,Standard Liège,29-124,1995,2,41,21,3.8,0.5,0,,0,2,21,0,0.50,0,1,-1,-2.20,-1.85,0.5,0.7,-0.2,-0.52,-0.26
Christopher Bonsu Baah,GHA,"FW,MF",Genk,19-324,2004,12,680,57,63.0,7.6,7,81,4,5,22,0,2.33,15,11,+4,+0.53,-1.05,17.1,8.1,+9.1,+1.20,-0.65
Jordan Bos,AUS,DF,Westerlo,22-004,2002,6,300,50,27.8,3.3,4,67,2,2,17,0,1.33,6,7,-1,-0.30,-0.30,5.2,4.8,+0.4,+0.12,+0.18
Sofiane Boufal,MAR,MF,Union SG,31-046,1993,4,104,26,9.6,1.2,1,70,0,3,11,1,1.25,0,0,0,0.00,-0.09,1.5,0.7,+0.8,+0.70,+0.17
Amine Boukamir,BEL,MF,Charleroi,18-010,2006,1,11,11,1.0,0.1,0,,0,1,11,5,3.00,0,0,0,0.00,+0.08,0.0,0.1,0.0,-0.12,-0.59
Rosen Bozhinov,BUL,DF,Antwerp,19-284,2005,1,1,1,0.1,0.0,0,,0,1,1,11,3.00,0,0,0,0.00,-1.42,0.2,0.2,+0.1,+4.82,+4.52
Bilal Brahimi,ALG,"MF,FW",Sint-Truiden,24-233,2000,5,442,88,40.9,4.9,5,88,2,0,,0,1.60,8,6,+2,+0.41,+1.25,7.3,6.7,+0.6,+0.11,+0.36
Archie Brown,ENG,DF,Gent,22-158,2002,12,986,82,91.3,11.0,11,87,7,1,31,0,1.50,16,10,+6,+0.55,+0.55,12.9,18.1,-5.2,-0.48,-0.18
Bruninho,BRA,"MF,FW",Cercle Brugge,21-233,2003,7,313,45,29.0,3.5,4,62,0,3,21,2,0.57,4,7,-3,-0.86,-0.39,4.8,8.0,-3.2,-0.92,-0.66
Paris Brunner,GER,"MF,FW",Cercle Brugge,18-261,2006,3,70,23,6.5,0.8,0,,0,3,23,4,0.67,0,1,-1,-1.29,-0.75,0.6,1.7,-1.2,-1.50,-1.12
Massimo Bruno,BEL,MF,Kortrijk,31-046,1993,8,419,52,38.8,4.7,5,70,0,3,22,3,1.25,4,8,-4,-0.86,-0.04,4.9,5.4,-0.5,-0.11,+0.60
Marko Bulat,CRO,"MF,FW",Standard Liège,23-037,2001,12,950,79,88.0,10.6,12,79,1,0,,0,1.25,7,9,-2,-0.19,+1.89,10.6,12.8,-2.2,-0.20,+0.53
Christian Burgess,ENG,DF,Union SG,33-026,1991,5,450,90,41.7,5.0,5,90,5,0,,2,1.20,5,4,+1,+0.20,+0.20,8.2,5.4,+2.8,+0.57,+0.03
Jean Butez,FRA,GK,Antwerp,29-147,1995,0,,,,,0,,0,0,,12,,,,,,,,,,,
Welat Cagro,BEL,MF,Beerschot,25-155,1999,8,533,67,49.4,5.9,6,78,2,2,32,1,0.50,5,13,-8,-1.35,+0.46,5.0,10.9,-5.8,-0.98,+0.22
Alexandro Calut,BEL,"DF,MF",Standard Liège,21-194,2003,5,117,23,10.8,1.3,0,,0,5,23,5,1.40,1,2,-1,-0.77,-0.40,2.1,1.3,+0.8,+0.60,+0.98
Etienne Camara,FRA,MF,Charleroi,21-217,2003,12,882,74,81.7,9.8,12,74,5,0,,0,1.17,12,13,-1,-0.10,-0.10,15.7,10.1,+5.5,+0.57,+0.54
Ilay Camara,BEL,DF,Standard Liège,21-289,2003,9,695,77,64.4,7.7,8,85,5,1,15,0,1.11,6,10,-4,-0.52,-0.28,10.3,9.2,+1.1,+0.15,+1.16
Alessio Castro-Montes,BEL,"DF,FW",Union SG,27-169,1997,10,832,83,77.0,9.2,10,83,7,0,,0,1.40,10,8,+2,+0.22,+0.58,15.3,10.2,+5.1,+0.55,0.00
Youssef Challouk,BEL,"FW,MF",Kortrijk,29-066,1995,0,,,,,0,,0,0,,1,,,,,,,,,,,
Vic Chambaere,BEL,GK,Union SG,21-297,2003,0,,,,,0,,0,0,,12,,,,,,,,,,,
Tjaronn Chery,SUR,"MF,FW",Antwerp,36-151,1988,12,933,78,86.4,10.4,12,78,2,0,,0,1.92,22,7,+15,+1.45,+0.22,14.6,11.5,+3.1,+0.32,+0.09
Thomas Claes,BEL,MF,Genk,20-221,2004,0,,,,,0,,0,0,,4,,,,,,,,,,,
Antoine Colassin,BEL,"FW,MF",Beerschot,23-250,2001,5,263,53,24.4,2.9,2,82,1,3,33,0,0.60,2,4,-2,-0.68,+1.19,3.6,5.9,-2.3,-0.78,+0.42
Kobe Cools,BEL,DF,Dender,27-100,1997,12,"1,080",90,100.0,12.0,12,90,12,0,,0,1.33,16,20,-4,-0.33,,12.0,17.4,-5.4,-0.45,
Colin Coosemans,BEL,GK,Anderlecht,32-091,1992,12,"1,080",90,100.0,12.0,12,90,12,0,,0,1.42,15,12,+3,+0.25,,16.3,20.6,-4.4,-0.37,
Jo Coppens,BEL,GK,Sint-Truiden,33-317,1990,3,270,90,25.0,3.0,3,90,3,0,,8,0.25,3,12,-9,-3.00,-3.56,1.6,5.9,-4.3,-1.45,-1.80
Kobe Corbanie,BEL,"MF,DF",Antwerp,19-176,2005,8,434,54,40.2,4.8,4,90,4,4,19,4,2.13,10,2,+8,+1.66,+0.41,6.1,5.0,+1.1,+0.28,-0.03
Ayrton Costa,ARG,DF,Antwerp,25-113,1999,11,912,83,84.4,10.1,11,83,6,0,,1,2.09,21,7,+14,+1.38,-0.23,13.6,11.3,+2.2,+0.25,-0.23
Ricardo da Costa Pinto,BEL,FW,Sint-Truiden,19-200,2005,0,,,,,0,,0,0,,1,,,,,,,,,,,
Carlos Cuesta,COL,DF,Genk,25-238,1999,3,222,74,20.6,2.5,3,74,2,0,,4,3.00,8,3,+5,+2.03,+1.40,4.5,2.4,+2.2,+0.88,-0.71
Oday Dabbagh,PLE,FW,Charleroi,25-335,1998,7,294,42,27.2,3.3,2,72,0,5,30,4,0.14,3,8,-5,-1.53,-1.99,4.9,5.8,-0.9,-0.26,-1.00
Colin Dagba,FRA,"FW,DF",Beerschot,26-054,1998,4,268,67,24.8,3.0,4,67,1,0,,1,1.00,3,5,-2,-0.67,+1.21,2.4,6.5,-4.2,-1.40,-0.41
Jón Dagur Þorsteinsson,ISL,"MF,FW",OH Leuven,25-342,1998,3,92,31,8.5,1.0,0,,0,3,31,1,1.67,1,0,+1,+0.98,+1.34,1.6,0.9,+0.8,+0.76,+0.84
Jesper Daland,NOR,DF,Cercle Brugge,24-301,2000,2,180,90,16.7,2.0,2,90,2,0,,1,1.50,4,4,0,0.00,+0.70,4.4,3.2,+1.2,+0.59,+1.24
Tobi David,CAN,FW,Union SG,23-122,2001,7,158,23,14.6,1.8,0,,0,7,23,1,1.00,3,2,+1,+0.57,+0.57,4.3,3.2,+1.1,+0.65,+0.11
Antoine De Bodt,BEL,MF,Dender,25-016,1999,0,,,,,0,,0,0,,3,,,,,,,,,,,
Nathan De Cat,BEL,MF,Anderlecht,16-106,2008,0,,,,,0,,0,0,,4,,,,,,,,,,,
Maxim De Cuyper,BEL,DF,Club Brugge,23-316,2000,12,997,83,92.3,11.1,11,87,8,1,45,0,1.75,19,14,+5,+0.45,-0.63,23.8,14.1,+9.8,+0.88,+0.86
Dion De Neve,BEL,DF,Kortrijk,22-143,2002,10,731,73,67.7,8.1,8,87,7,2,17,0,1.10,7,10,-3,-0.37,+1.44,9.8,9.7,+0.2,+0.02,+1.52
Kamiel Van De Perre,BEL,MF,Union SG,20-264,2004,1,2,2,0.2,0.0,0,,0,1,2,6,1.00,0,0,0,0.00,-0.08,0.0,0.0,0.0,+1.09,+0.54
Tibe De Vlieger,BEL,MF,Gent,18-363,2005,0,,,,,0,,0,0,,6,,,,,,,,,,,
Nils De Wilde,BEL,MF,Cercle Brugge,21-280,2003,2,31,16,2.9,0.3,0,,0,2,16,5,0.00,0,0,0,0.00,+0.60,0.4,1.6,-1.2,-3.36,-3.00
Ortwin De Wolf,BEL,GK,Mechelen,27-193,1997,12,"1,080",90,100.0,12.0,12,90,12,0,,0,1.67,26,16,+10,+0.83,,19.8,18.7,+1.1,+0.09,
Max Dean,ENG,FW,Gent,20-255,2004,9,409,45,37.9,4.5,5,69,0,4,16,0,1.67,10,5,+5,+1.10,+0.97,5.8,10.0,-4.2,-0.93,-0.76
Massimo Decoene,BEL,MF,Kortrijk,20-265,2004,0,,,,,0,,0,0,,2,,,,,,,,,,,
Théo Defourny,BEL,GK,Charleroi,32-191,1992,1,90,90,8.3,1.0,1,90,1,0,,11,0.00,0,2,-2,-2.00,-2.09,0.9,0.9,+0.1,+0.08,-0.42
Tristan Degreef,BEL,"MF,FW",Anderlecht,19-288,2005,3,95,32,8.8,1.1,1,68,0,2,14,3,1.33,2,0,+2,+1.89,+1.80,1.6,1.2,+0.4,+0.42,+0.86
Brecht Dejaegere,BEL,MF,Kortrijk,33-157,1991,8,462,58,42.8,5.1,5,74,0,3,31,0,1.00,4,7,-3,-0.58,+0.44,4.5,8.4,-3.9,-0.75,-0.49
Maxime Delanghe,BEL,GK,Cercle Brugge,23-163,2001,3,270,90,25.0,3.0,3,90,3,0,,9,1.33,3,4,-1,-0.33,+0.33,3.8,3.8,0.0,0.00,+0.60
Martin Delavallée,BEL,GK,Charleroi,20-229,2004,0,,,,,0,,0,0,,1,,,,,,,,,,,
Mathias Delorge,BEL,MF,Gent,20-094,2004,12,"1,066",89,98.7,11.8,12,89,9,0,,0,1.50,17,11,+6,+0.51,+0.51,14.5,20.4,-6.0,-0.50,-3.31
Isaías Delpupo,ARG,"MF,FW",Sint-Truiden,21-216,2003,3,26,9,2.4,0.3,0,,0,3,9,1,1.33,1,0,+1,+3.46,+3.89,0.8,0.5,+0.4,+1.34,+1.48
Bas van den Eynden,BEL,DF,Mechelen,22-300,2002,6,454,76,42.0,5.0,5,76,3,1,72,3,1.67,10,7,+3,+0.59,-0.41,6.2,8.3,-2.1,-0.42,-0.89
Dani van den Heuvel,NED,GK,Club Brugge,21-158,2003,0,,,,,0,,0,0,,1,,,,,,,,,,,
Leander Dendoncker,BEL,"DF,MF",Anderlecht,29-201,1995,6,540,90,50.0,6.0,6,90,6,0,,0,0.50,5,9,-4,-0.67,-1.83,8.8,11.7,-2.9,-0.49,-0.24
Kévin Denkey,TOG,FW,Cercle Brugge,23-338,2000,12,933,78,86.4,10.4,10,89,9,2,20,0,1.00,12,20,-8,-0.77,-1.38,14.2,19.7,-5.5,-0.53,-0.60
Niels Devalckeneer,BEL,GK,Antwerp,20-169,2004,0,,,,,0,,0,0,,1,,,,,,,,,,,
Alfie Devine,ENG,MF,Westerlo,20-093,2004,6,495,83,45.8,5.5,5,90,5,1,45,0,0.83,7,10,-3,-0.55,-0.85,8.0,10.1,-2.1,-0.38,-0.68
Julien Devriendt,BEL,GK,Dender,25-343,1998,1,90,90,8.3,1.0,1,90,1,0,,6,0.00,0,4,-4,-4.00,-4.00,0.4,2.1,-1.7,-1.70,-1.36
Gilles Dewaele,BEL,DF,Kortrijk,28-263,1996,6,438,73,40.6,4.9,6,73,2,0,,0,1.33,4,8,-4,-0.82,+0.02,4.8,8.0,-3.2,-0.66,-0.32
Ibrahim Diakité,GUI,"DF,MF",Cercle Brugge,21-002,2003,6,362,60,33.5,4.0,4,77,1,2,27,3,1.33,3,4,-1,-0.25,+0.50,4.4,3.8,+0.6,+0.15,+0.91
Daan Dierckx,BEL,DF,Standard Liège,21-252,2003,0,,,,,0,,0,0,,6,,,,,,,,,,,
Guillaume Dietsch,FRA,GK,Dender,23-199,2001,1,49,49,4.5,0.5,0,,0,1,49,5,0.00,0,1,-1,-1.84,-1.57,0.6,0.8,-0.1,-0.23,+0.24
Alouis Diriken,BEL,MF,Sint-Truiden,20-303,2004,2,147,74,13.6,1.6,2,74,1,0,,2,0.00,0,5,-5,-3.06,-3.16,0.1,3.9,-3.8,-2.31,-2.55
Kasper Dolberg,DEN,FW,Anderlecht,27-027,1997,11,868,79,80.4,9.6,11,79,4,0,,0,1.45,9,9,0,0.00,-1.27,11.3,15.9,-4.6,-0.47,-0.55
Emile Doucouré,BEL,GK,Beerschot,17-035,2007,0,,,,,0,,0,0,,3,,,,,,,,,,,
Mahamadou Doumbia,MLI,MF,Antwerp,20-171,2004,11,937,85,86.8,10.4,11,85,7,0,,0,1.82,21,8,+13,+1.25,-1.27,14.0,13.0,+0.9,+0.10,-0.93
Souleyman Doumbia,CIV,DF,Standard Liège,28-039,1996,1,7,7,0.6,0.1,0,,0,1,7,0,0.00,0,1,-1,-12.86,-12.52,0.0,1.0,-1.0,-12.41,-12.22
Vetle Dragsnes,NOR,DF,Charleroi,30-270,1994,12,"1,013",84,93.8,11.3,12,84,7,0,,0,1.17,12,13,-1,-0.09,-0.09,16.3,11.7,+4.6,+0.41,-0.89
Anders Dreyer,DEN,"FW,MF",Anderlecht,26-184,1998,10,726,73,67.2,8.1,8,87,6,2,16,0,1.60,12,8,+4,+0.50,+0.75,9.9,13.6,-3.7,-0.46,-0.29
Olivier Dumont,BEL,"FW,MF",Sint-Truiden,22-241,2002,5,175,35,16.2,1.9,2,74,1,3,9,6,0.80,0,6,-6,-3.09,-3.28,0.6,4.3,-3.7,-1.92,-2.17
Dennis Eckert,GER,FW,Standard Liège,27-298,1997,5,393,79,36.4,4.4,4,90,3,1,35,0,0.80,3,8,-5,-1.15,-1.15,6.0,5.7,+0.3,+0.06,+0.52
Dennis Eckert,GER,FW,Union SG,27-298,1997,3,198,66,18.3,2.2,3,66,0,0,,2,1.67,2,1,+1,+0.45,+0.45,2.6,1.0,+1.7,+0.76,+0.25
Samuel Edozie,ENG,"FW,MF",Anderlecht,21-279,2003,7,363,52,33.6,4.0,4,72,0,3,25,0,0.86,5,5,0,0.00,-0.38,6.1,7.9,-1.8,-0.44,-0.11
Malamine Efekele,FRA,"MF,FW",Cercle Brugge,20-106,2004,3,147,49,13.6,1.6,2,51,0,1,45,4,0.33,2,4,-2,-1.22,-0.74,0.9,2.7,-1.8,-1.06,-0.71
Jurgen Ekkelenkamp,NED,MF,Antwerp,24-211,2000,1,66,66,6.1,0.7,1,66,0,0,,0,3.00,1,0,+1,+1.36,-0.06,1.4,0.5,+1.0,+1.33,+1.10
Nunzio Engwanda,BEL,DF,Anderlecht,16-337,2007,0,,,,,0,,0,0,,2,,,,,,,,,,,
Matthieu Epolo,BEL,GK,Standard Liège,20-292,2004,12,"1,080",90,100.0,12.0,12,90,12,0,,0,1.25,7,12,-5,-0.42,,12.3,15.5,-3.2,-0.27,
Alieu Fadera,GAM,MF,Genk,22-365,2001,2,180,90,16.7,2.0,2,90,2,0,,0,0.50,1,3,-2,-1.00,-2.30,4.4,1.4,+2.9,+1.47,+0.04
Noah Fadiga,SEN,DF,Gent,24-335,1999,12,758,63,70.2,8.4,10,71,2,2,27,0,1.50,14,6,+8,+0.95,+1.51,11.1,13.5,-2.3,-0.28,+0.61
Omar Fayed,EGY,MF,Beerschot,21-121,2003,2,28,14,2.6,0.3,0,,0,2,14,0,1.50,0,0,0,0.00,+1.63,0.2,0.2,0.0,-0.01,+1.12
Matias Fernandez-Pardo,BEL,"MF,FW",Gent,19-273,2005,3,164,55,15.2,1.8,2,71,0,1,22,1,2.00,3,1,+2,+1.10,+0.70,2.8,2.4,+0.4,+0.21,+0.79
Andrés Ferrari,URU,"FW,DF",Sint-Truiden,21-304,2003,5,57,11,5.3,0.6,0,,0,5,11,2,1.60,4,0,+4,+6.32,+7.02,2.5,0.5,+2.1,+3.34,+3.63
Fabio Ferraro,BEL,DF,Dender,22-060,2002,12,952,79,88.1,10.6,12,79,6,0,,0,1.33,12,16,-4,-0.38,-0.38,9.6,13.8,-4.1,-0.39,+0.52
Nacho Ferri,ESP,FW,Kortrijk,20-028,2004,11,744,68,68.9,8.3,10,73,1,1,10,1,1.27,8,11,-3,-0.36,+1.51,9.0,10.3,-1.3,-0.16,+1.00
Karol Fila,POL,DF,Dender,26-142,1998,3,253,84,23.4,2.8,3,84,1,0,,1,1.33,2,5,-3,-1.07,-0.96,2.3,4.4,-2.0,-0.73,-0.36
Mathias Fixelles,BEL,MF,Westerlo,28-083,1996,1,1,1,0.1,0.0,0,,0,1,1,5,3.00,0,1,-1,-90.00,-90.00,0.0,0.7,-0.7,-63.10,-63.15
Alexis Flips,FRA,FW,Anderlecht,24-289,2000,1,1,1,0.1,0.0,0,,0,1,1,1,3.00,0,0,0,0.00,-0.25,0.0,0.0,0.0,0.00,+0.37
Alexis Flips,FRA,"FW,MF",Charleroi,24-289,2000,6,196,33,18.1,2.2,1,62,0,5,27,0,0.83,0,3,-3,-1.38,-1.58,2.7,2.7,0.0,+0.01,-0.55
Thomas Foket,BEL,DF,Anderlecht,30-038,1994,5,108,22,10.0,1.2,1,72,0,4,9,5,1.00,1,1,0,0.00,-0.28,3.4,3.4,-0.1,-0.05,+0.35
Núrio Fortuna,ANG,"MF,DF",Gent,29-223,1995,2,10,5,0.9,0.1,0,,0,2,5,5,3.00,0,0,0,0.00,-0.50,0.4,0.3,+0.2,+1.39,+1.87
Marlon Fossey,USA,DF,Standard Liège,26-054,1998,11,905,82,83.8,10.1,10,87,7,1,34,0,1.09,3,11,-8,-0.80,-2.34,9.4,13.2,-3.8,-0.38,-0.68
Iver Fossum,NOR,MF,Kortrijk,28-110,1996,8,199,25,18.4,2.2,2,70,0,6,10,3,1.63,1,3,-2,-0.90,-0.09,3.0,2.0,+1.0,+0.46,+1.14
Daam Foulon,BEL,"DF,MF",Mechelen,25-224,1999,11,936,85,86.7,10.4,11,85,10,0,,0,1.82,24,14,+10,+0.96,+0.96,17.5,16.4,+1.1,+0.11,+0.11
Guillaume François,BEL,"FW,DF",Union SG,34-152,1990,2,107,54,9.9,1.2,1,57,0,1,50,7,2.00,1,0,+1,+0.84,+0.84,2.1,0.4,+1.7,+1.44,+0.98
Matija Frigan,CRO,FW,Westerlo,21-265,2003,12,637,53,59.0,7.1,7,80,2,5,15,0,1.25,10,13,-3,-0.42,-0.83,11.4,13.9,-2.5,-0.35,-0.84
Haruya Fujii,JPN,DF,Kortrijk,23-312,2000,10,824,82,76.3,9.2,9,88,8,1,35,0,1.30,8,13,-5,-0.55,+1.21,10.2,12.5,-2.4,-0.26,+0.89
Joel Fujita,JPN,MF,Sint-Truiden,22-260,2002,10,869,87,80.5,9.7,10,87,7,0,,0,1.40,13,16,-3,-0.31,+0.12,15.0,13.1,+1.8,+0.19,+1.48
Kaye Furo,BEL,FW,Club Brugge,17-270,2007,0,,,,,0,,0,0,,1,,,,,,,,,,,
Mohammed Fuseini,GHA,FW,Union SG,22-170,2002,10,813,81,75.3,9.0,10,81,3,0,,1,1.30,11,9,+2,+0.22,+0.56,15.6,9.5,+6.1,+0.67,+0.47
Hugo Gambor,CTA,DF,Gent,21-308,2002,7,535,76,49.5,5.9,6,88,5,1,7,4,1.71,12,4,+8,+1.35,+1.68,9.8,8.6,+1.2,+0.21,+1.32
Omri Gandelman,ISR,MF,Gent,24-170,2000,9,645,72,59.7,7.2,7,84,5,2,30,0,1.33,12,7,+5,+0.70,+0.49,11.8,12.7,-0.9,-0.13,+0.81
Yann Gboua,BEL,FW,Standard Liège,16-250,2008,0,,,,,0,,0,0,,1,,,,,,,,,,,
Wouter George,BEL,DF,OH Leuven,22-244,2002,1,11,11,1.0,0.1,0,,0,1,11,0,3.00,0,0,0,0.00,+0.25,0.1,0.3,-0.2,-2.03,-2.04
Pieter Gerkens,BEL,MF,Gent,29-081,1995,10,378,38,35.0,4.2,3,90,3,7,15,1,1.70,6,5,+1,+0.24,-0.40,5.1,7.7,-2.6,-0.61,-0.23
Brahim Ghalidi,BEL,FW,Standard Liège,19-276,2005,0,,,,,0,,0,0,,5,,,,,,,,,,,
Faisal Al Ghamdi,KSA,MF,Beerschot,23-081,2001,4,332,83,30.7,3.7,4,83,2,0,,0,1.00,3,7,-4,-1.08,+0.72,2.2,4.4,-2.2,-0.84,+0.33
Milan Gigot,BEL,DF,OH Leuven,17-256,2007,0,,,,,0,,0,0,,1,,,,,,,,,,,
Óscar Gil,ESP,DF,OH Leuven,27-190,1997,8,443,55,41.0,4.9,6,67,0,2,22,2,1.00,4,7,-3,-0.61,-0.61,4.9,4.9,-0.1,-0.02,-0.02
Nick Gillekens,BEL,GK,Westerlo,29-120,1995,0,,,,,0,,0,0,,6,,,,,,,,,,,
Bruno Godeau,BEL,DF,Sint-Truiden,32-176,1992,12,"1,062",89,98.3,11.8,12,89,10,0,,0,1.17,17,21,-4,-0.34,-0.34,15.4,17.1,-1.7,-0.15,-2.87
Matteo Godfroid,BEL,GK,Standard Liège,20-251,2004,0,,,,,0,,0,0,,8,,,,,,,,,,,
Dalangunypole Gomis,FRA,DF,Cercle Brugge,20-127,2004,0,,,,,0,,0,0,,2,,,,,,,,,,,
Bryan Goncalves,FRA,DF,Dender,28-106,1996,5,310,62,28.7,3.4,3,90,3,2,20,7,2.00,3,6,-3,-0.87,-0.75,3.8,5.6,-1.8,-0.53,-0.11
Rayhan El Grafel,BEL,DF,Beerschot,17-094,2007,0,,,,,0,,0,0,,1,,,,,,,,,,,
Parfait Guiagon,CIV,FW,Charleroi,23-254,2001,11,793,72,73.4,8.8,11,72,1,0,,0,1.27,11,9,+2,+0.23,+1.17,13.0,7.2,+5.7,+0.65,+0.69
Muhammed Gümüskaya,TUR,FW,Westerlo,23-306,2001,1,12,12,1.1,0.1,0,,0,1,12,3,0.00,0,1,-1,-7.50,-7.50,0.1,0.8,-0.7,-5.49,-5.54
Patrik Gunnarsson,ISL,GK,Kortrijk,23-353,2000,11,922,84,85.4,10.2,11,84,10,0,,0,1.00,8,16,-8,-0.78,+0.36,9.4,14.8,-5.4,-0.53,-0.38
Andri Guðjohnsen,ISL,FW,Gent,22-278,2002,11,606,55,56.1,6.7,6,83,4,5,21,1,1.36,6,7,-1,-0.15,-1.48,7.9,10.4,-2.5,-0.37,+0.21
Anouar Ait El Hadj,BEL,MF,Union SG,22-196,2002,7,441,63,40.8,4.9,6,70,0,1,23,3,1.14,3,8,-5,-1.02,-1.87,6.5,6.8,-0.4,-0.08,-1.07
Geoffry Hairemans,BEL,"MF,FW",Mechelen,33-012,1991,8,237,30,21.9,2.6,2,69,0,6,17,3,1.38,9,7,+2,+0.76,-0.09,6.3,5.3,+1.0,+0.37,+0.35
Dogucan Haspolat,TUR,MF,Westerlo,24-265,2000,12,"1,080",90,100.0,12.0,12,90,12,0,,0,1.25,21,22,-1,-0.08,,20.1,20.2,-0.1,-0.01,
Ibe Hautekiet,BEL,DF,Standard Liège,22-203,2002,10,838,84,77.6,9.3,10,84,8,0,,1,1.20,4,10,-6,-0.64,-1.02,8.3,12.7,-4.4,-0.47,-0.91
Ewan Henderson,SCO,MF,Beerschot,24-220,2000,9,545,61,50.5,6.1,7,72,1,2,22,0,0.11,5,19,-14,-2.31,-1.47,5.3,12.6,-7.3,-1.41,-0.56
Lennard Hens,BEL,MF,Dender,28-268,1996,12,610,51,56.5,6.8,7,73,1,5,19,0,1.33,6,5,+1,+0.15,+1.10,5.6,6.7,-1.0,-0.15,+0.70
Daan Heymans,BEL,MF,Charleroi,25-140,1999,12,"1,032",86,95.6,11.5,12,86,10,0,,0,1.17,13,14,-1,-0.09,-0.09,18.2,12.9,+5.2,+0.46,-0.22
Bryan Heynen,BEL,MF,Genk,27-270,1997,10,731,73,67.7,8.1,8,87,5,2,19,0,2.70,18,8,+10,+1.23,+0.97,20.6,7.7,+13.0,+1.60,+0.48
David Hrnčár,SVK,"DF,MF",Dender,26-328,1997,10,676,68,62.6,7.5,8,79,4,2,21,0,1.20,13,14,-1,-0.13,+0.54,8.6,10.2,-1.6,-0.22,+0.63
Patrik Hrošovský,SVK,MF,Genk,32-194,1992,10,794,79,73.5,8.8,9,86,7,1,16,1,2.40,21,12,+9,+1.02,+0.39,20.5,10.4,+10.1,+1.15,-1.10
Dean Huiberts,NED,MF,Beerschot,24-170,2000,6,197,33,18.2,2.2,2,65,0,4,17,5,0.83,2,5,-3,-1.37,+0.26,1.6,5.0,-3.3,-1.52,-0.53
Nathan Huygevelde,BEL,MF,Kortrijk,20-284,2004,0,,,,,0,,0,0,,6,,,,,,,,,,,
Oh Hyeon-gyu,KOR,FW,Genk,23-204,2001,10,133,13,12.3,1.5,0,,0,10,13,2,2.20,5,2,+3,+2.03,+1.27,5.5,2.0,+3.5,+2.41,+1.10
Hong Hyunseok,KOR,MF,Gent,25-139,1999,3,248,83,23.0,2.8,3,83,0,0,,0,1.00,2,2,0,0.00,-0.65,2.0,3.5,-1.4,-0.53,-0.09
Mounaim El Idrissy,FRA,"DF,FW",Kortrijk,25-266,1999,9,305,34,28.2,3.4,3,75,1,6,14,2,1.44,0,4,-4,-1.18,-0.48,2.2,6.2,-4.0,-1.19,-1.00
Chukwubuikem Ikwuemesi,NGA,FW,OH Leuven,23-089,2001,11,365,33,33.8,4.1,3,63,0,8,22,0,1.27,6,5,+1,+0.25,+0.75,5.2,3.6,+1.7,+0.41,+0.62
Atsuki Ito,JPN,MF,Gent,26-083,1998,8,507,63,46.9,5.6,6,76,3,2,26,0,1.50,9,7,+2,+0.36,-0.27,6.4,12.4,-6.0,-1.07,-1.15
Ryotaro Ito,JPN,MF,Sint-Truiden,26-270,1998,11,738,67,68.3,8.2,8,83,4,3,24,1,1.27,15,17,-2,-0.24,+0.28,13.5,12.6,+0.8,+0.10,+0.64
Franjo Ivanović,CRO,FW,Union SG,21-032,2003,6,427,71,39.5,4.7,5,83,3,1,10,0,1.00,5,6,-1,-0.21,-0.49,7.9,6.3,+1.5,+0.32,-0.38
Nordin Jackers,BEL,GK,Club Brugge,27-058,1997,0,,,,,0,,0,0,,12,,,,,,,,,,,
Vincent Janssen,NED,FW,Antwerp,30-140,1994,12,"1,063",89,98.4,11.8,12,89,10,0,,0,1.92,23,8,+15,+1.27,-9.32,16.9,14.1,+2.7,+0.25,-0.49
Wolke Janssens,BEL,DF,Sint-Truiden,29-296,1995,4,91,23,8.4,1.0,0,,0,4,23,4,1.00,0,1,-1,-0.99,-0.72,0.8,0.6,+0.2,+0.23,+0.36
Ardon Jashari,SUI,MF,Club Brugge,22-095,2002,8,462,58,42.8,5.1,5,80,2,3,21,4,1.63,8,8,0,0.00,-0.87,10.6,6.0,+4.6,+0.89,+0.13
Owen Jochmans,BEL,GK,OH Leuven,21-279,2003,0,,,,,0,,0,0,,11,,,,,,,,,,,
Xander Joosen,BEL,DF,Beerschot,18-145,2006,0,,,,,0,,0,0,,1,,,,,,,,,,,
Edisson Jordanov,BUL,DF,Westerlo,31-147,1993,4,73,18,6.8,0.8,0,,0,4,18,7,0.75,1,2,-1,-1.23,-1.23,0.9,2.2,-1.3,-1.57,-1.68
Ferran Jutglà,ESP,"FW,MF",Club Brugge,25-275,1999,10,286,29,26.5,3.2,1,61,0,9,25,2,1.70,3,7,-4,-1.26,-2.39,6.4,5.5,+0.8,+0.26,-0.75
Mathias Jørgensen,DEN,DF,Anderlecht,34-193,1990,9,721,80,66.8,8.0,8,90,8,1,1,0,1.11,10,8,+2,+0.25,0.00,12.8,14.8,-2.0,-0.26,+0.33
Elton Kabangu,BEL,"FW,MF",Union SG,26-268,1998,7,122,17,11.3,1.4,1,65,0,6,10,1,1.00,2,0,+2,+1.48,+1.57,2.2,0.6,+1.6,+1.21,+0.74
Abdelkahar Kadri,ALG,MF,Kortrijk,24-131,2000,11,744,68,68.9,8.3,8,83,3,3,27,0,1.00,6,10,-4,-0.48,+1.12,8.0,11.9,-3.9,-0.47,0.00
Emmanuel Kakou,CIV,DF,Cercle Brugge,19-125,2005,6,540,90,50.0,6.0,6,90,6,0,,1,1.33,6,8,-2,-0.33,+0.50,7.2,6.6,+0.6,+0.10,+1.09
Marco Kana,BEL,"DF,MF",Anderlecht,22-086,2002,0,,,,,0,,0,0,,1,,,,,,,,,,,
Ismaël Kandouss,MAR,MF,Gent,26-356,1997,1,4,4,0.4,0.0,0,,0,1,4,1,3.00,0,0,0,0.00,-0.50,0.0,0.4,-0.4,-10.05,-9.63
Takuro Kaneko,JPN,"MF,FW",Kortrijk,27-095,1997,11,671,61,62.1,7.5,8,77,2,3,19,1,1.27,6,13,-7,-0.94,-0.28,7.0,11.4,-4.4,-0.59,-0.30
Konstantinos Karetsas,BEL,MF,Genk,16-349,2007,8,451,56,41.8,5.0,6,67,0,2,24,4,2.00,8,4,+4,+0.80,-0.20,11.3,3.4,+7.9,+1.57,+0.22
Joris Kayembe,COD,"DF,MF",Genk,30-086,1994,12,"1,072",89,99.3,11.9,12,89,11,0,,0,2.33,26,14,+12,+1.01,+12.26,29.1,11.5,+17.6,+1.48,+4.64
Charly Keita,FRA,FW,Beerschot,25-139,1999,10,572,57,53.0,6.4,6,72,0,4,36,1,0.20,5,15,-10,-1.57,+0.02,4.4,8.8,-4.4,-0.81,+0.53
Check Keita,FRA,DF,Charleroi,21-214,2003,6,505,84,46.8,5.6,6,84,5,0,,6,1.50,8,7,+1,+0.18,+0.49,9.9,6.0,+3.8,+0.69,+0.41
Mandela Keita,BEL,"MF,DF",Antwerp,22-176,2002,5,238,48,22.0,2.6,2,90,2,3,19,0,1.20,3,2,+1,+0.38,-1.33,5.1,3.8,+1.4,+0.53,+0.29
Gyrano Kerk,SUR,"FW,MF",Antwerp,28-336,1995,11,807,73,74.7,9.0,10,79,2,1,13,0,1.82,13,6,+7,+0.78,-2.52,12.2,11.6,+0.6,+0.07,-0.93
Anan Khalaili,ISR,"DF,FW",Union SG,20-060,2004,7,248,35,23.0,2.8,2,74,1,5,20,3,1.14,3,7,-4,-1.45,-1.99,3.5,5.1,-1.6,-0.60,-1.50
Bilal El Khannouss,MAR,MF,Genk,20-176,2004,1,68,68,6.3,0.8,1,68,0,0,,0,3.00,4,2,+2,+2.65,+1.85,2.2,0.5,+1.7,+2.20,+0.80
Lucca Kiaba,BEL,GK,Genk,16-128,2008,0,,,,,0,,0,0,,1,,,,,,,,,,,
Mads Kikkenborg,DEN,GK,Anderlecht,25-026,1999,0,,,,,0,,0,0,,12,,,,,,,,,,,
Leo Kokubo,JPN,GK,Sint-Truiden,23-284,2001,9,810,90,75.0,9.0,9,90,9,0,,1,1.56,15,10,+5,+0.56,+3.56,14.4,11.3,+3.1,+0.35,+1.80
Mory Konaté,GUI,MF,Mechelen,30-353,1993,1,90,90,8.3,1.0,1,90,1,0,,0,1.00,1,1,0,0.00,-0.91,0.6,1.9,-1.3,-1.30,-1.52
Mohamed Koné,CIV,GK,Charleroi,22-240,2002,11,990,90,91.7,11.0,11,90,11,0,,0,1.27,13,12,+1,+0.09,+2.09,17.9,12.4,+5.5,+0.50,+0.42
Josué Kongolo,BEL,DF,Genk,18-203,2006,2,74,37,6.9,0.8,1,63,0,1,11,10,3.00,0,3,-3,-3.65,-4.90,0.6,1.9,-1.2,-1.51,-3.17
Tolis Konstantopoulos,GRE,DF,Beerschot,22-092,2002,10,779,78,72.1,8.7,8,87,7,2,41,1,0.50,6,20,-14,-1.62,-0.12,5.9,15.9,-10.0,-1.31,-0.60
Ayouba Kosiah,LBR,"FW,DF",Beerschot,23-103,2001,7,203,29,18.8,2.3,1,59,0,6,24,3,0.43,2,7,-5,-2.22,-0.78,3.2,6.4,-3.2,-1.54,-0.55
Laurit Krasniqi,KVX,DF,Antwerp,23-111,2001,0,,,,,0,,0,0,,1,,,,,,,,,,,
Florian Krüger,GER,"FW,MF",Beerschot,25-263,1999,4,113,28,10.5,1.3,1,45,0,3,23,0,0.25,1,2,-1,-0.80,+0.88,1.1,2.5,-1.5,-1.35,-0.29
Léandre Kuavita,BEL,MF,Standard Liège,20-155,2004,12,626,52,58.0,7.0,9,68,0,3,5,0,1.25,4,6,-2,-0.29,+0.31,5.6,9.8,-4.3,-0.61,-0.82
Mats Kuipers,BEL,DF,Sint-Truiden,18-147,2006,0,,,,,0,,0,0,,2,,,,,,,,,,,
Sven Kums,BEL,MF,Gent,36-250,1988,7,363,52,33.6,4.0,4,77,1,3,19,1,1.57,5,4,+1,+0.25,-0.38,5.5,5.2,+0.3,+0.07,+0.80
Hasan Kuruçay,,DF,OH Leuven,27-063,1997,4,315,79,29.2,3.5,3,90,3,1,45,2,1.00,3,7,-4,-1.14,-1.26,2.8,4.1,-1.2,-0.34,-0.48
Roman Květ,CZE,"MF,FW",Dender,26-321,1997,12,735,61,68.1,8.2,10,68,2,2,26,0,1.33,12,17,-5,-0.61,-0.87,7.8,13.2,-5.4,-0.66,-0.65
Grejohn Kyei,FRA,FW,Charleroi,29-082,1995,6,337,56,31.2,3.7,5,64,0,1,18,0,0.83,4,3,+1,+0.27,+0.51,5.5,2.3,+3.2,+0.86,+0.57
Grejohn Kyei,FRA,"FW,MF",Standard Liège,29-082,1995,6,213,36,19.7,2.4,2,57,0,4,25,0,1.33,1,1,0,0.00,+0.52,2.4,2.0,+0.4,+0.19,+0.57
Bram Lagae,BEL,DF,Kortrijk,20-293,2004,8,720,90,66.7,8.0,8,90,8,0,,3,1.00,5,13,-8,-1.00,-0.50,6.7,12.0,-5.2,-0.66,-0.55
Hugo Lambotte,BEL,MF,Sint-Truiden,18-135,2006,2,36,18,3.3,0.4,0,,0,2,18,6,0.50,1,1,0,0.00,+0.34,0.2,0.1,+0.1,+0.27,+0.38
Senne Lammens,BEL,GK,Antwerp,22-118,2002,12,"1,080",90,100.0,12.0,12,90,12,0,,0,1.92,24,8,+16,+1.33,,18.0,14.4,+3.6,+0.33,+0.33
Bas Langenbick,BEL,GK,Cercle Brugge,21-263,2003,0,,,,,0,,0,0,,2,,,,,,,,,,,
Amando Lapage,BEL,DF,Anderlecht,19-360,2004,0,,,,,0,,0,0,,2,,,,,,,,,,,
Lion Lauberbach,GER,FW,Mechelen,26-261,1998,10,655,66,60.6,7.3,8,72,1,2,41,0,1.40,15,9,+6,+0.82,-0.02,11.2,9.8,+1.4,+0.19,+0.25
Henry Lawrence,ENG,DF,Standard Liège,23-042,2001,9,593,66,54.9,6.6,7,80,4,2,16,2,1.33,5,4,+1,+0.15,+1.26,5.7,8.2,-2.4,-0.37,-0.22
Matt Lendfers,BEL,GK,Sint-Truiden,18-237,2006,0,,,,,0,,0,0,,2,,,,,,,,,,,
Theo Leoni,BEL,"MF,DF",Anderlecht,24-195,2000,12,825,69,76.4,9.2,10,80,5,2,11,0,1.42,12,9,+3,+0.33,+0.33,13.0,14.9,-2.0,-0.22,+0.63
Fedde Leysen,BEL,DF,Union SG,21-116,2003,8,698,87,64.6,7.8,8,87,5,0,,3,1.25,6,7,-1,-0.13,-0.60,12.2,7.8,+4.5,+0.58,+0.06
Tobe Leysen,BEL,GK,OH Leuven,22-238,2002,12,"1,080",90,100.0,12.0,12,90,12,0,,0,1.25,13,16,-3,-0.25,,12.0,12.1,0.0,0.00,
Jonas Lietaert,BEL,DF,Cercle Brugge,20-109,2004,1,57,57,5.3,0.6,0,,0,1,57,4,1.00,0,1,-1,-1.58,-1.05,0.4,2.0,-1.6,-2.59,-2.26
Ridwane M'Barki,BEL,"DF,MF",Dender,30-123,1994,5,122,24,11.3,1.4,0,,0,5,24,5,0.80,4,4,0,0.00,+0.38,1.3,3.1,-1.8,-1.34,-1.00
Kevin Mac Allister,ARG,DF,Union SG,26-361,1997,11,953,87,88.2,10.6,11,87,9,0,,0,1.27,12,9,+3,+0.28,+1.70,16.9,10.9,+6.0,+0.56,+0.07
Koki Machida,JPN,DF,Union SG,27-069,1997,11,990,90,91.7,11.0,11,90,11,0,,0,1.36,11,8,+3,+0.27,+2.27,17.9,11.0,+6.9,+0.63,+0.90
Nicolas Madsen,DEN,MF,Westerlo,24-230,2000,4,356,89,33.0,4.0,4,89,2,0,,0,2.25,12,8,+4,+1.01,+1.63,9.1,6.2,+2.9,+0.73,+1.10
Mathieu Maertens,BEL,"FW,MF",OH Leuven,29-220,1995,11,772,70,71.5,8.6,11,70,3,0,,0,1.09,9,14,-5,-0.58,-1.17,7.9,8.8,-0.8,-0.10,-0.33
Gary Magnée,BEL,"MF,DF",Cercle Brugge,25-021,1999,8,388,49,35.9,4.3,5,70,0,3,13,1,1.13,6,10,-4,-0.93,-0.54,4.4,10.2,-5.9,-1.36,-1.43
Noah Makanza,BEL,MF,Mechelen,19-293,2005,0,,,,,0,,0,0,,1,,,,,,,,,,,
Kristiyan Malinov,BUL,MF,Kortrijk,30-217,1994,0,,,,,0,,0,0,,7,,,,,,,,,,,
Mark Mampasi,UKR,DF,Kortrijk,21-235,2003,8,518,65,48.0,5.8,6,82,4,2,13,1,0.88,4,11,-7,-1.22,-0.74,5.3,8.9,-3.6,-0.63,-0.30
José Marsà,ESP,DF,Mechelen,22-243,2002,12,885,74,81.9,9.8,11,76,6,1,54,0,1.67,20,13,+7,+0.71,-0.67,15.5,15.3,+0.2,+0.02,-0.40
Ar'jany Martha,NED,"MF,DF",Beerschot,21-059,2003,10,400,40,37.0,4.4,4,71,2,6,20,1,0.10,3,11,-8,-1.80,-0.34,4.0,10.8,-6.9,-1.64,-0.84
Kéres Masangu,BEL,"MF,FW",Dender,24-240,2000,2,5,3,0.5,0.1,0,,0,2,3,6,2.00,0,0,0,0.00,+0.33,0.0,0.0,0.0,-0.88,-0.43
Davor Matijas,CRO,GK,Beerschot,25-071,1999,7,630,90,58.3,7.0,7,90,7,0,,4,0.25,8,20,-12,-1.71,-0.31,5.8,12.6,-6.8,-1.13,-0.08
Hervé Matthys,BEL,DF,Beerschot,28-288,1996,11,907,82,84.0,10.1,11,82,10,0,,0,0.45,8,22,-14,-1.39,+1.21,8.2,18.2,-10.0,-1.10,-0.04
Youssef Maziz,FRA,"MF,FW",OH Leuven,26-131,1998,12,708,59,65.6,7.9,9,73,3,3,17,0,1.25,8,11,-3,-0.38,-0.38,7.3,5.6,+1.7,+0.22,+0.65
Loïc Mbe Soh,FRA,DF,Beerschot,23-142,2001,5,450,90,41.7,5.0,5,90,5,0,,2,0.80,4,11,-7,-1.40,+0.31,3.4,7.1,-3.7,-0.93,+0.24
Isaac Mbenza,BEL,FW,Charleroi,28-239,1996,12,312,26,28.9,3.5,2,68,0,10,18,0,1.17,2,6,-4,-1.15,-1.51,5.3,6.4,-1.0,-0.30,-1.08
Mark McKenzie,USA,FW,Genk,25-251,1999,1,1,1,0.1,0.0,0,,0,1,1,0,3.00,0,0,0,0.00,-0.92,0.0,0.0,0.0,0.00,-1.44
Dire Mebude,SCO,FW,Westerlo,20-158,2004,10,540,54,50.0,6.0,6,75,2,4,22,1,1.20,13,12,+1,+0.17,+0.50,11.6,9.1,+2.5,+0.41,+0.85
Brandon Mechele,BEL,DF,Club Brugge,31-279,1993,12,"1,080",90,100.0,12.0,12,90,12,0,,0,1.75,20,14,+6,+0.50,,24.5,14.7,+9.8,+0.81,
Nayel Mehssatou,CHI,"MF,DF",Kortrijk,22-205,2002,12,772,64,71.5,8.6,8,83,5,4,28,0,1.17,8,15,-7,-0.82,+0.06,8.3,12.0,-3.7,-0.43,+0.15
Hamza Mendyl,MAR,"DF,MF",OH Leuven,27-012,1997,8,393,49,36.4,4.4,4,79,0,4,20,4,1.13,6,5,+1,+0.23,+0.75,3.6,5.0,-1.4,-0.32,-0.50
Billel Messaoudi,ALG,"FW,MF",Kortrijk,26-317,1997,7,130,19,12.0,1.4,0,,0,7,19,2,1.29,1,2,-1,-0.69,+0.16,2.5,4.3,-1.8,-1.26,-0.90
Senna Miangue,BEL,DF,Cercle Brugge,27-271,1997,10,658,66,60.9,7.3,6,84,5,4,38,1,0.90,10,14,-4,-0.55,+0.09,9.5,15.7,-6.2,-0.85,-1.03
Simion Michez,BEL,"DF,MF",Beerschot,22-267,2002,6,483,81,44.7,5.4,6,81,3,0,,0,0.17,5,13,-8,-1.49,+0.17,4.4,10.4,-6.0,-1.13,-0.06
Simon Mignolet,BEL,GK,Club Brugge,36-241,1988,12,"1,080",90,100.0,12.0,12,90,12,0,,0,1.75,20,14,+6,+0.50,,24.5,14.7,+9.8,+0.81,
Alan Minda,ECU,"FW,MF",Cercle Brugge,21-172,2003,9,387,43,35.8,4.3,4,68,0,5,23,0,1.33,5,7,-2,-0.47,+0.18,7.2,7.2,0.0,0.00,+0.69
David Mindombe,BEL,DF,Sint-Truiden,23-136,2001,1,90,90,8.3,1.0,1,90,1,0,,5,0.00,0,1,-1,-1.00,-0.73,0.1,1.0,-0.9,-0.93,-0.90
Stefan Mitrović,SRB,FW,OH Leuven,22-079,2002,4,233,58,21.6,2.6,3,63,0,1,45,1,1.25,3,3,0,0.00,+0.32,2.3,2.0,+0.3,+0.11,+0.14
Stefan Mitrović,SRB,DF,Gent,34-164,1990,10,836,84,77.4,9.3,9,88,7,1,45,2,1.40,12,9,+3,+0.32,-0.78,10.8,17.4,-6.5,-0.70,-1.07
Anthony Moris,LUX,GK,Union SG,34-187,1990,12,"1,080",90,100.0,12.0,12,90,12,0,,0,1.25,12,11,+1,+0.08,,19.4,12.8,+6.7,+0.55,
Kerim Mrabti,SWE,"MF,FW",Mechelen,30-166,1994,11,821,75,76.0,9.1,11,75,2,0,,0,1.55,15,12,+3,+0.33,-2.10,11.5,13.4,-1.8,-0.20,-1.21
Suphanat Mueanta,THA,"FW,MF",OH Leuven,22-092,2002,2,61,31,5.6,0.7,1,57,0,1,4,7,0.50,0,0,0,0.00,+0.26,0.4,0.1,+0.3,+0.44,+0.47
Moussa N'Diaye,SEN,DF,Anderlecht,22-137,2002,8,674,84,62.4,7.5,8,84,1,0,,4,1.50,8,7,+1,+0.13,-0.31,7.5,10.6,-3.1,-0.41,-0.12
Ignace N'Dri,CIV,"FW,DF",OH Leuven,24-006,2000,12,930,78,86.1,10.3,10,83,6,2,50,0,1.25,11,14,-3,-0.29,-0.29,10.0,11.0,-1.0,-0.10,-0.66
Flávio Nazinho,POR,DF,Cercle Brugge,21-105,2003,10,697,70,64.5,7.7,7,85,4,3,34,0,1.10,13,14,-1,-0.13,+1.28,13.1,15.2,-2.1,-0.27,+0.50
Roman Neustädter,RUS,DF,Westerlo,36-258,1988,9,810,90,75.0,9.0,9,90,9,0,,3,1.22,16,17,-1,-0.11,-0.11,15.4,15.9,-0.5,-0.06,-0.20
Julien Ngoy,BEL,FW,Mechelen,27-000,1997,3,72,24,6.7,0.8,1,51,0,2,11,2,1.33,1,1,0,0.00,-0.89,1.6,1.8,-0.1,-0.16,-0.27
Nathan Ngoy,BEL,DF,Standard Liège,21-145,2003,4,240,60,22.2,2.7,3,75,2,1,15,3,0.75,2,3,-1,-0.37,+0.05,2.6,3.3,-0.7,-0.26,+0.01
Adam Nhaili,BEL,"FW,MF",Sint-Truiden,19-085,2005,6,174,29,16.1,1.9,1,90,1,5,17,5,0.50,1,3,-2,-1.03,-0.84,0.8,2.1,-1.2,-0.64,-0.65
Ousseynou Niang,SEN,"DF,FW",Union SG,23-021,2001,5,256,51,23.7,2.8,3,71,1,2,21,1,1.00,3,1,+2,+0.70,+0.81,4.0,3.5,+0.4,+0.15,-0.53
Casper Nielsen,DEN,MF,Club Brugge,30-187,1994,3,100,33,9.3,1.1,1,64,0,2,18,4,0.67,1,1,0,0.00,-0.55,1.3,1.3,-0.1,-0.07,-0.98
Gustaf Nilsson,SWE,FW,Club Brugge,27-163,1997,9,739,82,68.4,8.2,9,82,5,0,,1,1.56,15,8,+7,+0.85,+1.12,16.4,8.8,+7.6,+0.92,+0.34
Ken Nkuba,BEL,"MF,DF",Genk,22-286,2002,7,137,20,12.7,1.5,2,50,0,5,7,4,2.71,1,2,-1,-0.66,-1.80,2.7,2.0,+0.7,+0.44,-1.14
Petter Nosa Dahl,NOR,"MF,FW",Mechelen,21-285,2003,9,158,18,14.6,1.8,1,45,0,8,14,3,1.56,7,4,+3,+1.71,+1.03,4.0,5.4,-1.4,-0.79,-1.03
Lucas Noubi,BEL,DF,Standard Liège,19-292,2005,2,137,69,12.7,1.5,1,90,1,1,47,6,2.00,1,0,+1,+0.66,+1.23,2.3,2.4,-0.1,-0.05,+0.25
Bruny Nsimba,BEL,FW,Dender,24-211,2000,12,"1,004",84,93.0,11.2,12,84,6,0,,0,1.33,13,17,-4,-0.36,-0.36,10.7,15.7,-5.0,-0.45,+0.10
Nachon Nsingi,BEL,FW,OH Leuven,23-192,2001,0,,,,,0,,0,0,,3,,,,,,,,,,,
Erick Nunes,BRA,"MF,DF",Cercle Brugge,20-247,2004,10,437,44,40.5,4.9,7,60,0,3,7,2,1.20,4,7,-3,-0.62,-0.06,4.7,7.9,-3.2,-0.66,-0.35
Antonio Nusa,NOR,"FW,MF",Club Brugge,19-199,2005,3,162,54,15.0,1.8,2,72,0,1,18,0,0.33,3,1,+2,+1.11,+0.72,3.7,1.3,+2.4,+1.34,+0.62
Mardochee Nzita,BEL,"DF,FW",Charleroi,24-252,2000,4,69,17,6.4,0.8,0,,0,4,17,8,0.75,0,1,-1,-1.30,-1.30,2.1,1.6,+0.5,+0.67,+0.22
Felix Nzouango,FRA,DF,Beerschot,21-300,2003,0,,,,,0,,0,0,,4,,,,,,,,,,,
Aiden O'Neill,AUS,MF,Standard Liège,26-121,1998,12,"1,080",90,100.0,12.0,12,90,12,0,,0,1.25,7,12,-5,-0.42,,12.3,15.5,-3.2,-0.27,
Denis Odoi,GHA,"MF,DF",Antwerp,36-159,1988,7,626,89,58.0,7.0,7,89,6,0,,1,1.86,14,5,+9,+1.29,-0.29,12.1,9.1,+3.0,+0.43,+0.32
Ryoya Ogawa,JPN,"DF,MF",Sint-Truiden,27-344,1996,12,"1,066",89,98.7,11.8,12,89,11,0,,0,1.17,17,20,-3,-0.25,+6.18,15.6,17.2,-1.6,-0.13,-2.53
Kazeem Olaigbe,BEL,"MF,FW",Cercle Brugge,21-305,2003,11,496,45,45.9,5.5,5,66,0,6,28,1,0.82,6,7,-1,-0.18,+0.74,6.1,8.5,-2.4,-0.44,+0.02
Takuma Ominami,JPN,DF,OH Leuven,26-325,1997,8,569,71,52.7,6.3,5,88,4,3,42,0,1.13,5,10,-5,-0.79,-1.14,6.3,5.5,+0.8,+0.12,+0.26
Jacob Ondrejka,SWE,"FW,MF",Antwerp,22-061,2002,12,944,79,87.4,10.5,11,84,3,1,24,0,1.92,22,8,+14,+1.33,-0.65,15.5,13.2,+2.4,+0.24,-0.31
Raphael Onyedika,NGA,MF,Club Brugge,23-197,2001,10,701,70,64.9,7.8,9,74,3,1,32,0,2.00,15,8,+7,+0.90,+1.14,17.0,9.6,+7.4,+0.96,+0.40
Ragnar Oratmangoen,IDN,"MF,DF",Dender,26-286,1998,3,85,28,7.9,0.9,0,,0,3,28,1,0.33,2,5,-3,-3.18,-3.09,0.9,2.9,-1.9,-2.05,-1.74
Joel Ordóñez,ECU,DF,Club Brugge,20-195,2004,8,622,78,57.6,6.9,7,89,6,1,1,2,2.00,12,10,+2,+0.29,-0.50,14.8,9.5,+5.3,+0.76,-0.13
Emir Ortakaya,TUR,DF,Westerlo,20-133,2004,1,45,45,4.2,0.5,0,,0,1,45,10,3.00,2,2,0,0.00,+0.09,1.2,1.3,-0.1,-0.20,-0.20
Manuel Osifo,BEL,DF,OH Leuven,21-094,2003,3,179,60,16.6,2.0,2,82,1,1,15,6,2.33,4,1,+3,+1.51,+2.11,2.3,1.6,+0.7,+0.34,+0.42
Zakaria El Ouahdi,MAR,"DF,MF",Genk,22-307,2001,10,801,80,74.2,8.9,9,86,5,1,27,0,2.70,24,10,+14,+1.57,+2.54,23.2,8.7,+14.5,+1.62,+0.71
Aziz Ouattara,CIV,MF,Mechelen,23-303,2001,10,855,86,79.2,9.5,10,86,9,0,,0,1.60,18,13,+5,+0.53,-1.47,15.7,15.1,+0.6,+0.06,-0.14
Kader Ouattara,BFA,"MF,FW",Cercle Brugge,19-160,2005,8,283,35,26.2,3.1,2,83,1,6,20,0,0.88,5,6,-1,-0.32,+0.36,6.6,7.1,-0.6,-0.18,+0.36
Aiham Ousou,SYR,DF,Charleroi,24-298,2000,10,597,60,55.3,6.6,6,90,6,4,14,1,1.10,5,8,-3,-0.45,-0.82,10.1,8.4,+1.7,+0.25,-0.47
Adrián Palacios,VEN,DF,Genk,20-148,2004,0,,,,,0,,0,0,,5,,,,,,,,,,,
Louis Patris,BEL,DF,Anderlecht,23-148,2001,1,1,1,0.1,0.0,0,,0,1,1,1,3.00,0,0,0,0.00,-0.25,0.0,0.0,0.0,0.00,+0.37
Louis Patris,BEL,"DF,MF",Sint-Truiden,23-148,2001,6,525,88,48.6,5.8,6,88,5,0,,0,1.83,10,6,+4,+0.69,+1.98,11.5,7.8,+3.7,+0.64,+1.44
Mike Penders,BEL,GK,Genk,19-094,2005,2,180,90,16.7,2.0,2,90,2,0,,10,0.50,1,3,-2,-1.00,-2.30,4.4,1.4,+2.9,+1.47,+0.04
Jérémy Pétris,FRA,DF,Charleroi,26-279,1998,11,952,87,88.1,10.6,11,87,9,0,,0,1.27,12,11,+1,+0.09,+1.50,15.7,10.4,+5.3,+0.50,+0.32
Patrick Pflücke,GER,"DF,MF",Mechelen,27-338,1996,12,925,77,85.6,10.3,11,83,7,1,13,0,1.67,18,14,+4,+0.39,-3.09,14.5,16.6,-2.1,-0.21,-2.06
Arthur Piedfort,BEL,MF,Westerlo,19-275,2005,11,767,70,71.0,8.5,10,76,3,1,7,1,1.27,15,14,+1,+0.12,+0.69,15.2,13.7,+1.4,+0.17,+0.61
Kayden Pierre,USA,DF,Genk,21-260,2003,0,,,,,0,,0,0,,1,,,,,,,,,,,
Lucas Pirard,BEL,GK,Kortrijk,29-237,1995,1,68,68,6.3,0.8,0,,0,1,68,11,0.00,0,3,-3,-3.97,-3.35,1.0,1.7,-0.7,-0.96,-0.52
Julian Placias,USA,FW,Westerlo,18-210,2006,0,,,,,0,,0,0,,1,,,,,,,,,,,
Brian Plat,NED,"DF,MF",Beerschot,24-211,2000,10,743,74,68.8,8.3,9,80,6,1,22,1,0.50,9,16,-7,-0.85,+2.36,7.5,15.4,-7.8,-0.95,+0.45
Ewoud Pletinckx,BEL,DF,OH Leuven,24-023,2000,5,404,81,37.4,4.5,5,81,4,0,,0,1.40,6,4,+2,+0.45,+1.11,5.0,5.3,-0.3,-0.07,-0.10
Tom Poitoux,BEL,GK,Standard Liège,19-151,2005,0,,,,,0,,0,0,,4,,,,,,,,,,,
Boris Popović,SRB,DF,Cercle Brugge,24-250,2000,2,158,79,14.6,1.8,2,79,1,0,,1,0.00,1,5,-4,-2.28,-1.99,1.5,3.9,-2.4,-1.34,-1.04
Dennis Praet,BEL,"MF,FW",Antwerp,30-172,1994,4,78,20,7.2,0.9,0,,0,4,20,0,3.00,2,0,+2,+2.31,+0.96,1.6,0.5,+1.0,+1.68,+1.45
Isaac Price,NIR,MF,Standard Liège,21-037,2003,12,871,73,80.6,9.7,9,88,7,3,25,0,1.25,4,9,-5,-0.52,-0.52,8.8,11.3,-2.6,-0.27,0.00
Cameron Puertas,SUI,MF,Union SG,26-076,1998,3,201,67,18.6,2.2,2,84,0,1,33,0,1.33,5,1,+4,+1.79,+2.10,4.3,1.5,+2.8,+1.26,+0.86
Joedrick Pupe,BEL,DF,Dender,27-151,1997,10,829,83,76.8,9.2,9,90,9,1,19,0,1.50,14,15,-1,-0.11,+0.97,9.7,13.1,-3.4,-0.37,+0.37
Théo Radelet,BEL,GK,OH Leuven,16-353,2007,0,,,,,0,,0,0,,1,,,,,,,,,,,
Toon Raemaekers,BEL,DF,Mechelen,24-054,2000,12,948,79,87.8,10.5,10,90,10,2,24,0,1.67,26,15,+11,+1.04,+1.73,19.4,16.7,+2.6,+0.25,+1.29
Benito Raman,BEL,FW,Mechelen,29-361,1994,8,188,24,17.4,2.1,2,49,0,6,15,0,2.25,6,2,+4,+1.91,+1.31,4.0,3.8,+0.2,+0.09,0.00
Mathias Rasmussen,NOR,MF,Union SG,26-343,1997,9,375,42,34.7,4.2,5,62,0,4,17,3,1.11,5,6,-1,-0.24,-0.50,6.4,5.3,+1.0,+0.25,-0.47
Christiaan Ravych,BEL,DF,Cercle Brugge,22-095,2002,12,"1,047",87,96.9,11.6,12,87,11,0,,0,1.00,14,20,-6,-0.52,+2.21,16.1,20.9,-4.8,-0.41,+1.21
Semm Renders,BEL,"DF,MF",Antwerp,16-321,2007,3,74,25,6.9,0.8,1,70,0,2,2,3,2.33,2,1,+1,+1.22,-0.22,1.4,0.9,+0.5,+0.59,+0.31
Tom Reyners,BEL,"MF,FW",Beerschot,24-196,2000,9,441,49,40.8,4.9,5,68,0,4,26,2,0.56,5,10,-5,-1.02,+0.95,3.9,10.7,-6.8,-1.38,-0.49
Bryan Reynolds,USA,DF,Westerlo,23-127,2001,11,940,85,87.0,10.4,11,85,8,0,,0,1.36,20,17,+3,+0.29,+2.86,17.7,16.4,+1.3,+0.13,+1.01
Federico Ricca,URU,DF,OH Leuven,29-337,1994,8,577,72,53.4,6.4,7,79,6,1,26,0,1.13,7,7,0,0.00,+0.54,6.5,5.0,+1.5,+0.23,+0.50
Jaïro Riedewald,NED,MF,Antwerp,28-054,1996,2,32,16,3.0,0.4,0,,0,2,16,0,0.00,0,0,0,0.00,-1.46,1.4,0.1,+1.2,+3.48,+3.28
Mats Rits,BEL,MF,Anderlecht,31-107,1993,10,855,86,79.2,9.5,10,86,8,0,,2,1.50,11,9,+2,+0.21,-0.19,11.9,17.5,-5.6,-0.59,-1.09
Nathan Rôdes,BEL,MF,Dender,26-327,1997,12,"1,037",86,96.0,11.5,12,86,10,0,,0,1.33,15,20,-5,-0.43,-2.53,11.4,17.3,-5.9,-0.51,-1.40
Kevin Rodríguez,ECU,FW,Union SG,24-243,2000,9,411,46,38.1,4.6,5,71,1,4,15,0,1.33,2,7,-5,-1.09,-1.90,6.2,6.7,-0.5,-0.10,-1.06
Davy Roef,BEL,GK,Gent,30-270,1994,12,"1,080",90,100.0,12.0,12,90,12,0,,0,1.50,18,12,+6,+0.50,,15.3,20.8,-5.5,-0.46,
Žan Rogelj,SVN,DF,Charleroi,24-343,1999,3,128,43,11.9,1.4,1,90,1,2,19,9,1.00,1,3,-2,-1.41,-1.50,3.1,2.8,+0.3,+0.19,-0.32
Zaid Romero,ARG,DF,Club Brugge,24-323,1999,5,352,70,32.6,3.9,4,87,3,1,5,6,1.60,4,3,+1,+0.26,-0.36,7.1,2.5,+4.6,+1.18,+0.54
Tuur Rommens,BEL,DF,Westerlo,21-221,2003,11,884,80,81.9,9.8,10,82,7,1,61,0,1.36,19,17,+2,+0.20,+1.58,17.4,14.4,+3.0,+0.31,+1.72
Eloy Room,CUW,GK,Cercle Brugge,35-270,1989,0,,,,,0,,0,0,,1,,,,,,,,,,,
Gilles Ruyssen,BEL,DF,Dender,30-137,1994,12,"1,037",86,96.0,11.5,12,86,9,0,,0,1.33,15,18,-3,-0.26,+1.83,11.7,16.6,-4.9,-0.43,+0.69
Kyriani Sabbe,BEL,DF,Club Brugge,19-286,2005,5,50,10,4.6,0.6,0,,0,5,10,1,2.20,4,1,+3,+5.40,+5.14,2.9,1.4,+1.4,+2.61,+1.88
Mujaid Sadick,ESP,DF,Genk,24-233,2000,12,"1,065",89,98.6,11.8,12,89,11,0,,0,2.33,26,14,+12,+1.01,+7.01,29.3,11.0,+18.3,+1.55,+7.52
Noah Sadiki,COD,MF,Union SG,19-321,2004,12,938,78,86.9,10.4,10,87,8,2,34,0,1.25,9,5,+4,+0.38,+2.29,16.9,9.3,+7.6,+0.73,+1.33
Hakim Sahabo,RWA,MF,Standard Liège,19-139,2005,0,,,,,0,,0,0,,2,,,,,,,,,,,
Marwan Al Sahafi,KSA,FW,Beerschot,20-259,2004,4,329,82,30.5,3.7,4,82,2,0,,0,1.00,3,7,-4,-1.09,+0.70,2.2,4.3,-2.1,-0.80,+0.38
Matisse Samoise,BEL,"DF,MF",Gent,22-347,2001,9,300,33,27.8,3.3,2,64,0,7,25,3,1.56,4,6,-2,-0.60,-1.52,3.9,6.9,-3.1,-0.92,-0.64
Ryan Sanusi,BEL,MF,Beerschot,32-302,1992,12,"1,026",86,95.0,11.4,12,86,10,0,,0,0.42,9,28,-19,-1.67,-1.67,8.7,22.5,-13.8,-1.33,-1.78
Killian Sardella,BEL,DF,Anderlecht,22-184,2002,12,993,83,91.9,11.0,11,89,7,1,18,0,1.42,14,11,+3,+0.27,+0.27,14.3,17.5,-3.2,-0.29,+0.99
Nikolas Sattlberger,AUT,MF,Genk,20-289,2004,9,547,61,50.6,6.1,6,80,4,3,22,0,2.67,15,8,+7,+1.15,+0.48,16.8,7.1,+9.7,+1.60,+0.33
Allahyar Sayyadmanesh,IRN,"FW,MF",Westerlo,23-126,2001,12,931,78,86.2,10.3,11,81,5,1,45,0,1.25,18,17,+1,+0.10,+1.30,16.4,16.0,+0.4,+0.04,+0.35
Aurélien Scheidler,FRA,FW,Dender,26-151,1998,5,275,55,25.5,3.1,4,67,0,1,7,0,1.60,3,3,0,0.00,+0.45,2.5,3.5,-1.1,-0.34,+0.15
Joël Schingtienne,BEL,DF,OH Leuven,22-082,2002,4,360,90,33.3,4.0,4,90,4,0,,0,1.50,5,3,+2,+0.50,+1.12,4.7,4.6,+0.1,+0.04,+0.06
Timo Schlieck,GER,GK,Anderlecht,18-245,2006,0,,,,,0,,0,0,,1,,,,,,,,,,,
Daniel Schmidt,JPN,GK,Gent,32-273,1992,0,,,,,0,,0,0,,12,,,,,,,,,,,
Rob Schoofs,BEL,MF,Mechelen,30-224,1994,12,"1,053",88,97.5,11.7,12,88,10,0,,0,1.67,22,14,+8,+0.68,-5.98,17.7,17.4,+0.3,+0.03,-2.60
Siebe Schrijvers,BEL,MF,OH Leuven,28-107,1996,11,552,50,51.1,6.1,8,61,2,3,21,0,1.36,7,8,-1,-0.16,+0.18,6.1,8.1,-2.0,-0.33,-0.66
Christopher Scott,GER,MF,Antwerp,22-148,2002,4,56,14,5.2,0.6,0,,0,4,14,2,1.00,2,1,+1,+1.61,+0.20,1.4,1.7,-0.3,-0.49,-0.84
Rubin Seigers,BEL,DF,Westerlo,26-296,1998,0,,,0.0,0.0,0,,0,0,,11,0.00,0,1,-1,,,,,,,
Joaquin Seys,BEL,DF,Club Brugge,19-219,2005,12,871,73,80.6,9.7,11,77,3,1,26,0,1.75,14,12,+2,+0.21,-1.52,17.2,12.2,+5.1,+0.52,-1.50
Nick Shinton,BEL,GK,Beerschot,23-176,2001,5,450,90,41.7,5.0,5,90,5,0,,5,0.80,4,10,-6,-1.20,+0.66,3.9,10.2,-6.3,-1.26,-0.29
João Silva,POR,DF,Kortrijk,25-293,1999,12,"1,047",87,96.9,11.6,12,87,11,0,,0,1.17,9,17,-8,-0.69,+4.77,11.7,16.4,-4.8,-0.41,+1.99
Jan-Carlo Simic,SRB,DF,Anderlecht,19-184,2005,10,808,81,74.8,9.0,9,87,8,1,26,1,1.70,13,8,+5,+0.56,+1.22,11.2,15.8,-4.6,-0.51,-0.58
Roko Simic,CRO,FW,Kortrijk,21-053,2003,3,128,43,11.9,1.4,1,55,0,2,37,3,0.33,1,5,-4,-2.81,-2.25,0.4,2.7,-2.4,-1.64,-1.33
Mate Šimičić,CRO,DF,Standard Liège,19-205,2005,0,,,,,0,,0,0,,1,,,,,,,,,,,
Hugo Siquet,BEL,DF,Club Brugge,22-116,2002,6,234,39,21.7,2.6,2,77,1,4,20,2,1.67,3,1,+2,+0.77,+0.34,4.7,1.7,+3.0,+1.16,+0.44
Abdoulaye Sissako,FRA,MF,Kortrijk,26-160,1998,6,274,46,25.4,3.0,3,80,2,3,11,2,1.17,3,5,-2,-0.66,+0.24,3.2,4.6,-1.5,-0.49,-0.02
Michał Skóraś,POL,"FW,MF",Club Brugge,24-261,2000,11,318,29,29.4,3.5,2,77,1,9,18,1,1.64,4,6,-2,-0.57,-1.51,6.2,5.1,+1.1,+0.31,-0.72
Andreas Skov Olsen,DEN,FW,Club Brugge,24-309,1999,11,645,59,59.7,7.2,8,72,1,3,22,0,1.64,13,6,+7,+0.98,+1.18,14.2,7.4,+6.9,+0.96,+0.35
Raf Smekens,BEL,MF,Westerlo,20-278,2004,0,,,,,0,,0,0,,3,,,,,,,,,,,
Matte Smets,BEL,DF,Genk,20-303,2004,11,948,86,87.8,10.5,10,90,10,1,48,1,2.27,22,15,+7,+0.66,-2.06,27.2,11.4,+15.8,+1.50,+0.44
Milan Smits,BEL,MF,Antwerp,19-355,2004,2,28,14,2.6,0.3,0,,0,2,14,6,2.00,0,0,0,0.00,-1.45,0.1,0.4,-0.2,-0.71,-1.04
Jordy Soladio,BEL,FW,Dender,26-264,1998,10,366,37,33.9,4.1,4,62,0,6,20,1,1.50,6,4,+2,+0.49,+1.25,4.6,4.2,+0.4,+0.10,+0.84
Thibo Somers,BEL,"FW,DF",Cercle Brugge,25-231,1999,12,959,80,88.8,10.7,12,80,9,0,,0,1.00,14,19,-5,-0.47,+1.02,15.6,18.2,-2.7,-0.25,+1.77
Momodou Sonko,SWE,"MF,FW",Gent,19-276,2005,5,71,14,6.6,0.8,0,,0,5,14,5,1.00,1,1,0,0.00,-0.54,1.4,1.8,-0.5,-0.59,-0.13
Yira Sor,NGA,FW,Genk,24-101,2000,11,578,53,53.5,6.4,5,83,0,6,27,0,2.55,16,6,+10,+1.56,+1.38,17.9,5.4,+12.5,+1.95,+1.09
Ibrahima Sory Bangoura,GUI,MF,Genk,20-302,2004,7,275,39,25.5,3.1,3,75,2,4,13,3,2.29,5,4,+1,+0.33,-0.79,7.0,2.5,+4.5,+1.47,+0.03
Christ Souanga,BEL,DF,OH Leuven,18-010,2006,0,,,,,0,,0,0,,2,,,,,,,,,,,
Massamba Sow,FRA,DF,Charleroi,20-142,2004,0,,,,,0,,0,0,,1,,,,,,,,,,,
Jorne Spileers,BEL,DF,Club Brugge,19-286,2005,3,104,35,9.6,1.2,1,90,1,2,7,5,2.33,3,1,+2,+1.73,+1.36,2.2,2.7,-0.5,-0.46,-1.41
Alexandre Stanic,BEL,FW,Antwerp,19-310,2004,1,1,1,0.1,0.0,0,,0,1,1,3,3.00,0,0,0,0.00,-1.42,0.0,0.2,-0.2,-17.26,-17.57
Lucas Stassin,BEL,FW,Westerlo,19-340,2004,5,404,81,37.4,4.5,5,81,3,0,,0,2.00,11,7,+4,+0.89,+1.56,8.9,4.9,+4.0,+0.90,+1.45
Jarne Steuckers,BEL,FW,Genk,22-272,2002,12,977,81,90.5,10.9,12,81,3,0,,0,2.33,21,13,+8,+0.74,-1.88,26.1,10.6,+15.5,+1.43,-0.13
Nikola Storm,BEL,"FW,MF",Mechelen,30-033,1994,11,731,66,67.7,8.1,9,71,0,2,45,1,1.73,18,8,+10,+1.23,+1.23,13.4,8.8,+4.6,+0.57,+1.48
Mario Stroeykens,BEL,"MF,FW",Anderlecht,20-034,2004,12,773,64,71.6,8.6,9,79,2,3,22,0,1.42,9,9,0,0.00,-0.88,11.0,15.2,-4.3,-0.50,-0.46
Franck Surdez,SUI,"MF,FW",Gent,22-181,2002,12,832,69,77.0,9.2,11,74,1,1,21,0,1.50,15,10,+5,+0.54,+0.18,12.0,15.5,-3.5,-0.38,+0.35
Bosko Sutalo,CRO,DF,Standard Liège,24-306,2000,12,"1,014",85,93.9,11.3,12,85,9,0,,0,1.25,7,11,-4,-0.36,+1.01,11.7,14.5,-2.9,-0.26,+0.20
Serhiy Sydorchuk,UKR,MF,Westerlo,33-184,1991,2,29,15,2.7,0.3,0,,0,2,15,7,1.50,2,2,0,0.00,+0.09,0.9,1.7,-0.8,-2.25,-2.31
Ross Sykes,ENG,DF,Union SG,25-221,1999,1,90,90,8.3,1.0,1,90,1,0,,4,0.00,1,3,-2,-2.00,-2.27,1.5,1.8,-0.3,-0.27,-0.90
Dembo Sylla,GUI,DF,Dender,21-358,2002,3,101,34,9.4,1.1,1,69,0,2,16,2,0.67,0,2,-2,-1.78,-1.60,0.4,2.2,-1.9,-1.67,-1.34
Youssuf Sylla,BEL,FW,Charleroi,21-319,2002,11,371,34,34.4,4.1,3,62,0,8,23,1,1.18,5,4,+1,+0.24,+0.50,7.0,6.9,+0.1,+0.03,-0.66
Anas Tajaouart,BEL,MF,Anderlecht,19-056,2005,0,,,,,0,,0,0,,1,,,,,,,,,,,
Tomoki Takamine,JPN,MF,Kortrijk,26-309,1997,11,479,44,44.4,5.3,5,75,1,6,17,0,1.27,2,10,-8,-1.50,-1.20,4.5,9.4,-4.9,-0.93,-0.82
Chemsdine Talbi,BEL,FW,Club Brugge,19-177,2005,7,189,27,17.5,2.1,1,89,0,6,17,3,2.00,7,2,+5,+2.38,+2.28,5.8,3.1,+2.7,+1.29,+0.57
Shogo Taniguchi,JPN,DF,Sint-Truiden,33-110,1991,11,845,77,78.2,9.4,10,82,9,1,21,0,1.27,14,13,+1,+0.11,+2.02,14.9,11.0,+3.9,+0.41,+2.34
Abdoul-Fessal Tapsoba,BFA,FW,Standard Liège,23-071,2001,0,,,,,0,,0,0,,1,,,,,,,,,,,
Henok Teklab,GER,DF,Union SG,25-352,1998,3,212,71,19.6,2.4,3,71,0,0,,1,2.33,2,1,+1,+0.42,+0.42,2.7,0.8,+1.9,+0.83,+0.34
Casper Terho,FIN,"DF,FW",Union SG,21-131,2003,9,436,48,40.4,4.8,4,82,3,5,22,1,1.00,4,3,+1,+0.21,+0.21,9.8,4.3,+5.5,+1.13,+0.96
Cheik Thiam,GUI,DF,Beerschot,21-036,2003,0,,,,,0,,0,0,,4,,,,,,,,,,,
Jean Thierry Lazare,CIV,"MF,FW",Union SG,26-240,1998,8,276,35,25.6,3.1,2,74,0,6,21,2,1.38,4,3,+1,+0.33,+0.33,6.0,3.1,+3.0,+0.97,+0.56
Yannick Thoelen,BEL,GK,Mechelen,34-107,1990,0,,,,,0,,0,0,,12,,,,,,,,,,,
Yassine Titraoui,ALG,MF,Charleroi,21-099,2003,6,134,22,12.4,1.5,0,,0,6,22,6,1.00,1,1,0,0.00,+0.10,2.4,2.6,-0.2,-0.11,-0.66
Jordan Torunarigha,GER,DF,Gent,27-087,1997,7,507,72,46.9,5.6,6,83,5,1,12,2,1.57,10,8,+2,+0.36,-0.27,7.1,10.8,-3.8,-0.67,-0.39
Ahmed Touba,ALG,DF,Mechelen,26-235,1998,6,495,83,45.8,5.5,5,90,5,1,45,0,2.00,16,4,+12,+2.18,+2.49,11.3,5.4,+5.8,+1.06,+1.79
Mamadou Traoré,MLI,DF,Union SG,22-213,2002,1,21,21,1.9,0.2,0,,0,1,21,1,3.00,1,0,+1,+4.29,+4.29,1.1,0.1,+1.0,+4.22,+3.74
Daniel Tshilanda,BEL,DF,Union SG,18-189,2006,0,,,,,0,,0,0,,1,,,,,,,,,,,
Derrick Tshimanga,BEL,DF,Beerschot,35-362,1988,9,765,85,70.8,8.5,9,85,8,0,,3,0.11,6,23,-17,-2.00,-1.43,7.0,16.0,-9.0,-1.20,-0.28
Antef Tsoungui,BEL,DF,OH Leuven,21-308,2002,2,46,23,4.3,0.5,0,,0,2,23,2,1.50,1,1,0,0.00,+0.26,0.9,0.1,+0.8,+1.62,+1.70
Christos Tzolis,GRE,"FW,MF",Club Brugge,22-277,2002,12,863,72,79.9,9.6,11,76,2,1,25,0,1.75,14,13,+1,+0.10,-1.97,19.1,12.4,+6.8,+0.71,-0.53
Victor Udoh,NGA,"FW,DF",Antwerp,20-015,2004,10,82,8,7.6,0.9,0,,0,10,8,2,2.00,2,0,+2,+2.20,+0.84,2.9,0.9,+2.1,+3.10,+2.96
Robbie Ure,SCO,FW,Anderlecht,20-250,2004,0,,,,,0,,0,0,,1,,,,,,,,,,,
Edgaras Utkus,LTU,"DF,MF",Cercle Brugge,24-133,2000,4,154,39,14.3,1.7,2,53,1,2,24,0,1.50,3,3,0,0.00,+0.68,3.8,2.7,+1.1,+0.64,+1.26
Anthony Valencia,ECU,FW,Antwerp,21-104,2003,11,298,27,27.6,3.3,2,79,1,9,16,1,1.82,11,2,+9,+2.72,+1.80,5.9,3.5,+2.4,+1.02,+0.90
Jules Van Cleemput,BEL,DF,Mechelen,27-205,1997,5,235,47,21.8,2.6,4,52,0,1,26,1,1.40,4,6,-2,-0.77,-2.04,4.2,3.4,+0.8,+0.29,+0.25
Hendrik Van Crombrugge,BEL,GK,Genk,31-186,1993,10,900,90,83.3,10.0,10,90,10,0,,2,2.70,25,12,+13,+1.30,+2.30,25.0,10.7,+14.4,+1.44,-0.04
Zeno Van den Bosch,BEL,DF,Antwerp,21-119,2003,12,"1,079",90,99.9,12.0,12,90,11,0,,0,1.92,24,8,+16,+1.33,-88.67,17.8,14.2,+3.6,+0.32,+0.27
Thomas Van den Keybus,BEL,"FW,MF",Westerlo,23-191,2001,7,132,19,12.2,1.5,1,65,0,6,11,2,1.43,1,4,-3,-2.05,-2.24,2.0,4.7,-2.6,-1.82,-2.06
Hannes Van der Bruggen,BEL,MF,Cercle Brugge,31-215,1993,11,762,69,70.6,8.5,10,72,3,1,45,0,1.00,9,17,-8,-0.94,-1.23,11.2,15.1,-3.9,-0.46,-0.04
Rein Van Helden,BEL,DF,Sint-Truiden,22-101,2002,12,"1,071",89,99.2,11.9,12,89,10,0,,0,1.17,16,21,-5,-0.42,-10.42,15.5,17.2,-1.7,-0.14,-5.12
Axl Van Himbeeck,BEL,MF,Beerschot,19-239,2005,0,,,,,0,,0,0,,3,,,,,,,,,,,
Koen Van Langendonck,BEL,GK,Westerlo,35-146,1989,1,90,90,8.3,1.0,1,90,1,0,,6,0.00,0,2,-2,-2.00,-2.09,1.0,3.8,-2.8,-2.81,-3.05
Jasper Van Oudenhove,BEL,"MF,DF",Dender,25-365,1998,3,57,19,5.3,0.6,0,,0,3,19,3,2.33,0,0,0,0.00,+0.35,1.2,0.7,+0.5,+0.85,+1.37
Hans Vanaken,BEL,MF,Club Brugge,32-070,1992,12,"1,053",88,97.5,11.7,12,88,11,0,,0,1.75,20,14,+6,+0.51,+0.51,23.7,14.6,+9.1,+0.78,-1.47
Zalán Vancsa,HUN,MF,Gent,20-006,2004,2,85,43,7.9,0.9,1,63,0,1,22,2,2.00,2,0,+2,+2.12,+1.76,0.8,1.1,-0.3,-0.33,+0.15
Tom Vandenberghe,BEL,GK,Kortrijk,32-077,1992,1,90,90,8.3,1.0,1,90,1,0,,0,3.00,1,0,+1,+1.00,+2.00,1.4,0.9,+0.5,+0.47,+1.02
Gerard Vandeplas,BEL,FW,Antwerp,18-251,2006,1,7,7,0.6,0.1,0,,0,1,7,4,3.00,1,0,+1,+12.86,+11.52,1.0,0.0,+1.0,+12.41,+12.18
Zinho Vanheusden,BEL,DF,Mechelen,25-096,1999,1,90,90,8.3,1.0,1,90,1,0,,1,1.00,0,0,0,0.00,-0.91,0.5,0.7,-0.2,-0.18,-0.30
Charles Vanhoutte,BEL,MF,Union SG,26-047,1998,12,"1,010",84,93.5,11.2,11,90,11,1,20,0,1.25,10,10,0,0.00,-1.29,18.2,12.3,+5.9,+0.53,-0.44
Timon Vanhoutte,BEL,GK,Anderlecht,20-278,2004,0,,,,,0,,0,0,,3,,,,,,,,,,,
Robert-Jan Vanwesemael,BEL,"DF,MF",Sint-Truiden,22-221,2002,12,621,52,57.5,6.9,7,73,1,5,22,0,1.17,12,15,-3,-0.43,-0.24,9.4,11.2,-1.9,-0.27,-0.41
Hélio Varela,CPV,"MF,DF",Gent,22-183,2002,4,60,15,5.6,0.7,0,,0,4,15,4,1.75,1,2,-1,-1.50,-2.12,1.0,1.7,-0.8,-1.18,-0.76
Óscar Vargas,BEL,DF,Beerschot,18-276,2006,1,11,11,1.0,0.1,0,,0,1,11,5,0.00,0,1,-1,-8.18,-6.67,0.0,1.0,-1.0,-7.87,-6.85
Luis Vázquez,ARG,"FW,MF",Anderlecht,23-283,2001,11,240,22,22.2,2.7,1,45,0,10,20,0,1.55,6,2,+4,+1.50,+1.61,5.8,4.8,+1.0,+0.37,+0.95
Thibaud Verlinden,BEL,"MF,FW",Beerschot,25-116,1999,10,794,79,73.5,8.8,10,79,7,0,,0,0.40,8,19,-11,-1.25,+1.27,8.3,19.0,-10.7,-1.21,-0.45
Romeo Vermant,BEL,"FW,MF",Club Brugge,20-283,2004,8,235,29,21.8,2.6,2,73,0,6,15,3,2.38,7,1,+6,+2.30,+2.30,7.3,3.3,+4.0,+1.55,+0.94
Michael Verrips,NED,GK,Dender,27-335,1996,11,941,86,87.1,10.5,11,86,10,0,,0,1.45,16,15,+1,+0.10,+3.33,10.9,14.5,-3.6,-0.35,+0.83
Yari Verschaeren,BEL,"MF,FW",Anderlecht,23-113,2001,12,807,67,74.7,9.0,10,75,4,2,30,0,1.42,12,9,+3,+0.33,+0.33,10.5,13.6,-3.0,-0.34,+0.11
Birger Verstraete,BEL,MF,OH Leuven,30-200,1994,11,880,80,81.5,9.8,10,86,7,1,22,0,1.36,12,11,+1,+0.10,+1.90,10.4,10.0,+0.4,+0.04,+0.25
Andreas Verstraeten,BEL,MF,Antwerp,18-297,2006,1,87,87,8.1,1.0,1,87,0,0,,3,3.00,2,0,+2,+2.07,+0.71,1.6,0.9,+0.6,+0.67,+0.40
Jan Vertonghen,BEL,DF,Anderlecht,37-192,1987,2,180,90,16.7,2.0,2,90,2,0,,0,3.00,3,1,+2,+1.00,+0.90,1.7,2.5,-0.8,-0.40,-0.04
Hugo Vetlesen,NOR,MF,Club Brugge,24-247,2000,11,701,64,64.9,7.8,9,74,2,2,18,1,1.64,10,9,+1,+0.13,-1.06,14.8,8.6,+6.2,+0.79,-0.07
Malcolm Viltard,FRA,MF,Dender,22-009,2002,12,673,56,62.3,7.5,8,71,2,4,26,0,1.33,11,13,-2,-0.27,+0.17,7.6,11.9,-4.2,-0.57,-0.30
Thibault Vlietinck,BEL,DF,OH Leuven,27-075,1997,9,302,34,28.0,3.4,4,55,0,5,16,3,1.22,5,6,-1,-0.30,-0.07,3.7,5.0,-1.3,-0.40,-0.55
Luka Vušković,CRO,DF,Westerlo,17-252,2007,12,"1,035",86,95.8,11.5,12,86,11,0,,0,1.25,19,20,-1,-0.09,-0.09,18.9,18.9,0.0,0.00,+0.20
Sandy Walsh,IDN,"DF,MF",Mechelen,29-233,1995,4,123,31,11.4,1.4,1,60,0,3,21,5,2.50,3,1,+2,+1.46,+0.71,1.7,3.8,-2.1,-1.54,-1.84
Warleson,BRA,GK,Cercle Brugge,28-063,1996,9,810,90,75.0,9.0,9,90,9,0,,0,0.89,11,17,-6,-0.67,-0.33,12.3,17.7,-5.4,-0.60,-0.60
Tsuyoshi Watanabe,JPN,DF,Gent,27-271,1997,12,"1,080",90,100.0,12.0,12,90,12,0,,0,1.50,18,12,+6,+0.50,,15.3,20.8,-5.5,-0.46,
Marco Weymans,BDI,"DF,MF",Beerschot,27-116,1997,8,473,59,43.8,5.3,4,67,1,4,52,3,0.13,5,17,-12,-2.28,-1.25,4.0,8.9,-4.9,-1.08,+0.02
D'Margio Wright-Phillips,ENG,"FW,MF",Beerschot,23-039,2001,7,114,16,10.6,1.3,0,,0,7,16,2,0.14,1,4,-3,-2.37,-0.88,0.7,3.3,-2.6,-2.04,-1.06
Rihito Yamamoto,JPN,MF,Sint-Truiden,22-326,2001,8,585,73,54.2,6.5,7,82,4,1,13,1,1.25,10,11,-1,-0.15,+0.39,6.8,7.9,-1.1,-0.17,-0.15
Elton Yeboah,BEL,"MF,DF",Mechelen,19-222,2005,2,12,6,1.1,0.1,0,,0,2,6,10,1.50,1,1,0,0.00,-0.84,0.8,1.2,-0.4,-2.99,-3.11
Daisuke Yokota,JPN,MF,Gent,24-140,2000,3,231,77,21.4,2.6,3,77,0,0,,1,1.00,2,1,+1,+0.39,-0.14,2.1,3.3,-1.2,-0.48,-0.03
Griffin Yow,USA,"FW,MF",Westerlo,22-038,2002,6,259,43,24.0,2.9,2,63,0,4,34,0,0.83,1,5,-4,-1.39,-1.72,3.6,6.6,-3.0,-1.04,-1.35
Alhassan Yusuf,NGA,"MF,DF",Antwerp,24-107,2000,1,7,7,0.6,0.1,0,,0,1,7,1,3.00,0,0,0,0.00,-1.43,0.0,0.2,-0.2,-2.69,-3.02
Kahveh Zahiroleslam,USA,FW,Sint-Truiden,22-142,2002,12,935,78,86.6,10.4,12,78,5,0,,0,1.17,11,17,-6,-0.58,-1.82,12.5,14.7,-2.2,-0.21,-0.82
Andi Zeqiri,SUI,"MF,FW",Genk,25-133,1999,2,47,24,4.4,0.5,0,,0,2,24,3,0.50,1,1,0,0.00,-0.96,1.9,0.6,+1.3,+2.41,+1.01
Andi Zeqiri,SUI,FW,Standard Liège,25-133,1999,6,445,74,41.2,4.9,6,74,0,0,,0,1.17,5,6,-1,-0.20,+0.36,6.9,6.0,+0.9,+0.17,+0.75
Ilyes Ziani,MAR,"FW,MF",Standard Liège,21-135,2003,0,,,,,0,,0,0,,1,,,,,,,,,,,
Adem Zorgane,ALG,MF,Charleroi,24-301,2000,12,"1,073",89,99.4,11.9,12,89,11,0,,0,1.17,13,14,-1,-0.08,-0.08,18.6,13.2,+5.4,+0.45,-2.24
Viktor Đukanović,MNE,"DF,MF",Standard Liège,20-278,2004,4,47,12,4.4,0.5,0,,0,4,12,5,0.25,0,1,-1,-1.91,-1.57,0.1,1.7,-1.6,-3.06,-2.93
