Joueur,Nation,Pos,Équipe,Âge,Naissance,MJ,Titulaire,Min,90,Buts,PD,B+PD,B-PénM,PénM,PénT,CJ,CR,xG,npxG,xAG,npxG+xAG,PrgC,PrgP,PrgR,Buts/90,PD/90,B+PD/90,B-PénM/90,B+PD-PénM/90,xG/90,xAG/90,xG+xAG/90,npxG/90,npxG+xAG/90,Player href
James Abankwah,IRL,DF,Udinese,20-272,2004,1,0,1,0.0,0,0,0,0,0,0,0,0,0.0,0.0,0.0,0.0,0,0,0,0.00,0.00,0.00,0.00,0.00,0.00,0.00,0.00,0.00,0.00,https://fbref.com/fr/joueurs/4b7a9fcc/James-Abankwah
Oliver Abildgaard,DEN,MT,Como,28-126,1996,1,0,7,0.1,0,0,0,0,0,0,0,0,0.0,0.0,0.0,0.0,0,0,0,0.00,0.00,0.00,0.00,0.00,0.00,0.00,0.00,0.00,0.00,https://fbref.com/fr/joueurs/8f5cdf66/Oliver-Abildgaard
Tammy Abraham,ENG,AT,Roma,27-012,1997,1,0,1,0.0,0,0,0,0,0,0,0,0,0.0,0.0,0.0,0.0,0,1,2,0.00,0.00,0.00,0.00,0.00,0.00,0.00,0.00,0.00,0.00,https://fbref.com/fr/joueurs/f586779e/Tammy-Abraham
Tammy Abraham,ENG,AT,Milan,27-012,1997,5,4,347,3.9,1,1,2,0,1,2,0,0,2.9,1.3,0.3,1.6,1,3,23,0.26,0.26,0.52,0.00,0.26,0.76,0.08,0.84,0.33,0.41,https://fbref.com/fr/joueurs/f586779e/Tammy-Abraham
Federico Accornero,ITA,MT,Genoa,20-252,2004,1,0,5,0.1,0,0,0,0,0,0,0,0,0.0,0.0,0.0,0.0,0,0,0,0.00,0.00,0.00,0.00,0.00,0.00,0.00,0.00,0.00,0.00,https://fbref.com/fr/joueurs/83763653/Federico-Accornero
Francesco Acerbi,ITA,DF,Inter,36-247,1988,6,6,540,6.0,0,1,1,0,0,0,0,0,0.2,0.2,0.2,0.3,5,25,4,0.00,0.17,0.17,0.00,0.17,0.03,0.03,0.06,0.03,0.06,https://fbref.com/fr/joueurs/b96b595c/Francesco-Acerbi
Che Adams,SCO,"AT,MT",Torino,28-093,1996,7,4,386,4.3,3,1,4,3,0,0,0,0,1.5,1.5,0.7,2.2,3,4,20,0.70,0.23,0.93,0.70,0.93,0.35,0.17,0.52,0.35,0.52,https://fbref.com/fr/joueurs/f2bf1b0f/Che-Adams
Yacine Adli,FRA,MT,Fiorentina,24-077,2000,5,1,143,1.6,1,1,2,1,0,0,0,0,0.0,0.0,0.2,0.2,5,7,2,0.63,0.63,1.26,0.63,1.26,0.02,0.11,0.13,0.02,0.13,https://fbref.com/fr/joueurs/26777636/Yacine-Adli
Michel Aebischer,SUI,MT,Bologna,27-282,1997,7,5,378,4.2,0,0,0,0,0,0,0,0,0.2,0.2,0.3,0.4,4,19,9,0.00,0.00,0.00,0.00,0.00,0.04,0.06,0.10,0.04,0.10,https://fbref.com/fr/joueurs/f9c927de/Michel-Aebischer
Honest Ahanor,ITA,DF,Genoa,16-234,2008,1,1,68,0.8,0,0,0,0,0,0,0,0,0.0,0.0,0.0,0.0,1,2,2,0.00,0.00,0.00,0.00,0.00,0.00,0.00,0.00,0.00,0.00,https://fbref.com/fr/joueurs/42ff58c3/Honest-Ahanor
David Akpan Ankeye,NGA,AT,Genoa,22-243,2002,2,0,27,0.3,0,0,0,0,0,0,0,0,0.0,0.0,0.0,0.0,0,1,2,0.00,0.00,0.00,0.00,0.00,0.00,0.00,0.00,0.00,0.00,https://fbref.com/fr/joueurs/8c4b95af/David-Akpan-Ankeye
Faride Alidou,GER,"AT,MT",Hellas Verona,23-088,2001,2,0,59,0.7,0,0,0,0,0,0,0,0,0.0,0.0,0.0,0.0,0,1,2,0.00,0.00,0.00,0.00,0.00,0.01,0.03,0.04,0.01,0.04,https://fbref.com/fr/joueurs/00f518d8/Faride-Alidou
Pontus Almqvist,SWE,AT,Parma,25-096,1999,6,0,169,1.9,1,1,2,1,0,0,0,0,0.5,0.5,0.8,1.3,11,2,14,0.53,0.53,1.07,0.53,1.07,0.25,0.44,0.70,0.25,0.70,https://fbref.com/fr/joueurs/0917188a/Pontus-Almqvist
Giorgio Altare,ITA,DF,Venezia,26-066,1998,3,2,194,2.2,0,0,0,0,0,0,1,0,0.2,0.2,0.0,0.2,2,4,2,0.00,0.00,0.00,0.00,0.00,0.07,0.00,0.07,0.07,0.07,https://fbref.com/fr/joueurs/aa5322d5/Giorgio-Altare
Sofyan Amrabat,MAR,MT,Fiorentina,28-054,1996,2,2,180,2.0,0,0,0,0,0,0,0,0,0.0,0.0,0.1,0.1,2,14,1,0.00,0.00,0.00,0.00,0.00,0.00,0.03,0.03,0.00,0.03,https://fbref.com/fr/joueurs/5a2cb25d/Sofyan-Amrabat
Angeliño,ESP,DF,Roma,27-284,1997,7,7,610,6.8,0,0,0,0,0,0,0,0,0.2,0.2,0.2,0.4,17,63,23,0.00,0.00,0.00,0.00,0.00,0.03,0.03,0.07,0.03,0.07,https://fbref.com/fr/joueurs/30941e96/Angelino
Lorenzo Anghelè,ITA,AT,Juventus,19-231,2005,1,0,6,0.1,0,0,0,0,0,0,0,0,0.0,0.0,0.0,0.0,0,1,0,0.00,0.00,0.00,0.00,0.00,0.00,0.00,0.00,0.00,0.00,https://fbref.com/fr/joueurs/b2f3d550/Lorenzo-Anghele
Faustino Anjorin,ENG,MT,Empoli,22-326,2001,4,3,219,2.4,0,1,1,0,0,0,0,0,0.2,0.2,0.4,0.5,7,8,4,0.00,0.41,0.41,0.00,0.41,0.06,0.16,0.22,0.06,0.22,https://fbref.com/fr/joueurs/b105919e/Faustino-Anjorin
Marko Arnautović,AUT,AT,Inter,35-178,1989,3,0,40,0.4,0,0,0,0,0,0,0,0,0.9,0.9,0.0,0.9,1,3,9,0.00,0.00,0.00,0.00,0.00,1.96,0.00,1.96,1.96,1.96,https://fbref.com/fr/joueurs/00459419/Marko-Arnautovic
Kristjan Asllani,ALB,MT,Inter,22-219,2002,5,1,145,1.6,0,0,0,0,0,0,2,0,0.4,0.4,0.6,1.0,3,11,7,0.00,0.00,0.00,0.00,0.00,0.22,0.37,0.59,0.22,0.59,https://fbref.com/fr/joueurs/0fdcef0e/Kristjan-Asllani
Arthur Atta,FRA,MT,Udinese,21-274,2003,2,0,30,0.3,0,0,0,0,0,0,0,0,0.0,0.0,0.1,0.1,0,2,2,0.00,0.00,0.00,0.00,0.00,0.00,0.16,0.16,0.00,0.16,https://fbref.com/fr/joueurs/d3ddf88b/Arthur-Atta
Emil Audero,ITA,GB,Como,27-270,1997,4,4,360,4.0,0,0,0,0,0,0,0,0,0.0,0.0,0.0,0.0,0,0,0,0.00,0.00,0.00,0.00,0.00,0.00,0.00,0.00,0.00,0.00,https://fbref.com/fr/joueurs/649b01d8/Emil-Audero
Tommaso Augello,ITA,"DF,AT",Cagliari,30-045,1994,7,6,492,5.5,0,0,0,0,0,0,0,0,0.1,0.1,0.6,0.6,14,24,23,0.00,0.00,0.00,0.00,0.00,0.01,0.10,0.12,0.01,0.12,https://fbref.com/fr/joueurs/3cd3b384/Tommaso-Augello
Carlos Augusto,BRA,DF,Inter,25-281,1999,6,1,190,2.1,0,0,0,0,0,0,0,0,0.3,0.3,0.0,0.3,4,10,11,0.00,0.00,0.00,0.00,0.00,0.14,0.00,0.14,0.14,0.14,https://fbref.com/fr/joueurs/8d3cd59d/Carlos-Augusto
Yann Aurel Bisseck,GER,DF,Inter,23-320,2000,3,3,225,2.5,0,0,0,0,0,0,1,0,0.2,0.2,0.0,0.2,6,19,14,0.00,0.00,0.00,0.00,0.00,0.08,0.00,0.08,0.08,0.08,https://fbref.com/fr/joueurs/3963c25b/Yann-Aurel-Bisseck
Paulo Azzi,BRA,DF,Cagliari,30-091,1994,5,4,336,3.7,0,0,0,0,0,0,1,0,0.5,0.5,0.9,1.4,14,12,19,0.00,0.00,0.00,0.00,0.00,0.14,0.24,0.38,0.14,0.38,https://fbref.com/fr/joueurs/967ac202/Paulo-Azzi
Milan Badelj,CRO,MT,Genoa,35-232,1989,6,6,399,4.4,0,0,0,0,0,0,0,0,0.2,0.2,0.3,0.5,3,20,5,0.00,0.00,0.00,0.00,0.00,0.05,0.06,0.11,0.05,0.11,https://fbref.com/fr/joueurs/e8c930bb/Milan-Badelj
Mitchel Bakker,NED,MT,Atalanta,24-116,2000,1,0,22,0.2,0,0,0,0,0,0,0,0,0.0,0.0,0.0,0.0,0,1,1,0.00,0.00,0.00,0.00,0.00,0.00,0.00,0.00,0.00,0.00,https://fbref.com/fr/joueurs/a8567629/Mitchel-Bakker
Tommaso Baldanzi,ITA,"MT,DF",Roma,21-205,2003,7,0,156,1.7,1,1,2,1,0,0,0,0,0.6,0.6,0.1,0.7,13,4,9,0.58,0.58,1.15,0.58,1.15,0.33,0.08,0.41,0.33,0.41,https://fbref.com/fr/joueurs/102e2599/Tommaso-Baldanzi
Botond Balogh,HUN,DF,Parma,22-130,2002,7,7,579,6.4,0,0,0,0,0,0,1,0,0.0,0.0,0.0,0.0,1,11,0,0.00,0.00,0.00,0.00,0.00,0.00,0.00,0.00,0.00,0.00,https://fbref.com/fr/joueurs/348bafd4/Botond-Balogh
Lameck Banda,ZAM,"AT,MT",Lecce,23-259,2001,5,2,240,2.7,0,0,0,0,0,0,1,0,0.6,0.6,0.4,1.0,10,4,22,0.00,0.00,0.00,0.00,0.00,0.21,0.16,0.38,0.21,0.38,https://fbref.com/fr/joueurs/8a6de8c7/Lameck-Banda
Daniel Bandeira,POR,MT,Hellas Verona,24-186,2000,5,3,241,2.7,0,0,0,0,0,0,0,0,0.0,0.0,0.0,0.1,1,14,1,0.00,0.00,0.00,0.00,0.00,0.01,0.01,0.02,0.01,0.02,https://fbref.com/fr/joueurs/56fca564/Daniel-Bandeira
Mattia Bani,ITA,DF,Genoa,30-309,1993,5,5,359,4.0,0,0,0,0,0,0,1,0,0.1,0.1,0.0,0.1,3,2,1,0.00,0.00,0.00,0.00,0.00,0.02,0.00,0.02,0.02,0.02,https://fbref.com/fr/joueurs/0821331c/Mattia-Bani
Antonín Barák,CZE,MT,Fiorentina,29-316,1994,1,1,54,0.6,0,0,0,0,0,0,0,0,0.1,0.1,0.3,0.4,2,2,5,0.00,0.00,0.00,0.00,0.00,0.13,0.47,0.60,0.13,0.60,https://fbref.com/fr/joueurs/01efac19/Antonin-Barak
Federico Barba,ITA,DF,Como,31-043,1993,2,2,180,2.0,0,0,0,0,0,0,0,0,0.0,0.0,0.0,0.0,2,8,0,0.00,0.00,0.00,0.00,0.00,0.00,0.00,0.00,0.00,0.00,https://fbref.com/fr/joueurs/c010b898/Federico-Barba
Nicolò Barella,ITA,MT,Inter,27-250,1997,4,4,312,3.5,1,1,2,1,0,0,0,0,0.2,0.2,0.7,0.9,2,22,10,0.29,0.29,0.58,0.29,0.58,0.05,0.21,0.26,0.05,0.26,https://fbref.com/fr/joueurs/6928979a/Nicolo-Barella
Davide Bartesaghi,ITA,DF,Milan,18-290,2005,1,0,5,0.1,0,0,0,0,0,0,0,1,0.0,0.0,0.0,0.0,0,0,0,0.00,0.00,0.00,0.00,0.00,0.00,0.00,0.00,0.00,0.00,https://fbref.com/fr/joueurs/7e0b6c50/Davide-Bartesaghi
Federico Baschirotto,ITA,DF,Lecce,28-024,1996,7,7,630,7.0,0,0,0,0,0,0,2,0,0.2,0.2,0.0,0.2,1,7,1,0.00,0.00,0.00,0.00,0.00,0.03,0.00,0.03,0.03,0.03,https://fbref.com/fr/joueurs/5a08ee41/Federico-Baschirotto
Daniele Baselli,ITA,MT,Como,32-216,1992,2,1,22,0.2,0,0,0,0,0,0,0,0,0.0,0.0,0.0,0.0,2,4,0,0.00,0.00,0.00,0.00,0.00,0.00,0.00,0.00,0.00,0.00,https://fbref.com/fr/joueurs/ea06dd97/Daniele-Baselli
Alessandro Bastoni,ITA,DF,Inter,25-184,1999,6,6,476,5.3,0,1,1,0,0,0,0,0,0.1,0.1,0.3,0.4,16,42,24,0.00,0.19,0.19,0.00,0.19,0.02,0.06,0.08,0.02,0.08,https://fbref.com/fr/joueurs/75b86fb3/Alessandro-Bastoni
Reda Belahyane,MAR,MT,Hellas Verona,20-135,2004,7,6,610,6.8,0,1,1,0,0,0,3,0,0.1,0.1,0.4,0.5,6,36,2,0.00,0.15,0.15,0.00,0.15,0.02,0.05,0.07,0.02,0.07,https://fbref.com/fr/joueurs/705a1642/Reda-Belahyane
Raoul Bellanova,ITA,DF,Torino,24-150,2000,1,1,87,1.0,0,0,0,0,0,0,0,0,0.0,0.0,0.1,0.1,4,0,5,0.00,0.00,0.00,0.00,0.00,0.03,0.07,0.11,0.03,0.11,https://fbref.com/fr/joueurs/e3756e72/Raoul-Bellanova
Raoul Bellanova,ITA,DF,Atalanta,24-150,2000,5,5,376,4.2,0,0,0,0,0,0,1,0,0.3,0.3,0.7,1.0,7,14,32,0.00,0.00,0.00,0.00,0.00,0.07,0.16,0.23,0.07,0.23,https://fbref.com/fr/joueurs/e3756e72/Raoul-Bellanova
Andrea Belotti,ITA,AT,Como,30-299,1993,6,3,208,2.3,1,0,1,1,0,0,0,0,1.0,1.0,0.2,1.2,2,3,13,0.43,0.00,0.43,0.43,0.43,0.45,0.07,0.52,0.45,0.52,https://fbref.com/fr/joueurs/d705ba44/Andrea-Belotti
Lucas Beltrán,ARG,"MT,AT",Fiorentina,23-199,2001,3,1,89,1.0,0,0,0,0,0,0,0,0,0.2,0.2,0.0,0.2,1,7,9,0.00,0.00,0.00,0.00,0.00,0.20,0.01,0.21,0.20,0.21,https://fbref.com/fr/joueurs/482d2bc3/Lucas-Beltran
Ismaël Bennacer,ALG,MT,Milan,26-318,1997,1,1,58,0.6,0,0,0,0,0,0,0,0,0.0,0.0,0.1,0.1,0,4,0,0.00,0.00,0.00,0.00,0.00,0.00,0.14,0.14,0.00,0.14,https://fbref.com/fr/joueurs/db092d3b/Ismael-Bennacer
Medon Berisha,ALB,"MT,AT",Lecce,20-359,2003,3,1,83,0.9,0,0,0,0,0,0,0,0,0.1,0.1,0.1,0.3,2,5,6,0.00,0.00,0.00,0.00,0.00,0.13,0.15,0.27,0.13,0.27,https://fbref.com/fr/joueurs/9d376bef/Medon-Berisha
Adrian Bernabe,ESP,MT,Parma,23-141,2001,7,7,617,6.9,0,0,0,0,0,0,1,0,0.3,0.3,0.6,0.9,16,51,5,0.00,0.00,0.00,0.00,0.00,0.04,0.09,0.13,0.04,0.13,https://fbref.com/fr/joueurs/548672b4/Adrian-Bernabe
Sam Beukema,NED,DF,Bologna,25-332,1998,7,6,585,6.5,0,1,1,0,0,0,0,0,0.2,0.2,0.6,0.7,6,35,1,0.00,0.15,0.15,0.00,0.15,0.02,0.09,0.11,0.02,0.11,https://fbref.com/fr/joueurs/de13cee5/Sam-Beukema
Alessandro Bianco,ITA,MT,Monza,22-013,2002,4,3,253,2.8,0,0,0,0,0,0,0,0,0.1,0.1,0.1,0.2,7,14,2,0.00,0.00,0.00,0.00,0.00,0.02,0.03,0.05,0.02,0.05,https://fbref.com/fr/joueurs/d65cf468/Alessandro-Bianco
Alessandro Bianco,ITA,MT,Fiorentina,22-013,2002,1,0,18,0.2,0,0,0,0,0,0,0,0,0.0,0.0,0.0,0.0,0,0,1,0.00,0.00,0.00,0.00,0.00,0.00,0.00,0.00,0.00,0.00,https://fbref.com/fr/joueurs/d65cf468/Alessandro-Bianco
Jaka Bijol,SVN,DF,Udinese,25-252,1999,7,7,630,7.0,0,0,0,0,0,0,1,0,0.1,0.1,0.0,0.1,3,14,0,0.00,0.00,0.00,0.00,0.00,0.01,0.01,0.02,0.01,0.02,https://fbref.com/fr/joueurs/6fdac234/Jaka-Bijol
Cristiano Biraghi,ITA,DF,Fiorentina,32-043,1992,6,5,419,4.7,1,0,1,1,0,0,1,0,0.1,0.1,0.2,0.4,3,14,17,0.21,0.00,0.21,0.21,0.21,0.03,0.05,0.08,0.03,0.08,https://fbref.com/fr/joueurs/9e1577aa/Cristiano-Biraghi
Samuele Birindelli,ITA,DF,Monza,25-087,1999,2,2,174,1.9,0,0,0,0,0,0,0,0,0.0,0.0,0.0,0.1,0,5,9,0.00,0.00,0.00,0.00,0.00,0.02,0.02,0.04,0.02,0.04,https://fbref.com/fr/joueurs/204ac005/Samuele-Birindelli
Emil Bohinen,NOR,MT,Genoa,25-216,1999,3,1,166,1.8,0,0,0,0,0,0,0,0,0.1,0.1,0.1,0.2,6,5,2,0.00,0.00,0.00,0.00,0.00,0.06,0.04,0.09,0.06,0.09,https://fbref.com/fr/joueurs/c83c203f/Emil-Bohinen
Warren Bondo,FRA,MT,Monza,21-029,2003,7,6,550,6.1,0,0,0,0,0,0,0,0,0.1,0.1,0.0,0.1,6,8,5,0.00,0.00,0.00,0.00,0.00,0.01,0.01,0.01,0.01,0.01,https://fbref.com/fr/joueurs/0def2376/Warren-Bondo
Ange-Yoan Bonny,FRA,AT,Parma,20-355,2003,7,7,530,5.9,2,1,3,1,1,1,0,0,2.6,1.8,1.1,2.9,9,15,43,0.34,0.17,0.51,0.17,0.34,0.44,0.18,0.62,0.30,0.48,https://fbref.com/fr/joueurs/64629ba4/Ange-Yoan-Bonny
Edoardo Bove,ITA,"MT,AT",Fiorentina,22-151,2002,5,4,376,4.2,0,0,0,0,0,0,2,0,0.3,0.3,0.1,0.4,3,11,11,0.00,0.00,0.00,0.00,0.00,0.06,0.03,0.09,0.06,0.09,https://fbref.com/fr/joueurs/ae94a6c5/Edoardo-Bove
Domagoj Bradarić,CRO,DF,Hellas Verona,24-309,1999,2,1,94,1.0,0,0,0,0,0,0,1,0,0.0,0.0,0.5,0.5,2,3,4,0.00,0.00,0.00,0.00,0.00,0.04,0.45,0.49,0.04,0.49,https://fbref.com/fr/joueurs/8bbe2df5/Domagoj-Bradaric
Matthias Braunöder,AUT,MT,Como,22-201,2002,3,2,138,1.5,0,0,0,0,0,0,1,0,0.0,0.0,0.0,0.0,1,8,0,0.00,0.00,0.00,0.00,0.00,0.00,0.00,0.00,0.00,0.00,https://fbref.com/fr/joueurs/bce728e1/Matthias-Braunoder
Iker Bravo,ESP,"MT,AT",Udinese,19-275,2005,4,0,55,0.6,0,0,0,0,0,0,1,0,0.4,0.4,0.1,0.5,1,2,4,0.00,0.00,0.00,0.00,0.00,0.66,0.14,0.81,0.66,0.81,https://fbref.com/fr/joueurs/db8c8860/Iker-Bravo
Gleison Bremer,BRA,DF,Juventus,27-210,1997,6,6,540,6.0,0,0,0,0,0,0,2,0,0.1,0.1,0.0,0.1,2,21,0,0.00,0.00,0.00,0.00,0.00,0.02,0.00,0.02,0.02,0.02,https://fbref.com/fr/joueurs/5fd5ed86/Gleison-Bremer
Brenner,BRA,"MT,AT",Udinese,24-272,2000,7,5,373,4.1,1,2,3,1,0,0,0,0,0.6,0.6,0.5,1.1,4,4,12,0.24,0.48,0.72,0.24,0.72,0.15,0.11,0.26,0.15,0.26,https://fbref.com/fr/joueurs/279508bf/Brenner
Marco Brescianini,ITA,MT,Atalanta,24-268,2000,6,4,365,4.1,2,0,2,2,0,0,0,0,0.5,0.5,0.3,0.9,14,13,21,0.49,0.00,0.49,0.49,0.49,0.13,0.08,0.21,0.13,0.21,https://fbref.com/fr/joueurs/dfd56738/Marco-Brescianini
Alessandro Buongiorno,ITA,DF,Napoli,25-130,1999,6,6,540,6.0,1,0,1,1,0,0,1,0,0.7,0.7,0.0,0.7,7,25,1,0.17,0.00,0.17,0.17,0.17,0.11,0.01,0.12,0.11,0.12,https://fbref.com/fr/joueurs/4ae67f27/Alessandro-Buongiorno
Gianluca Busio,USA,MT,Venezia,22-139,2002,4,4,346,3.8,1,0,1,1,0,0,0,0,0.4,0.4,0.4,0.8,9,11,16,0.26,0.00,0.26,0.26,0.26,0.10,0.11,0.21,0.10,0.21,https://fbref.com/fr/joueurs/4a0b7f07/Gianluca-Busio
Liberato Cacace,NZL,"DF,AT",Empoli,24-017,2000,5,0,104,1.2,0,0,0,0,0,0,1,0,0.1,0.1,0.1,0.2,5,3,9,0.00,0.00,0.00,0.00,0.00,0.11,0.09,0.20,0.11,0.20,https://fbref.com/fr/joueurs/dd86e8e4/Liberato-Cacace
Davide Calabria,ITA,DF,Milan,27-313,1996,2,2,148,1.6,0,0,0,0,0,0,0,0,0.0,0.0,0.2,0.2,5,16,10,0.00,0.00,0.00,0.00,0.00,0.00,0.11,0.11,0.00,0.11,https://fbref.com/fr/joueurs/2146785a/Davide-Calabria
Luca Caldirola,ITA,DF,Monza,33-256,1991,3,2,192,2.1,0,0,0,0,0,0,1,0,0.2,0.2,0.0,0.2,1,7,2,0.00,0.00,0.00,0.00,0.00,0.08,0.00,0.08,0.08,0.08,https://fbref.com/fr/joueurs/226008f1/Luca-Caldirola
Hakan Çalhanoğlu,TUR,MT,Inter,30-249,1994,6,6,457,5.1,1,0,1,0,1,1,1,0,0.9,0.1,0.8,0.9,9,44,18,0.20,0.00,0.20,0.00,0.00,0.18,0.16,0.34,0.02,0.18,https://fbref.com/fr/joueurs/cd0fa27b/Hakan-Calhanoglu
Drissa Camara,CIV,AT,Parma,22-239,2002,3,0,31,0.3,0,0,0,0,0,0,0,0,0.0,0.0,0.0,0.0,1,2,0,0.00,0.00,0.00,0.00,0.00,0.11,0.00,0.11,0.11,0.11,https://fbref.com/fr/joueurs/543d9d2b/Drissa-Camara
Nicolò Cambiaghi,ITA,AT,Bologna,23-291,2000,1,0,15,0.2,0,0,0,0,0,0,0,0,0.1,0.1,0.0,0.1,1,2,4,0.00,0.00,0.00,0.00,0.00,0.37,0.00,0.37,0.37,0.37,https://fbref.com/fr/joueurs/91ff775f/Nicolo-Cambiaghi
Andrea Cambiaso,ITA,"DF,AT",Juventus,24-237,2000,7,6,551,6.1,1,0,1,1,0,0,2,0,0.2,0.2,0.6,0.8,18,20,27,0.16,0.00,0.16,0.16,0.16,0.03,0.11,0.13,0.03,0.13,https://fbref.com/fr/joueurs/247ed022/Andrea-Cambiaso
Matteo Cancellieri,ITA,"AT,MT",Parma,22-245,2002,6,2,210,2.3,1,0,1,1,0,0,0,1,0.8,0.8,0.2,1.0,7,7,15,0.43,0.00,0.43,0.43,0.43,0.36,0.07,0.43,0.36,0.43,https://fbref.com/fr/joueurs/b6a1cdf9/Matteo-Cancellieri
Antonio Candela,ITA,DF,Venezia,24-170,2000,6,6,529,5.9,0,1,1,0,0,0,1,0,0.2,0.2,0.6,0.8,5,6,12,0.00,0.17,0.17,0.00,0.17,0.03,0.10,0.13,0.03,0.13,https://fbref.com/fr/joueurs/d4307c52/Antonio-Candela
Gianluca Caprari,ITA,MT,Monza,31-076,1993,7,2,205,2.3,0,0,0,0,0,0,0,0,0.0,0.0,0.1,0.1,5,5,16,0.00,0.00,0.00,0.00,0.00,0.00,0.06,0.06,0.00,0.06,https://fbref.com/fr/joueurs/54e53b7e/Gianluca-Caprari
Elia Caprile,ITA,GB,Napoli,23-050,2001,3,2,235,2.6,0,0,0,0,0,0,0,0,0.0,0.0,0.0,0.0,0,0,0,0.00,0.00,0.00,0.00,0.00,0.00,0.00,0.00,0.00,0.00,https://fbref.com/fr/joueurs/97d7afbd/Elia-Caprile
Francesco Caputo,ITA,AT,Empoli,37-069,1987,1,0,6,0.1,0,0,0,0,0,0,0,0,0.0,0.0,0.0,0.0,0,0,1,0.00,0.00,0.00,0.00,0.00,0.00,0.00,0.00,0.00,0.00,https://fbref.com/fr/joueurs/5bd72174/Francesco-Caputo
Andrea Carboni,ITA,DF,Monza,23-253,2001,5,5,438,4.9,0,0,0,0,0,0,1,0,0.0,0.0,0.0,0.0,2,7,2,0.00,0.00,0.00,0.00,0.00,0.01,0.00,0.01,0.01,0.01,https://fbref.com/fr/joueurs/f7e2af2c/Andrea-Carboni
Franco Carboni,ITA,DF,Venezia,21-193,2003,1,0,2,0.0,0,0,0,0,0,0,0,0,0.0,0.0,0.0,0.0,0,0,0,0.00,0.00,0.00,0.00,0.00,0.00,0.00,0.00,0.00,0.00,https://fbref.com/fr/joueurs/b033f803/Franco-Carboni
Marco Carnesecchi,ITA,GB,Atalanta,24-105,2000,6,6,540,6.0,0,0,0,0,0,0,0,0,0.0,0.0,0.0,0.0,0,0,0,0.00,0.00,0.00,0.00,0.00,0.00,0.00,0.00,0.00,0.00,https://fbref.com/fr/joueurs/8ec56e62/Marco-Carnesecchi
Nicolò Casale,ITA,DF,Bologna,26-243,1998,3,2,161,1.8,0,0,0,0,0,0,0,0,0.0,0.0,0.0,0.0,0,4,0,0.00,0.00,0.00,0.00,0.00,0.00,0.00,0.00,0.00,0.00,https://fbref.com/fr/joueurs/3f5f38fb/Nicolo-Casale
Nicolò Casale,ITA,DF,Lazio,26-243,1998,2,2,135,1.5,0,0,0,0,0,0,0,0,0.0,0.0,0.0,0.0,0,6,0,0.00,0.00,0.00,0.00,0.00,0.03,0.00,0.03,0.03,0.03,https://fbref.com/fr/joueurs/3f5f38fb/Nicolo-Casale
Federico Cassa,ITA,"MT,AT",Atalanta,18-256,2006,2,0,14,0.2,0,0,0,0,0,0,0,0,0.0,0.0,0.0,0.0,1,1,2,0.00,0.00,0.00,0.00,0.00,0.00,0.00,0.00,0.00,0.00,https://fbref.com/fr/joueurs/5f209d47/Federico-Cassa
Valentín Castellanos,ARG,AT,Lazio,26-011,1998,6,6,505,5.6,3,1,4,3,0,1,2,0,3.9,3.0,0.5,3.6,9,14,28,0.53,0.18,0.71,0.53,0.71,0.70,0.10,0.79,0.54,0.64,https://fbref.com/fr/joueurs/da76bab4/Valentin-Castellanos
Santiago Castro,ARG,AT,Bologna,20-015,2004,7,6,538,6.0,3,1,4,3,0,0,1,0,1.7,1.7,0.4,2.1,3,8,35,0.50,0.17,0.67,0.50,0.67,0.28,0.07,0.35,0.28,0.35,https://fbref.com/fr/joueurs/ee5565ae/Santiago-Castro
Gaetano Castrovilli,ITA,MT,Lazio,27-240,1997,4,1,94,1.0,0,0,0,0,0,0,0,0,0.1,0.1,0.7,0.8,4,8,4,0.00,0.00,0.00,0.00,0.00,0.07,0.69,0.76,0.07,0.76,https://fbref.com/fr/joueurs/0728bebe/Gaetano-Castrovilli
Danilo Cataldi,ITA,MT,Fiorentina,30-069,1994,5,5,359,4.0,0,0,0,0,0,0,0,0,0.2,0.2,0.1,0.3,6,11,2,0.00,0.00,0.00,0.00,0.00,0.05,0.02,0.07,0.05,0.07,https://fbref.com/fr/joueurs/ba3d3bea/Danilo-Cataldi
Zeki Çelik,TUR,DF,Roma,27-240,1997,7,6,519,5.8,0,0,0,0,0,0,0,0,0.1,0.1,0.2,0.3,5,22,22,0.00,0.00,0.00,0.00,0.00,0.01,0.04,0.05,0.01,0.05,https://fbref.com/fr/joueurs/31a62dc7/Zeki-Celik
Alberto Cerri,ITA,AT,Como,28-181,1996,2,0,61,0.7,0,0,0,0,0,0,0,0,0.7,0.7,0.0,0.7,0,0,5,0.00,0.00,0.00,0.00,0.00,1.01,0.00,1.01,1.01,1.01,https://fbref.com/fr/joueurs/1079c685/Alberto-Cerri
Gabriel Charpentier,CGO,AT,Parma,25-150,1999,3,0,58,0.6,0,0,0,0,0,0,0,0,0.0,0.0,0.0,0.0,0,1,2,0.00,0.00,0.00,0.00,0.00,0.00,0.00,0.00,0.00,0.00,https://fbref.com/fr/joueurs/c52bea9e/Gabriel-Charpentier
Walid Cheddira,MAR,AT,Napoli,26-266,1998,1,0,12,0.1,0,0,0,0,0,0,0,0,0.0,0.0,0.0,0.0,0,1,1,0.00,0.00,0.00,0.00,0.00,0.00,0.20,0.20,0.00,0.20,https://fbref.com/fr/joueurs/0545a08e/Walid-Cheddira
Leandro Chichizola,ARG,GB,Parma,34-201,1990,1,1,90,1.0,0,0,0,0,0,0,0,0,0.0,0.0,0.0,0.0,0,1,0,0.00,0.00,0.00,0.00,0.00,0.00,0.00,0.00,0.00,0.00,https://fbref.com/fr/joueurs/8d957256/Leandro-Chichizola
Samuel Chukwueze,NGA,AT,Milan,25-145,1999,7,2,186,2.1,0,0,0,0,0,0,0,0,0.4,0.4,0.6,0.9,9,6,21,0.00,0.00,0.00,0.00,0.00,0.18,0.27,0.45,0.18,0.45,https://fbref.com/fr/joueurs/b8a642fc/Samuel-Chukwueze
Aaron Ciammaglichella,ITA,MT,Torino,19-262,2005,1,0,1,0.0,0,0,0,0,0,0,0,0,0.0,0.0,0.0,0.0,0,0,0,0.00,0.00,0.00,0.00,0.00,0.00,0.00,0.00,0.00,0.00,https://fbref.com/fr/joueurs/20525799/Aaron-Ciammaglichella
Alessandro Circati,AUS,DF,Parma,21-004,2003,4,4,360,4.0,0,0,0,0,0,0,1,0,0.0,0.0,0.0,0.0,1,5,0,0.00,0.00,0.00,0.00,0.00,0.00,0.00,0.00,0.00,0.00,https://fbref.com/fr/joueurs/1223765c/Alessandro-Circati
Alphadjo Cissè,ITA,MT,Hellas Verona,17-358,2006,1,0,2,0.0,0,0,0,0,0,0,0,0,0.0,0.0,0.0,0.0,0,1,0,0.00,0.00,0.00,0.00,0.00,0.93,0.00,0.93,0.93,0.93,https://fbref.com/fr/joueurs/d079becb/Alphadjo-Cisse
Saúl Coco,EQG,DF,Torino,25-248,1999,6,6,540,6.0,2,0,2,2,0,0,0,0,0.2,0.2,0.0,0.2,0,10,0,0.33,0.00,0.33,0.33,0.33,0.04,0.00,0.04,0.04,0.04,https://fbref.com/fr/joueurs/d0ee1652/Saul-Coco
Lorenzo Colombo,ITA,"AT,MT",Empoli,22-220,2002,7,6,429,4.8,2,1,3,1,1,1,1,0,2.1,1.4,0.5,1.8,8,2,24,0.42,0.21,0.63,0.21,0.42,0.45,0.09,0.55,0.29,0.38,https://fbref.com/fr/joueurs/04df29a5/Lorenzo-Colombo
Andrea Colpani,ITA,"MT,AT",Fiorentina,25-156,1999,7,6,463,5.1,0,0,0,0,0,0,0,0,1.1,1.1,0.0,1.1,15,18,37,0.00,0.00,0.00,0.00,0.00,0.21,0.00,0.22,0.21,0.22,https://fbref.com/fr/joueurs/6499048c/Andrea-Colpani
Pietro Comuzzo,ITA,DF,Fiorentina,19-237,2005,6,6,497,5.5,0,0,0,0,0,0,1,0,0.0,0.0,0.0,0.0,3,17,2,0.00,0.00,0.00,0.00,0.00,0.00,0.00,0.00,0.00,0.00,https://fbref.com/fr/joueurs/5e3ecc35/Pietro-Comuzzo
Francisco Conceição,POR,AT,Juventus,21-305,2002,3,1,162,1.8,1,0,1,1,0,0,2,1,0.3,0.3,1.0,1.4,11,4,17,0.56,0.00,0.56,0.56,0.56,0.18,0.58,0.76,0.18,0.76,https://fbref.com/fr/joueurs/5ef3d210/Francisco-Conceicao
Diego Coppola,ITA,DF,Hellas Verona,20-291,2003,7,6,542,6.0,0,0,0,0,0,0,3,0,0.0,0.0,0.0,0.0,1,10,0,0.00,0.00,0.00,0.00,0.00,0.00,0.00,0.00,0.00,0.00,https://fbref.com/fr/joueurs/22ae86f9/Diego-Coppola
Joaquín Correa,ARG,"MT,AT",Inter,30-062,1994,2,0,22,0.2,0,0,0,0,0,0,0,0,0.1,0.1,0.0,0.1,2,4,1,0.00,0.00,0.00,0.00,0.00,0.46,0.00,0.46,0.46,0.46,https://fbref.com/fr/joueurs/45b9b619/Joaquin-Correa
Lassana Coulibaly,MLI,MT,Lecce,28-187,1996,7,3,346,3.8,0,0,0,0,0,0,0,0,0.1,0.1,0.4,0.5,3,14,6,0.00,0.00,0.00,0.00,0.00,0.03,0.10,0.13,0.03,0.13,https://fbref.com/fr/joueurs/85a44ecc/Lassana-Coulibaly
Woyo Coulibaly,FRA,DF,Parma,25-147,1999,7,6,546,6.1,0,1,1,0,0,0,1,1,0.1,0.1,0.8,0.9,22,19,17,0.00,0.16,0.16,0.00,0.16,0.01,0.14,0.15,0.01,0.15,https://fbref.com/fr/joueurs/beb6e3a6/Woyo-Coulibaly
Bryan Cristante,ITA,MT,Roma,29-225,1995,7,7,593,6.6,1,0,1,1,0,0,2,0,0.4,0.4,0.2,0.6,10,44,6,0.15,0.00,0.15,0.15,0.15,0.05,0.04,0.09,0.05,0.09,https://fbref.com/fr/joueurs/16657b95/Bryan-Cristante
Domen Črnigoj,SVN,MT,Venezia,28-331,1995,3,0,37,0.4,0,0,0,0,0,0,0,0,0.0,0.0,0.0,0.0,3,2,2,0.00,0.00,0.00,0.00,0.00,0.00,0.00,0.00,0.00,0.00,https://fbref.com/fr/joueurs/22cd43d2/Domen-Crnigoj
Juan Cuadrado,COL,DF,Atalanta,36-141,1988,2,0,64,0.7,0,0,0,0,0,0,0,0,0.2,0.2,0.1,0.3,7,7,13,0.00,0.00,0.00,0.00,0.00,0.25,0.11,0.36,0.25,0.36,https://fbref.com/fr/joueurs/0ab1f153/Juan-Cuadrado
Patrick Cutrone,ITA,AT,Como,26-285,1998,7,7,561,6.2,4,0,4,4,0,1,0,0,2.5,1.7,0.3,2.0,16,4,47,0.64,0.00,0.64,0.64,0.64,0.39,0.05,0.45,0.27,0.32,https://fbref.com/fr/joueurs/a4fe8cda/Patrick-Cutrone
Wylan Cyprien,FRA,MT,Parma,29-260,1995,2,0,28,0.3,0,0,0,0,0,0,0,0,0.2,0.2,0.0,0.2,1,2,0,0.00,0.00,0.00,0.00,0.00,0.63,0.00,0.63,0.63,0.63,https://fbref.com/fr/joueurs/3e092724/Wylan-Cyprien
Danilo D'Ambrosio,ITA,DF,Monza,36-035,1988,4,0,43,0.5,0,0,0,0,0,0,1,0,0.0,0.0,0.0,0.0,0,1,4,0.00,0.00,0.00,0.00,0.00,0.02,0.00,0.02,0.02,0.02,https://fbref.com/fr/joueurs/44eb9093/Danilo-DAmbrosio
Lucas Da Cunha,FRA,"MT,AT",Como,23-127,2001,5,3,200,2.2,0,0,0,0,0,0,0,0,0.1,0.1,0.3,0.4,9,10,16,0.00,0.00,0.00,0.00,0.00,0.06,0.12,0.18,0.06,0.18,https://fbref.com/fr/joueurs/007faf7a/Lucas-Da-Cunha
Thijs Dallinga,NED,"AT,MT",Bologna,24-072,2000,4,1,118,1.3,0,0,0,0,0,0,0,0,0.3,0.3,0.1,0.3,0,0,8,0.00,0.00,0.00,0.00,0.00,0.22,0.04,0.26,0.22,0.26,https://fbref.com/fr/joueurs/b70afb45/Thijs-Dallinga
Flavius Daniliuc,AUT,DF,Hellas Verona,23-170,2001,4,2,250,2.8,0,0,0,0,0,0,0,0,0.1,0.1,0.0,0.1,1,10,2,0.00,0.00,0.00,0.00,0.00,0.02,0.00,0.02,0.02,0.02,https://fbref.com/fr/joueurs/7ef972c3/Flavius-Daniliuc
Danilo,BRA,DF,Juventus,33-091,1991,3,1,117,1.3,0,0,0,0,0,0,0,0,0.0,0.0,0.1,0.1,4,6,4,0.00,0.00,0.00,0.00,0.00,0.00,0.09,0.09,0.00,0.09,https://fbref.com/fr/joueurs/94b2001f/Danilo
Matteo Darmian,ITA,DF,Inter,34-317,1989,7,6,466,5.2,1,1,2,1,0,0,0,0,0.7,0.7,0.5,1.2,1,10,37,0.19,0.19,0.39,0.19,0.39,0.14,0.09,0.23,0.14,0.23,https://fbref.com/fr/joueurs/96e0490d/Matteo-Darmian
Juan David Cabal,COL,DF,Juventus,23-280,2001,3,3,211,2.3,0,0,0,0,0,0,0,0,0.1,0.1,0.0,0.2,6,5,7,0.00,0.00,0.00,0.00,0.00,0.05,0.02,0.07,0.05,0.07,https://fbref.com/fr/joueurs/ef6eef89/Juan-David-Cabal
Keinan Davis,ENG,AT,Udinese,26-244,1998,7,1,211,2.3,0,1,1,0,0,0,1,0,0.7,0.7,1.5,2.2,5,4,18,0.00,0.43,0.43,0.00,0.43,0.30,0.64,0.95,0.30,0.95,https://fbref.com/fr/joueurs/9deaf2c8/Keinan-Davis
Paweł Dawidowicz,POL,DF,Hellas Verona,29-147,1995,5,5,380,4.2,0,0,0,0,0,0,1,1,0.0,0.0,0.0,0.0,2,16,1,0.00,0.00,0.00,0.00,0.00,0.00,0.00,0.00,0.00,0.00,https://fbref.com/fr/joueurs/16bb656a/Pawel-Dawidowicz
Charles De Ketelaere,BEL,"MT,AT",Atalanta,23-218,2001,7,6,469,5.2,1,1,2,1,0,0,0,0,1.2,1.2,1.8,3.0,20,35,47,0.19,0.19,0.38,0.19,0.38,0.23,0.34,0.58,0.23,0.58,https://fbref.com/fr/joueurs/2ef7c612/Charles-De-Ketelaere
Mattia De Sciglio,ITA,"AT,DF",Empoli,31-360,1992,2,0,9,0.1,0,0,0,0,0,0,0,0,0.0,0.0,0.0,0.0,0,0,3,0.00,0.00,0.00,0.00,0.00,0.00,0.18,0.18,0.00,0.18,https://fbref.com/fr/joueurs/ae4e2852/Mattia-De-Sciglio
Lorenzo De Silvestri,ITA,DF,Bologna,36-144,1988,2,1,86,1.0,0,0,0,0,0,0,0,0,0.0,0.0,0.0,0.0,2,8,7,0.00,0.00,0.00,0.00,0.00,0.00,0.04,0.04,0.00,0.04,https://fbref.com/fr/joueurs/e74f0e59/Lorenzo-De-Silvestri
Koni De Winter,BEL,DF,Genoa,22-124,2002,7,7,630,7.0,1,0,1,1,0,0,4,0,0.6,0.6,0.1,0.6,3,18,7,0.14,0.00,0.14,0.14,0.14,0.08,0.01,0.09,0.08,0.09,https://fbref.com/fr/joueurs/f4797849/Koni-De-Winter
Alessandro Deiola,ITA,MT,Cagliari,29-074,1995,6,5,396,4.4,0,0,0,0,0,0,2,0,0.3,0.3,0.2,0.5,3,10,11,0.00,0.00,0.00,0.00,0.00,0.07,0.04,0.11,0.07,0.11,https://fbref.com/fr/joueurs/7f267d66/Alessandro-Deiola
Enrico Del Prato,ITA,DF,Parma,24-339,1999,6,4,464,5.2,1,0,1,1,0,0,1,0,0.1,0.1,0.6,0.8,0,11,4,0.19,0.00,0.19,0.19,0.19,0.03,0.12,0.15,0.03,0.15,https://fbref.com/fr/joueurs/4c6f9258/Enrico-Del-Prato
Fisayo Dele-Bashiru,NGA,MT,Lazio,23-251,2001,3,2,159,1.8,0,0,0,0,0,0,0,0,0.1,0.1,0.0,0.1,3,3,12,0.00,0.00,0.00,0.00,0.00,0.05,0.02,0.07,0.05,0.07,https://fbref.com/fr/joueurs/121a4fb8/Fisayo-Dele-Bashiru
Ali Dembélé,FRA,DF,Torino,20-283,2004,4,0,50,0.6,0,0,0,0,0,0,2,0,0.0,0.0,0.0,0.0,2,3,0,0.00,0.00,0.00,0.00,0.00,0.00,0.00,0.00,0.00,0.00,https://fbref.com/fr/joueurs/eb3df7d9/Ali-Dembele
Michele Di Gregorio,ITA,GB,Juventus,27-079,1997,5,5,450,5.0,0,0,0,0,0,0,0,0,0.0,0.0,0.0,0.0,0,0,0,0.00,0.00,0.00,0.00,0.00,0.00,0.00,0.00,0.00,0.00,https://fbref.com/fr/joueurs/4e0c8d66/Michele-Di-Gregorio
Giovanni Di Lorenzo,ITA,DF,Napoli,31-071,1993,7,7,630,7.0,2,0,2,2,0,0,0,0,0.9,0.9,0.8,1.7,8,49,33,0.29,0.00,0.29,0.29,0.29,0.13,0.12,0.24,0.13,0.24,https://fbref.com/fr/joueurs/230a2fac/Giovanni-Di-Lorenzo
Boulaye Dia,SEN,"MT,AT",Lazio,27-333,1996,6,5,420,4.7,3,0,3,3,0,0,0,0,1.7,1.7,0.7,2.3,5,13,24,0.64,0.00,0.64,0.64,0.64,0.35,0.14,0.49,0.35,0.49,https://fbref.com/fr/joueurs/244bc2c8/Boulaye-Dia
Federico Dimarco,ITA,DF,Inter,26-339,1997,7,7,569,6.3,1,1,2,1,0,0,1,0,1.1,1.1,1.7,2.8,12,22,72,0.16,0.16,0.32,0.16,0.32,0.17,0.27,0.44,0.17,0.44,https://fbref.com/fr/joueurs/970b8574/Federico-Dimarco
Berat Djimsiti,ALB,DF,Atalanta,31-238,1993,6,6,540,6.0,0,0,0,0,0,0,1,0,0.6,0.6,0.5,1.1,8,30,10,0.00,0.00,0.00,0.00,0.00,0.10,0.08,0.18,0.10,0.18,https://fbref.com/fr/joueurs/6eee05f1/Berat-Djimsiti
Dodô,BRA,DF,Fiorentina,25-332,1998,7,7,630,7.0,0,0,0,0,0,0,3,0,0.1,0.1,1.3,1.3,36,33,46,0.00,0.00,0.00,0.00,0.00,0.01,0.18,0.19,0.01,0.19,https://fbref.com/fr/joueurs/b5f7d10b/Dodo
Patrick Dorgu,DEN,"AT,DF",Lecce,19-354,2004,6,6,494,5.5,1,0,1,1,0,0,1,1,1.6,1.6,0.1,1.8,21,9,32,0.18,0.00,0.18,0.18,0.18,0.30,0.02,0.32,0.30,0.32,https://fbref.com/fr/joueurs/e6536124/Patrick-Dorgu
Alberto Dossena,ITA,DF,Como,26-001,1998,6,6,514,5.7,0,1,1,0,0,0,0,0,0.2,0.2,0.4,0.6,1,17,0,0.00,0.18,0.18,0.00,0.18,0.03,0.08,0.11,0.03,0.11,https://fbref.com/fr/joueurs/61efb926/Alberto-Dossena
Issa Doumbia,CIV,MT,Venezia,20-364,2003,6,1,146,1.6,0,0,0,0,0,0,0,0,0.2,0.2,0.0,0.2,2,5,4,0.00,0.00,0.00,0.00,0.00,0.12,0.02,0.14,0.12,0.14,https://fbref.com/fr/joueurs/b74fc282/Issa-Doumbia
Artem Dovbyk,UKR,AT,Roma,27-115,1997,7,7,610,6.8,3,0,3,3,0,0,0,0,3.3,3.3,0.3,3.5,4,3,47,0.44,0.00,0.44,0.44,0.44,0.48,0.04,0.52,0.48,0.52,https://fbref.com/fr/joueurs/5b847bb0/Artem-Dovbyk
Ondrej Duda,SVK,MT,Hellas Verona,29-314,1994,5,4,383,4.3,0,1,1,0,0,0,4,0,0.2,0.2,1.2,1.4,3,21,5,0.00,0.23,0.23,0.00,0.23,0.04,0.28,0.32,0.04,0.32,https://fbref.com/fr/joueurs/79ca3e23/Ondrej-Duda
Denzel Dumfries,NED,DF,Inter,28-179,1996,5,1,164,1.8,1,0,1,1,0,0,1,0,0.6,0.6,0.1,0.7,5,3,9,0.55,0.00,0.55,0.55,0.55,0.35,0.06,0.41,0.35,0.41,https://fbref.com/fr/joueurs/481c9ece/Denzel-Dumfries
Alfred Duncan,GHA,MT,Venezia,31-218,1993,4,4,333,3.7,0,0,0,0,0,0,1,0,0.1,0.1,0.2,0.2,3,10,5,0.00,0.00,0.00,0.00,0.00,0.02,0.05,0.07,0.02,0.07,https://fbref.com/fr/joueurs/528492ea/Alfred-Duncan
Paulo Dybala,ARG,"AT,MT",Roma,30-334,1993,5,3,285,3.2,1,0,1,0,1,1,0,0,1.2,0.4,1.4,1.7,7,10,24,0.32,0.00,0.32,0.00,0.00,0.37,0.43,0.80,0.12,0.55,https://fbref.com/fr/joueurs/e0921a4f/Paulo-Dybala
Éderson,BRA,MT,Atalanta,25-099,1999,7,7,595,6.6,1,1,2,1,0,0,2,0,0.5,0.5,0.4,0.9,3,45,16,0.15,0.15,0.30,0.15,0.30,0.08,0.05,0.14,0.08,0.14,https://fbref.com/fr/joueurs/a9202def/Ederson
Kingsley Ehizibue,NED,DF,Udinese,29-142,1995,7,7,606,6.7,0,1,1,0,0,0,3,0,0.2,0.2,0.8,1.0,16,11,41,0.00,0.15,0.15,0.00,0.15,0.03,0.11,0.14,0.03,0.14,https://fbref.com/fr/joueurs/76b2817e/Kingsley-Ehizibue
Jeff Ekhator,ITA,"AT,MT",Genoa,17-338,2006,5,0,59,0.7,1,0,1,1,0,0,0,0,0.6,0.6,0.0,0.6,1,1,9,1.53,0.00,1.53,1.53,1.53,0.88,0.03,0.91,0.88,0.91,https://fbref.com/fr/joueurs/faf739d2/Jeff-Ekhator
Jurgen Ekkelenkamp,NED,MT,Udinese,24-192,2000,7,2,290,3.2,0,0,0,0,0,0,0,0,0.5,0.5,0.0,0.5,4,19,9,0.00,0.00,0.00,0.00,0.00,0.14,0.00,0.14,0.14,0.14,https://fbref.com/fr/joueurs/73d6a176/Jurgen-Ekkelenkamp
Emmanuel Ekong,SWE,"MT,AT",Empoli,22-111,2002,5,0,66,0.7,0,0,0,0,0,0,0,0,0.0,0.0,0.1,0.1,5,2,6,0.00,0.00,0.00,0.00,0.00,0.06,0.12,0.17,0.06,0.17,https://fbref.com/fr/joueurs/c20892ee/Emmanuel-Ekong
Caleb Ekuban,GHA,AT,Genoa,30-205,1994,4,2,210,2.3,0,0,0,0,0,0,0,0,0.3,0.3,0.1,0.3,1,3,11,0.00,0.00,0.00,0.00,0.00,0.11,0.03,0.14,0.11,0.14,https://fbref.com/fr/joueurs/7afbd2c3/Caleb-Ekuban
Mikael Ellertsson,ISL,MT,Venezia,22-217,2002,6,5,428,4.8,0,1,1,0,0,0,0,0,0.6,0.6,0.5,1.0,5,6,15,0.00,0.21,0.21,0.00,0.21,0.12,0.10,0.22,0.12,0.22,https://fbref.com/fr/joueurs/c55967eb/Mikael-Ellertsson
Emerson,BRA,DF,Milan,25-274,1999,6,5,453,5.0,0,0,0,0,0,0,2,0,0.0,0.0,0.5,0.5,8,18,32,0.00,0.00,0.00,0.00,0.00,0.00,0.10,0.10,0.00,0.10,https://fbref.com/fr/joueurs/df8b52a5/Emerson
Yannik Engelhardt,GER,MT,Como,23-250,2001,3,0,79,0.9,0,0,0,0,0,0,1,0,0.0,0.0,0.0,0.0,1,4,1,0.00,0.00,0.00,0.00,0.00,0.00,0.00,0.00,0.00,0.00,https://fbref.com/fr/joueurs/fac66db3/Yannik-Engelhardt
Martin Erlic,CRO,DF,Bologna,26-264,1998,4,3,221,2.5,0,0,0,0,0,0,0,0,0.1,0.1,0.0,0.1,2,8,1,0.00,0.00,0.00,0.00,0.00,0.06,0.00,0.06,0.06,0.06,https://fbref.com/fr/joueurs/0fee6bda/Martin-Erlic
Sebastiano Esposito,ITA,"AT,MT",Empoli,22-104,2002,7,5,453,5.0,2,0,2,2,0,0,0,0,1.0,1.0,0.2,1.2,11,14,12,0.40,0.00,0.40,0.40,0.40,0.20,0.04,0.24,0.20,0.24,https://fbref.com/fr/joueurs/7ff93107/Sebastiano-Esposito
Nahuel Estévez,ARG,MT,Parma,28-335,1995,2,2,163,1.8,0,0,0,0,0,0,1,0,0.0,0.0,0.0,0.1,0,4,0,0.00,0.00,0.00,0.00,0.00,0.02,0.02,0.04,0.02,0.04,https://fbref.com/fr/joueurs/cec60a2f/Nahuel-Estevez
Giovanni Fabbian,ITA,MT,Bologna,21-274,2003,6,3,300,3.3,1,0,1,1,0,0,1,0,0.8,0.8,0.1,0.9,5,4,7,0.30,0.00,0.30,0.30,0.30,0.24,0.03,0.27,0.24,0.27,https://fbref.com/fr/joueurs/f97f9188/Giovanni-Fabbian
Alieu Fadera,GAM,"AT,MT",Como,22-346,2001,5,4,317,3.5,1,1,2,1,0,0,0,0,0.5,0.5,0.1,0.6,17,5,29,0.28,0.28,0.57,0.28,0.57,0.13,0.04,0.17,0.13,0.17,https://fbref.com/fr/joueurs/53210e42/Alieu-Fadera
Nicolò Fagioli,ITA,MT,Juventus,23-245,2001,6,3,339,3.8,0,0,0,0,0,0,2,0,0.2,0.2,0.1,0.3,14,26,13,0.00,0.00,0.00,0.00,0.00,0.05,0.03,0.08,0.05,0.08,https://fbref.com/fr/joueurs/366be751/Nicolo-Fagioli
Wladimiro Falcone,ITA,GB,Lecce,29-185,1995,7,7,630,7.0,0,0,0,0,0,0,1,0,0.0,0.0,0.0,0.0,0,0,0,0.00,0.00,0.00,0.00,0.00,0.00,0.00,0.00,0.00,0.00,https://fbref.com/fr/joueurs/9f5a610b/Wladimiro-Falcone
Davide Faraoni,ITA,"MT,DF",Hellas Verona,32-355,1991,1,0,24,0.3,0,0,0,0,0,0,0,0,0.0,0.0,0.0,0.0,1,1,1,0.00,0.00,0.00,0.00,0.00,0.00,0.00,0.00,0.00,0.00,https://fbref.com/fr/joueurs/aae9d04a/Davide-Faraoni
Jacopo Fazzini,ITA,MT,Empoli,21-212,2003,4,4,301,3.3,0,0,0,0,0,0,1,0,0.2,0.2,0.1,0.3,7,8,15,0.00,0.00,0.00,0.00,0.00,0.05,0.03,0.08,0.05,0.08,https://fbref.com/fr/joueurs/06b08c45/Jacopo-Fazzini
Mattia Felici,ITA,DF,Cagliari,23-180,2001,1,0,23,0.3,0,0,0,0,0,0,0,0,0.0,0.0,0.0,0.0,1,0,2,0.00,0.00,0.00,0.00,0.00,0.06,0.00,0.06,0.06,0.06,https://fbref.com/fr/joueurs/38aa2612/Mattia-Felici
Youssouf Fofana,FRA,MT,Milan,25-278,1999,6,5,434,4.8,1,0,1,1,0,0,2,0,0.1,0.1,0.0,0.1,5,28,3,0.21,0.00,0.21,0.21,0.21,0.03,0.00,0.03,0.03,0.03,https://fbref.com/fr/joueurs/822d51d7/Youssouf-Fofana
Michael Folorunsho,ITA,AT,Napoli,26-250,1998,1,0,18,0.2,0,0,0,0,0,0,0,0,0.0,0.0,0.0,0.0,0,0,1,0.00,0.00,0.00,0.00,0.00,0.00,0.00,0.00,0.00,0.00,https://fbref.com/fr/joueurs/c391a179/Michael-Folorunsho
Omari Forson,ENG,"MT,AT",Monza,20-086,2004,1,0,20,0.2,0,0,0,0,0,0,0,0,0.0,0.0,0.0,0.0,1,1,2,0.00,0.00,0.00,0.00,0.00,0.00,0.00,0.00,0.00,0.00,https://fbref.com/fr/joueurs/1b9728b0/Omari-Forson
Davide Frattesi,ITA,MT,Inter,24-358,1999,7,3,348,3.9,1,1,2,1,0,0,0,0,1.3,1.3,0.7,2.0,9,10,6,0.26,0.26,0.52,0.26,0.52,0.32,0.19,0.51,0.32,0.51,https://fbref.com/fr/joueurs/2a7d27c1/Davide-Frattesi
Morten Frendrup,DEN,MT,Genoa,23-190,2001,6,6,521,5.8,0,0,0,0,0,0,2,0,0.1,0.1,0.0,0.1,2,16,5,0.00,0.00,0.00,0.00,0.00,0.01,0.00,0.01,0.01,0.01,https://fbref.com/fr/joueurs/f4d60499/Morten-Frendrup
Martin Frese,DEN,DF,Hellas Verona,26-284,1998,5,3,336,3.7,0,0,0,0,0,0,0,0,0.0,0.0,0.1,0.1,3,10,6,0.00,0.00,0.00,0.00,0.00,0.00,0.03,0.03,0.00,0.03,https://fbref.com/fr/joueurs/b910e9c0/Martin-Frese
Remo Freuler,SUI,MT,Bologna,32-182,1992,7,7,630,7.0,0,1,1,0,0,0,1,0,0.0,0.0,0.5,0.5,10,55,10,0.00,0.14,0.14,0.00,0.14,0.00,0.08,0.08,0.00,0.08,https://fbref.com/fr/joueurs/98d2c2c4/Remo-Freuler
Matteo Gabbia,ITA,DF,Milan,24-359,1999,4,4,360,4.0,1,0,1,1,0,0,1,0,0.4,0.4,0.1,0.5,5,18,1,0.25,0.00,0.25,0.25,0.25,0.10,0.03,0.13,0.10,0.13,https://fbref.com/fr/joueurs/c235e803/Matteo-Gabbia
Alessandro Gabrielloni,ITA,"AT,MT",Como,30-096,1994,4,0,58,0.6,0,0,0,0,0,0,0,0,0.1,0.1,0.2,0.3,2,1,6,0.00,0.00,0.00,0.00,0.00,0.18,0.24,0.42,0.18,0.42,https://fbref.com/fr/joueurs/181cb492/Alessandro-Gabrielloni
Gianluca Gaetano,ITA,"MT,AT",Cagliari,24-162,2000,4,1,139,1.5,0,1,1,0,0,0,0,0,1.8,1.8,0.3,2.1,2,7,11,0.00,0.65,0.65,0.00,0.65,1.15,0.21,1.35,1.15,1.35,https://fbref.com/fr/joueurs/3b387cc7/Gianluca-Gaetano
Roberto Gagliardini,ITA,"MT,DF",Monza,30-190,1994,3,0,89,1.0,0,0,0,0,0,0,1,0,0.0,0.0,0.2,0.2,2,6,3,0.00,0.00,0.00,0.00,0.00,0.00,0.17,0.17,0.00,0.17,https://fbref.com/fr/joueurs/ce30bfc8/Roberto-Gagliardini
Antonino Gallo,ITA,DF,Lecce,24-283,2000,7,7,625,6.9,0,0,0,0,0,0,1,0,0.1,0.1,1.1,1.2,16,31,20,0.00,0.00,0.00,0.00,0.00,0.02,0.16,0.18,0.02,0.18,https://fbref.com/fr/joueurs/c74d63ac/Antonino-Gallo
Federico Gatti,ITA,DF,Juventus,26-112,1998,5,5,444,4.9,0,0,0,0,0,0,0,0,0.2,0.2,0.0,0.2,1,5,2,0.00,0.00,0.00,0.00,0.00,0.04,0.00,0.04,0.04,0.04,https://fbref.com/fr/joueurs/18dd3219/Federico-Gatti
David de Gea,ESP,GB,Fiorentina,33-342,1990,4,4,360,4.0,0,0,0,0,0,0,0,0,0.0,0.0,0.0,0.0,0,0,0,0.00,0.00,0.00,0.00,0.00,0.00,0.00,0.00,0.00,0.00,https://fbref.com/fr/joueurs/7ba6d84e/David-de-Gea
Valentin Gendrey,FRA,DF,Lecce,24-115,2000,2,2,180,2.0,0,0,0,0,0,0,0,0,0.2,0.2,0.1,0.3,7,5,4,0.00,0.00,0.00,0.00,0.00,0.09,0.05,0.14,0.09,0.14,https://fbref.com/fr/joueurs/822ed0ec/Valentin-Gendrey
Daniele Ghilardi,ITA,DF,Hellas Verona,21-282,2003,1,1,88,1.0,0,0,0,0,0,0,0,0,0.0,0.0,0.0,0.0,0,1,0,0.00,0.00,0.00,0.00,0.00,0.00,0.00,0.00,0.00,0.00,https://fbref.com/fr/joueurs/9cedad4b/Daniele-Ghilardi
Lautaro Gianetti,ARG,DF,Udinese,30-336,1993,4,4,299,3.3,1,0,1,1,0,0,3,0,0.1,0.0,0.0,0.0,0,5,0,0.30,0.00,0.30,0.30,0.30,0.02,0.00,0.02,0.00,0.00,https://fbref.com/fr/joueurs/e08ac719/Lautaro-Gianetti
Mario Gila,ESP,DF,Lazio,24-046,2000,4,4,360,4.0,1,0,1,1,0,0,2,0,0.5,0.5,0.1,0.6,4,19,0,0.25,0.00,0.25,0.25,0.25,0.13,0.02,0.14,0.13,0.14,https://fbref.com/fr/joueurs/9c435456/Mario-Gila
Billy Gilmour,SCO,MT,Napoli,23-125,2001,4,0,23,0.3,0,0,0,0,0,0,0,0,0.0,0.0,0.0,0.0,0,1,0,0.00,0.00,0.00,0.00,0.00,0.00,0.06,0.06,0.00,0.06,https://fbref.com/fr/joueurs/df10e27c/Billy-Gilmour
Gvidas Gineitis,LTU,MT,Torino,20-182,2004,3,1,102,1.1,0,1,1,0,0,0,0,0,0.1,0.1,0.7,0.7,0,2,5,0.00,0.88,0.88,0.00,0.88,0.07,0.59,0.66,0.07,0.66,https://fbref.com/fr/joueurs/548bd0de/Gvidas-Gineitis
Ben Godfrey,ENG,DF,Atalanta,26-273,1998,1,0,23,0.3,0,0,0,0,0,0,0,0,0.0,0.0,0.0,0.0,0,1,1,0.00,0.00,0.00,0.00,0.00,0.00,0.00,0.00,0.00,0.00,https://fbref.com/fr/joueurs/9f7c837d/Ben-Godfrey
Saba Goglichidze,GEO,DF,Empoli,20-111,2004,5,5,450,5.0,0,0,0,0,0,0,0,0,0.0,0.0,0.0,0.0,3,11,0,0.00,0.00,0.00,0.00,0.00,0.00,0.00,0.00,0.00,0.00,https://fbref.com/fr/joueurs/011d370e/Saba-Goglichidze
Edoardo Goldaniga,ITA,DF,Como,30-347,1993,4,1,130,1.4,0,0,0,0,0,0,1,0,0.0,0.0,0.0,0.0,0,4,0,0.00,0.00,0.00,0.00,0.00,0.00,0.00,0.00,0.00,0.00,https://fbref.com/fr/joueurs/4b029b31/Edoardo-Goldaniga
Pierluigi Gollini,ITA,GB,Genoa,29-210,1995,7,7,630,7.0,0,0,0,0,0,0,1,0,0.0,0.0,0.0,0.0,0,0,0,0.00,0.00,0.00,0.00,0.00,0.00,0.00,0.00,0.00,0.00,https://fbref.com/fr/joueurs/f0f7f62f/Pierluigi-Gollini
Nicolás González,ARG,AT,Juventus,26-191,1998,4,3,225,2.5,0,0,0,0,0,0,0,0,0.1,0.1,0.1,0.2,6,7,23,0.00,0.00,0.00,0.00,0.00,0.03,0.05,0.08,0.03,0.08,https://fbref.com/fr/joueurs/2374aaca/Nicolas-Gonzalez
Robin Gosens,GER,DF,Fiorentina,30-101,1994,5,5,447,5.0,1,2,3,1,0,0,1,0,0.7,0.7,1.1,1.8,4,28,11,0.20,0.40,0.60,0.20,0.60,0.14,0.22,0.36,0.14,0.36,https://fbref.com/fr/joueurs/2d970560/Robin-Gosens
Alberto Grassi,ITA,MT,Empoli,29-221,1995,5,5,388,4.3,0,0,0,0,0,0,1,0,0.2,0.2,0.2,0.4,3,13,2,0.00,0.00,0.00,0.00,0.00,0.05,0.04,0.09,0.05,0.09,https://fbref.com/fr/joueurs/6cc97b6a/Alberto-Grassi
Mattéo Guendouzi,FRA,MT,Lazio,25-183,1999,7,7,626,7.0,1,0,1,1,0,0,2,0,0.3,0.3,1.1,1.4,14,58,12,0.14,0.00,0.14,0.14,0.14,0.04,0.16,0.20,0.04,0.20,https://fbref.com/fr/joueurs/5ea8ef20/Matteo-Guendouzi
Frederic Guilbert,FRA,DF,Lecce,29-295,1994,4,4,288,3.2,0,0,0,0,0,0,0,1,0.1,0.1,0.7,0.8,8,13,3,0.00,0.00,0.00,0.00,0.00,0.03,0.23,0.26,0.03,0.26,https://fbref.com/fr/joueurs/5d8d7454/Frederic-Guilbert
Albert Guðmundsson,ISL,MT,Fiorentina,27-121,1997,3,2,191,2.1,3,0,3,1,2,2,0,0,1.8,0.2,0.0,0.2,8,9,6,1.41,0.00,1.41,0.47,0.47,0.86,0.00,0.86,0.12,0.12,https://fbref.com/fr/joueurs/b79858d5/Albert-Gudmundsson
Emmanuel Gyasi,GHA,"DF,AT",Empoli,30-277,1994,7,7,629,7.0,2,0,2,2,0,0,2,0,1.2,1.2,0.0,1.3,4,9,22,0.29,0.00,0.29,0.29,0.29,0.18,0.01,0.18,0.18,0.18,https://fbref.com/fr/joueurs/f9758dae/Emmanuel-Gyasi
Christian Gytkjær,DEN,AT,Venezia,34-161,1990,6,2,171,1.9,0,0,0,0,0,0,0,0,0.2,0.2,0.0,0.2,1,0,7,0.00,0.00,0.00,0.00,0.00,0.09,0.01,0.11,0.09,0.11,https://fbref.com/fr/joueurs/9250bcff/Christian-Gytkjaer
Nicolas Haas,SUI,MT,Empoli,28-265,1996,6,0,98,1.1,0,0,0,0,0,0,0,0,0.0,0.0,0.0,0.0,0,1,0,0.00,0.00,0.00,0.00,0.00,0.00,0.00,0.00,0.00,0.00,https://fbref.com/fr/joueurs/fa449bba/Nicolas-Haas
Saad El Haddad,MAR,MT,Venezia,19-082,2005,1,0,15,0.2,0,0,0,0,0,0,0,0,0.0,0.0,0.0,0.0,1,1,2,0.00,0.00,0.00,0.00,0.00,0.00,0.00,0.00,0.00,0.00,https://fbref.com/fr/joueurs/7b12dccc/Saad-El-Haddad
Antoine Hainaut,FRA,"DF,MT",Parma,22-239,2002,5,1,168,1.9,1,0,1,1,0,0,0,0,0.5,0.5,0.3,0.9,4,11,15,0.54,0.00,0.54,0.54,0.54,0.28,0.18,0.46,0.28,0.46,https://fbref.com/fr/joueurs/6503f220/Antoine-Hainaut
Mohamed Haj,TUN,MT,Parma,19-202,2005,2,0,37,0.4,0,2,2,0,0,0,1,0,0.3,0.3,0.5,0.8,1,3,3,0.00,4.86,4.86,0.00,4.86,0.71,1.22,1.93,0.71,1.93,https://fbref.com/fr/joueurs/eb7dc619/Mohamed-Haj
Ridgeciano Haps,SUR,DF,Venezia,31-124,1993,4,3,266,3.0,0,0,0,0,0,0,1,0,0.7,0.7,0.0,0.7,4,4,5,0.00,0.00,0.00,0.00,0.00,0.24,0.00,0.24,0.24,0.24,https://fbref.com/fr/joueurs/c8d7131c/Ridgeciano-Haps
Abdou Harroui,NED,"AT,MT",Hellas Verona,26-275,1998,4,2,170,1.9,0,0,0,0,0,0,1,0,0.3,0.3,0.0,0.3,7,3,16,0.00,0.00,0.00,0.00,0.00,0.14,0.00,0.14,0.14,0.14,https://fbref.com/fr/joueurs/65fd099c/Abdou-Harroui
Liam Henderson,SCO,MT,Empoli,28-172,1996,7,6,549,6.1,0,0,0,0,0,0,1,0,0.1,0.1,1.1,1.1,3,24,9,0.00,0.00,0.00,0.00,0.00,0.01,0.17,0.19,0.01,0.19,https://fbref.com/fr/joueurs/d7918b13/Liam-Henderson
Mario Hermoso,ESP,DF,Roma,29-118,1995,4,0,75,0.8,0,0,0,0,0,0,0,0,0.0,0.0,0.0,0.0,0,4,2,0.00,0.00,0.00,0.00,0.00,0.00,0.00,0.00,0.00,0.00,https://fbref.com/fr/joueurs/555f3a0b/Mario-Hermoso
Theo Hernández,FRA,DF,Milan,27-008,1997,7,5,485,5.4,2,2,4,2,0,1,0,1,1.2,0.4,0.5,0.9,16,33,32,0.37,0.37,0.74,0.37,0.74,0.22,0.09,0.31,0.07,0.17,https://fbref.com/fr/joueurs/d4c9725f/Theo-Hernandez
Hernani,BRA,MT,Parma,30-201,1994,4,3,248,2.8,1,0,1,0,1,1,0,0,0.9,0.1,0.3,0.4,5,19,9,0.36,0.00,0.36,0.00,0.00,0.33,0.11,0.45,0.05,0.16,https://fbref.com/fr/joueurs/6f5ead86/Hernani
Isak Hien,SWE,DF,Atalanta,25-275,1999,4,4,294,3.3,0,0,0,0,0,0,2,0,0.4,0.4,0.0,0.4,1,4,0,0.00,0.00,0.00,0.00,0.00,0.14,0.00,0.14,0.14,0.14,https://fbref.com/fr/joueurs/12806697/Isak-Hien
Emil Holm,SWE,"DF,MT",Bologna,24-154,2000,2,1,97,1.1,0,0,0,0,0,0,0,0,0.0,0.0,0.1,0.1,2,5,5,0.00,0.00,0.00,0.00,0.00,0.00,0.06,0.06,0.00,0.06,https://fbref.com/fr/joueurs/c2357b65/Emil-Holm
Elseid Hysaj,ALB,DF,Lazio,30-237,1994,2,0,10,0.1,0,0,0,0,0,0,0,0,0.0,0.0,0.0,0.0,0,1,0,0.00,0.00,0.00,0.00,0.00,0.00,0.00,0.00,0.00,0.00,https://fbref.com/fr/joueurs/2f3452eb/Elseid-Hysaj
Jay Idzes,IDN,DF,Venezia,24-134,2000,6,6,517,5.7,0,0,0,0,0,0,1,0,0.2,0.2,0.0,0.3,1,16,1,0.00,0.00,0.00,0.00,0.00,0.04,0.00,0.04,0.04,0.04,https://fbref.com/fr/joueurs/a54ef587/Jay-Idzes
Jonathan Ikone,FRA,"MT,AT",Fiorentina,26-165,1998,5,0,112,1.2,0,0,0,0,0,0,0,0,0.1,0.1,0.1,0.2,7,4,14,0.00,0.00,0.00,0.00,0.00,0.09,0.05,0.14,0.09,0.14,https://fbref.com/fr/joueurs/42eaa028/Jonathan-Ikone
Ivan Ilić,SRB,MT,Torino,23-211,2001,7,6,508,5.6,1,0,1,1,0,0,2,0,0.9,0.9,0.6,1.5,15,21,29,0.18,0.00,0.18,0.18,0.18,0.16,0.11,0.27,0.16,0.27,https://fbref.com/fr/joueurs/bb376bed/Ivan-Ilic
Samuel Iling-Junior,ENG,"AT,MT",Bologna,21-010,2003,3,0,93,1.0,1,0,1,1,0,0,0,0,0.1,0.1,0.1,0.3,5,7,24,0.97,0.00,0.97,0.97,0.97,0.13,0.11,0.25,0.13,0.25,https://fbref.com/fr/joueurs/ba492306/Samuel-Iling-Junior
Alessio Iovine,ITA,DF,Como,33-256,1991,3,3,225,2.5,0,0,0,0,0,0,1,0,0.0,0.0,0.0,0.0,5,2,3,0.00,0.00,0.00,0.00,0.00,0.00,0.01,0.01,0.00,0.01,https://fbref.com/fr/joueurs/083d7173/Alessio-Iovine
Gustav Isaksen,DEN,"AT,MT",Lazio,23-178,2001,7,4,354,3.9,1,1,2,1,0,0,2,0,0.9,0.9,0.5,1.3,15,2,56,0.25,0.25,0.51,0.25,0.51,0.22,0.12,0.34,0.22,0.34,https://fbref.com/fr/joueurs/5715bb71/Gustav-Isaksen
Ardian Ismajli,ALB,DF,Empoli,28-014,1996,7,7,630,7.0,0,0,0,0,0,0,0,0,0.0,0.0,0.0,0.0,0,9,0,0.00,0.00,0.00,0.00,0.00,0.01,0.00,0.01,0.01,0.01,https://fbref.com/fr/joueurs/6b635f5c/Ardian-Ismajli
Armando Izzo,ITA,DF,Monza,32-226,1992,7,7,595,6.6,0,1,1,0,0,0,4,0,0.0,0.0,0.2,0.2,5,18,4,0.00,0.15,0.15,0.00,0.15,0.00,0.02,0.03,0.00,0.03,https://fbref.com/fr/joueurs/89976232/Armando-Izzo
Ali Jasim,IRQ,AT,Como,20-268,2004,1,0,1,0.0,0,0,0,0,0,0,0,0,0.0,0.0,0.0,0.0,0,0,1,0.00,0.00,0.00,0.00,0.00,0.00,0.00,0.00,0.00,0.00,https://fbref.com/fr/joueurs/1a927a6f/Ali-Jasim
Gaby Jean,FRA,DF,Lecce,24-238,2000,1,0,16,0.2,0,0,0,0,0,0,0,0,0.0,0.0,0.0,0.0,0,0,0,0.00,0.00,0.00,0.00,0.00,0.00,0.00,0.00,0.00,0.00,https://fbref.com/fr/joueurs/5f130a19/Gaby-Jean
Juan Jesus,BRA,DF,Napoli,33-126,1991,1,1,78,0.9,0,0,0,0,0,0,0,0,0.1,0.1,0.0,0.1,2,7,2,0.00,0.00,0.00,0.00,0.00,0.12,0.00,0.12,0.12,0.12,https://fbref.com/fr/joueurs/79083382/Juan-Jesus
Jesse Joronen,FIN,GB,Venezia,31-207,1993,7,7,630,7.0,0,0,0,0,0,0,0,0,0.0,0.0,0.0,0.0,0,0,0,0.00,0.00,0.00,0.00,0.00,0.00,0.00,0.00,0.00,0.00,https://fbref.com/fr/joueurs/7f66ea09/Jesse-Joronen
Luka Jović,SRB,AT,Milan,26-296,1997,3,1,79,0.9,0,0,0,0,0,0,1,0,0.1,0.1,0.1,0.1,1,4,7,0.00,0.00,0.00,0.00,0.00,0.08,0.06,0.14,0.08,0.14,https://fbref.com/fr/joueurs/4d8cd038/Luka-Jovic
Christian Kabasele,BEL,DF,Udinese,33-233,1991,6,4,397,4.4,1,0,1,1,0,0,0,0,0.5,0.5,0.0,0.5,1,22,2,0.23,0.00,0.23,0.23,0.23,0.11,0.00,0.11,0.11,0.11,https://fbref.com/fr/joueurs/914ab9a1/Christian-Kabasele
Pierre Kalulu,FRA,DF,Juventus,24-131,2000,5,4,357,4.0,0,0,0,0,0,0,0,0,0.0,0.0,0.1,0.1,5,23,5,0.00,0.00,0.00,0.00,0.00,0.00,0.02,0.02,0.00,0.02,https://fbref.com/fr/joueurs/85f7d1be/Pierre-Kalulu
Hassane Kamara,CIV,DF,Udinese,30-223,1994,5,4,325,3.6,0,1,1,0,0,0,3,1,0.1,0.1,0.5,0.6,11,5,13,0.00,0.28,0.28,0.00,0.28,0.02,0.14,0.16,0.02,0.16,https://fbref.com/fr/joueurs/19a12bed/Hassane-Kamara
Yann Karamoh,FRA,AT,Torino,26-098,1998,4,0,44,0.5,0,0,0,0,0,0,0,0,0.0,0.0,0.2,0.2,1,5,4,0.00,0.00,0.00,0.00,0.00,0.00,0.38,0.38,0.00,0.38,https://fbref.com/fr/joueurs/8b66d9cc/Yann-Karamoh
Jesper Karlsson,SWE,AT,Bologna,26-081,1998,3,1,94,1.0,0,0,0,0,0,0,0,0,0.0,0.0,0.0,0.1,2,4,16,0.00,0.00,0.00,0.00,0.00,0.02,0.03,0.05,0.02,0.05,https://fbref.com/fr/joueurs/7952d0c2/Jesper-Karlsson
Jesper Karlström,SWE,MT,Udinese,29-115,1995,7,6,556,6.2,0,0,0,0,0,0,1,0,0.0,0.0,0.4,0.4,6,21,4,0.00,0.00,0.00,0.00,0.00,0.01,0.06,0.07,0.01,0.07,https://fbref.com/fr/joueurs/e0a1f4eb/Jesper-Karlstrom
Lior Kasa,ISR,MT,Genoa,19-017,2005,1,0,22,0.2,0,0,0,0,0,0,0,0,0.0,0.0,0.1,0.1,0,1,0,0.00,0.00,0.00,0.00,0.00,0.09,0.29,0.38,0.09,0.38,https://fbref.com/fr/joueurs/7987ef17/Lior-Kasa
Grigoris Kastanos,CYP,"MT,AT",Hellas Verona,26-258,1998,6,4,277,3.1,1,1,2,1,0,0,1,0,0.2,0.2,0.7,0.9,3,8,8,0.32,0.32,0.65,0.32,0.65,0.08,0.21,0.29,0.08,0.29,https://fbref.com/fr/joueurs/2a82aa85/Grigoris-Kastanos
Michael Kayode,ITA,"DF,AT",Fiorentina,20-096,2004,2,0,19,0.2,0,0,0,0,0,0,0,0,0.1,0.1,0.0,0.1,2,0,1,0.00,0.00,0.00,0.00,0.00,0.49,0.00,0.49,0.49,0.49,https://fbref.com/fr/joueurs/e19660a8/Michael-Kayode
Moise Kean,ITA,AT,Fiorentina,24-229,2000,7,7,618,6.9,2,1,3,2,0,1,0,0,4.6,3.8,0.7,4.5,6,5,29,0.29,0.15,0.44,0.29,0.44,0.66,0.11,0.77,0.55,0.65,https://fbref.com/fr/joueurs/3d50bcdb/Moise-Kean
Mandela Keita,BEL,MT,Parma,22-157,2002,2,0,20,0.2,0,0,0,0,0,0,2,1,0.0,0.0,0.1,0.1,0,0,0,0.00,0.00,0.00,0.00,0.00,0.00,0.30,0.30,0.00,0.30,https://fbref.com/fr/joueurs/f5692b25/Mandela-Keita
Marc-Oliver Kempf,GER,DF,Como,29-260,1995,5,5,450,5.0,0,0,0,0,0,0,0,0,0.3,0.3,0.1,0.3,0,18,0,0.00,0.00,0.00,0.00,0.00,0.06,0.01,0.07,0.06,0.07,https://fbref.com/fr/joueurs/815c314f/Marc-Oliver-Kempf
Kialonda,ANG,DF,Lecce,27-017,1997,7,7,630,7.0,0,1,1,0,0,0,1,0,0.2,0.2,0.3,0.6,1,5,1,0.00,0.14,0.14,0.00,0.14,0.04,0.05,0.08,0.04,0.08,https://fbref.com/fr/joueurs/34e4dc3b/Kialonda
Magnus Kofod Andersen,DEN,MT,Venezia,25-157,1999,5,3,268,3.0,1,0,1,1,0,0,0,0,0.1,0.1,0.1,0.2,2,8,5,0.34,0.00,0.34,0.34,0.34,0.04,0.04,0.08,0.04,0.08,https://fbref.com/fr/joueurs/a4731ebc/Magnus-Kofod-Andersen
Sead Kolašinac,BIH,DF,Atalanta,31-116,1993,4,4,348,3.9,0,0,0,0,0,0,0,0,0.1,0.1,0.4,0.5,10,25,14,0.00,0.00,0.00,0.00,0.00,0.02,0.10,0.13,0.02,0.13,https://fbref.com/fr/joueurs/3935e52e/Sead-Kolasinac
Manu Koné,FRA,MT,Roma,23-150,2001,5,3,264,2.9,0,0,0,0,0,0,0,0,0.6,0.6,0.1,0.7,10,18,6,0.00,0.00,0.00,0.00,0.00,0.20,0.04,0.24,0.20,0.24,https://fbref.com/fr/joueurs/86574238/Manu-Kone
Teun Koopmeiners,NED,MT,Juventus,26-229,1998,5,4,360,4.0,0,1,1,0,0,0,0,0,1.2,1.2,0.6,1.9,7,19,31,0.00,0.25,0.25,0.00,0.25,0.31,0.16,0.47,0.31,0.47,https://fbref.com/fr/joueurs/a26fb8aa/Teun-Koopmeiners
Odilon Kossounou,CIV,DF,Atalanta,23-284,2001,2,2,152,1.7,0,0,0,0,0,0,1,0,0.1,0.1,0.0,0.1,1,5,1,0.00,0.00,0.00,0.00,0.00,0.03,0.00,0.03,0.03,0.03,https://fbref.com/fr/joueurs/1f3afdcb/Odilon-Kossounou
Christian Kouamé,CIV,"MT,AT",Fiorentina,26-313,1997,6,3,298,3.3,0,0,0,0,0,0,0,0,0.2,0.2,0.3,0.5,5,11,23,0.00,0.00,0.00,0.00,0.00,0.06,0.10,0.16,0.06,0.16,https://fbref.com/fr/joueurs/58e933d2/Christian-Kouame
Mateusz Kowalski,POL,MT,Parma,19-085,2005,1,1,56,0.6,0,0,0,0,0,0,0,0,0.4,0.4,0.0,0.4,0,0,2,0.00,0.00,0.00,0.00,0.00,0.69,0.00,0.69,0.69,0.69,https://fbref.com/fr/joueurs/d2bb908c/Mateusz-Kowalski
Thomas Kristensen,DEN,DF,Udinese,22-271,2002,3,2,188,2.1,0,0,0,0,0,0,1,0,0.0,0.0,0.0,0.0,0,2,0,0.00,0.00,0.00,0.00,0.00,0.00,0.00,0.00,0.00,0.00,https://fbref.com/fr/joueurs/fadf9a05/Thomas-Kristensen
Nikola Krstović,MNE,AT,Lecce,24-192,2000,7,7,602,6.7,2,0,2,2,0,0,0,0,2.7,2.7,0.2,2.9,8,13,26,0.30,0.00,0.30,0.30,0.30,0.40,0.03,0.44,0.40,0.44,https://fbref.com/fr/joueurs/473803c9/Nikola-Krstovic
Khvicha Kvaratskhelia,GEO,"MT,AT",Napoli,23-245,2001,7,7,521,5.8,3,2,5,3,0,0,1,0,1.8,1.8,2.5,4.3,28,21,41,0.52,0.35,0.86,0.52,0.86,0.32,0.42,0.74,0.32,0.74,https://fbref.com/fr/joueurs/dea88efd/Khvicha-Kvaratskhelia
Giorgos Kyriakopoulos,GRE,DF,Monza,28-252,1996,7,7,630,7.0,0,1,1,0,0,0,1,0,0.1,0.1,0.4,0.5,11,23,22,0.00,0.14,0.14,0.00,0.14,0.01,0.06,0.07,0.01,0.07,https://fbref.com/fr/joueurs/0a483542/Giorgos-Kyriakopoulos
Mathis Lambourde,FRA,"DF,MT",Hellas Verona,18-279,2006,2,0,7,0.1,1,0,1,1,0,0,0,0,0.1,0.1,0.1,0.2,1,0,1,12.86,0.00,12.86,12.86,12.86,0.84,1.00,1.84,0.84,1.84,https://fbref.com/fr/joueurs/0da3d7ab/Mathis-Lambourde
Gianluca Lapadula,PER,"AT,MT",Cagliari,34-250,1990,4,0,90,1.0,0,0,0,0,0,0,1,0,0.5,0.5,0.0,0.5,2,3,6,0.00,0.00,0.00,0.00,0.00,0.51,0.03,0.54,0.51,0.54,https://fbref.com/fr/joueurs/2ead2809/Gianluca-Lapadula
Valentino Lazaro,AUT,DF,Torino,28-204,1996,7,7,569,6.3,0,2,2,0,0,0,1,0,0.5,0.5,1.2,1.6,7,21,43,0.00,0.32,0.32,0.00,0.32,0.08,0.18,0.26,0.08,0.26,https://fbref.com/fr/joueurs/016ff750/Valentino-Lazaro
Darko Lazović,SRB,"MT,AT",Hellas Verona,34-029,1990,7,7,515,5.7,1,3,4,0,1,1,0,0,1.5,0.8,1.5,2.2,6,14,29,0.17,0.52,0.70,0.00,0.52,0.27,0.25,0.52,0.13,0.39,https://fbref.com/fr/joueurs/5128bde4/Darko-Lazovic
Manuel Lazzari,ITA,DF,Lazio,30-320,1993,7,7,497,5.5,0,0,0,0,0,0,0,0,0.0,0.0,0.5,0.5,28,30,28,0.00,0.00,0.00,0.00,0.00,0.00,0.10,0.10,0.00,0.10,https://fbref.com/fr/joueurs/02caf6e0/Manuel-Lazzari
Enzo Le Fée,FRA,MT,Roma,24-254,2000,2,1,89,1.0,0,0,0,0,0,0,0,0,0.2,0.2,0.1,0.3,3,5,1,0.00,0.00,0.00,0.00,0.00,0.18,0.10,0.28,0.18,0.28,https://fbref.com/fr/joueurs/6f806d99/Enzo-Le-Fee
Rafael Leão,POR,AT,Milan,25-126,1999,7,6,512,5.7,1,3,4,1,0,0,0,0,2.0,2.0,1.8,3.8,34,27,75,0.18,0.53,0.70,0.18,0.70,0.36,0.31,0.67,0.36,0.67,https://fbref.com/fr/joueurs/20730eae/Rafael-Leao
Nunzio Lella,ITA,MT,Venezia,24-078,2000,1,0,5,0.1,0,0,0,0,0,0,0,0,0.0,0.0,0.0,0.0,0,0,0,0.00,0.00,0.00,0.00,0.00,0.00,0.00,0.00,0.00,0.00,https://fbref.com/fr/joueurs/c149e8a6/Nunzio-Lella
Karol Linetty,POL,MT,Torino,29-255,1995,6,5,445,4.9,0,0,0,0,0,0,2,0,0.0,0.0,0.1,0.1,5,9,3,0.00,0.00,0.00,0.00,0.00,0.01,0.02,0.03,0.01,0.03,https://fbref.com/fr/joueurs/d023d70f/Karol-Linetty
Dailon Livramento,CPV,"AT,MT",Hellas Verona,23-163,2001,5,3,244,2.7,1,0,1,1,0,0,1,0,0.7,0.7,0.3,1.0,7,2,15,0.37,0.00,0.37,0.37,0.37,0.27,0.10,0.37,0.27,0.37,https://fbref.com/fr/joueurs/c115db1e/Dailon-Livramento
Stanislav Lobotka,SVK,MT,Napoli,29-324,1994,7,7,607,6.7,0,0,0,0,0,0,2,0,0.2,0.2,0.6,0.8,9,38,10,0.00,0.00,0.00,0.00,0.00,0.03,0.08,0.11,0.03,0.11,https://fbref.com/fr/joueurs/e1cbb531/Stanislav-Lobotka
Manuel Locatelli,ITA,MT,Juventus,26-280,1998,6,6,450,5.0,0,0,0,0,0,0,1,0,0.0,0.0,0.1,0.1,3,45,3,0.00,0.00,0.00,0.00,0.00,0.00,0.01,0.02,0.00,0.02,https://fbref.com/fr/joueurs/a8a874f1/Manuel-Locatelli
Ruben Loftus-Cheek,ENG,MT,Milan,28-265,1996,6,4,409,4.5,0,0,0,0,0,0,1,0,0.3,0.3,1.1,1.4,10,25,18,0.00,0.00,0.00,0.00,0.00,0.07,0.23,0.30,0.07,0.30,https://fbref.com/fr/joueurs/e97fd090/Ruben-Loftus-Cheek
Ademola Lookman,NGA,"MT,AT",Atalanta,26-360,1997,4,3,283,3.1,2,2,4,1,1,1,0,0,2.5,1.7,1.7,3.4,16,12,41,0.64,0.64,1.27,0.32,0.95,0.79,0.53,1.32,0.54,1.07,https://fbref.com/fr/joueurs/7c104bb7/Ademola-Lookman
Sandi Lovrić,SVN,MT,Udinese,26-200,1998,6,4,311,3.5,0,0,0,0,0,0,0,0,0.4,0.4,0.0,0.5,7,17,8,0.00,0.00,0.00,0.00,0.00,0.13,0.01,0.13,0.13,0.13,https://fbref.com/fr/joueurs/966eea58/Sandi-Lovric
Lorenzo Lucca,ITA,AT,Udinese,24-034,2000,7,6,460,5.1,3,0,3,3,0,0,2,0,0.9,0.9,0.1,1.0,2,4,19,0.59,0.00,0.59,0.59,0.59,0.17,0.02,0.19,0.17,0.19,https://fbref.com/fr/joueurs/83c06f3a/Lorenzo-Lucca
Jhon Lucumí,COL,DF,Bologna,26-110,1998,5,3,304,3.4,0,0,0,0,0,0,2,1,0.1,0.1,0.0,0.1,4,16,1,0.00,0.00,0.00,0.00,0.00,0.02,0.00,0.02,0.02,0.02,https://fbref.com/fr/joueurs/80490d7f/Jhon-Lucumi
José Luis Palomino,ARG,DF,Cagliari,34-283,1990,3,0,87,1.0,0,0,0,0,0,0,0,0,0.0,0.0,0.0,0.0,0,6,0,0.00,0.00,0.00,0.00,0.00,0.00,0.00,0.00,0.00,0.00,https://fbref.com/fr/joueurs/921f6058/Jose-Luis-Palomino
Douglas Luiz,BRA,MT,Juventus,26-158,1998,6,1,182,2.0,0,0,0,0,0,0,0,0,0.1,0.1,0.4,0.5,11,13,4,0.00,0.00,0.00,0.00,0.00,0.03,0.20,0.23,0.03,0.23,https://fbref.com/fr/joueurs/6f7d826d/Douglas-Luiz
Romelu Lukaku,BEL,AT,Napoli,31-154,1993,5,4,346,3.8,3,4,7,2,1,1,1,0,2.2,1.4,1.0,2.4,3,6,40,0.78,1.04,1.82,0.52,1.56,0.56,0.27,0.83,0.36,0.63,https://fbref.com/fr/joueurs/5eae500a/Romelu-Lukaku
Sebastiano Luperto,ITA,DF,Cagliari,28-038,1996,7,7,630,7.0,0,1,1,0,0,0,0,0,0.5,0.5,0.7,1.2,9,26,3,0.00,0.14,0.14,0.00,0.14,0.07,0.10,0.17,0.07,0.17,https://fbref.com/fr/joueurs/997fff07/Sebastiano-Luperto
Zito Luvumbo,ANG,"AT,MT",Cagliari,22-219,2002,7,6,481,5.3,0,1,1,0,0,0,0,0,0.9,0.9,0.8,1.8,15,11,41,0.00,0.19,0.19,0.00,0.19,0.17,0.16,0.33,0.17,0.33,https://fbref.com/fr/joueurs/b09e0873/Zito-Luvumbo
Charalambos Lykogiannis,GRE,DF,Bologna,30-358,1993,5,5,402,4.5,0,1,1,0,0,0,0,0,0.0,0.0,0.3,0.3,4,28,15,0.00,0.22,0.22,0.00,0.22,0.01,0.06,0.07,0.01,0.07,https://fbref.com/fr/joueurs/5efc5389/Charalambos-Lykogiannis
Giangiacomo Magnani,ITA,DF,Hellas Verona,29-010,1995,6,3,297,3.3,0,0,0,0,0,0,1,0,0.5,0.5,0.0,0.5,1,8,4,0.00,0.00,0.00,0.00,0.00,0.14,0.01,0.15,0.14,0.15,https://fbref.com/fr/joueurs/cce9f582/Giangiacomo-Magnani
Mike Maignan,FRA,GB,Milan,29-103,1995,7,7,630,7.0,0,0,0,0,0,0,0,0,0.0,0.0,0.0,0.0,0,2,0,0.00,0.00,0.00,0.00,0.00,0.00,0.00,0.00,0.00,0.00,https://fbref.com/fr/joueurs/fcb38f57/Mike-Maignan
Antoine Makoumbou,CGO,MT,Cagliari,26-088,1998,4,3,213,2.4,0,0,0,0,0,0,0,0,0.0,0.0,0.0,0.0,1,4,1,0.00,0.00,0.00,0.00,0.00,0.01,0.00,0.01,0.01,0.01,https://fbref.com/fr/joueurs/f37f3522/Antoine-Makoumbou
Daniel Maldini,ITA,MT,Monza,23-003,2001,7,7,508,5.6,1,0,1,1,0,0,2,0,0.8,0.8,0.1,0.8,11,17,25,0.18,0.00,0.18,0.18,0.18,0.13,0.02,0.15,0.13,0.15,https://fbref.com/fr/joueurs/801831fe/Daniel-Maldini
Youssef Maleh,MAR,MT,Empoli,26-053,1998,4,3,266,3.0,0,0,0,0,0,0,1,0,0.1,0.1,0.1,0.2,0,10,5,0.00,0.00,0.00,0.00,0.00,0.03,0.02,0.05,0.03,0.05,https://fbref.com/fr/joueurs/4c8845f7/Youssef-Maleh
Ruslan Malinovskyi,UKR,"MT,AT",Genoa,31-163,1993,5,2,224,2.5,0,0,0,0,0,0,1,0,0.1,0.1,0.5,0.7,1,19,6,0.00,0.00,0.00,0.00,0.00,0.06,0.21,0.26,0.06,0.26,https://fbref.com/fr/joueurs/48d5bd33/Ruslan-Malinovskyi
Dennis Man,ROU,AT,Parma,26-049,1998,7,7,564,6.3,3,1,4,3,0,0,0,0,1.9,1.9,1.7,3.6,23,19,48,0.48,0.16,0.64,0.48,0.64,0.30,0.27,0.57,0.30,0.57,https://fbref.com/fr/joueurs/2079b3cc/Dennis-Man
Gianluca Mancini,ITA,DF,Roma,28-180,1996,7,7,597,6.6,0,0,0,0,0,0,1,0,0.2,0.2,0.5,0.7,17,35,6,0.00,0.00,0.00,0.00,0.00,0.03,0.08,0.11,0.03,0.11,https://fbref.com/fr/joueurs/5aa53281/Gianluca-Mancini
Rolando Mandragora,ITA,MT,Fiorentina,27-107,1997,5,4,267,3.0,0,0,0,0,0,0,3,0,0.1,0.1,0.7,0.8,4,13,2,0.00,0.00,0.00,0.00,0.00,0.05,0.22,0.27,0.05,0.27,https://fbref.com/fr/joueurs/c7259b83/Rolando-Mandragora
Alberto Manzoni,ITA,MT,Atalanta,19-111,2005,1,0,6,0.1,0,0,0,0,0,0,0,0,0.1,0.1,0.0,0.1,0,0,0,0.00,0.00,0.00,0.00,0.00,0.94,0.00,0.94,0.94,0.94,https://fbref.com/fr/joueurs/08cda374/Alberto-Manzoni
Filip Marchwiński,POL,MT,Lecce,22-278,2002,1,0,15,0.2,0,0,0,0,0,0,0,0,0.0,0.0,0.0,0.0,0,0,0,0.00,0.00,0.00,0.00,0.00,0.00,0.00,0.00,0.00,0.00,https://fbref.com/fr/joueurs/55a88fd9/Filip-Marchwinski
Pablo Marí,ESP,DF,Monza,31-044,1993,7,7,630,7.0,0,0,0,0,0,0,2,0,0.2,0.2,0.1,0.2,1,16,0,0.00,0.00,0.00,0.00,0.00,0.02,0.01,0.03,0.02,0.03,https://fbref.com/fr/joueurs/aa54ec6f/Pablo-Mari
Mirko Marić,CRO,AT,Monza,29-151,1995,1,0,9,0.1,0,0,0,0,0,0,0,0,0.0,0.0,0.0,0.0,0,0,1,0.00,0.00,0.00,0.00,0.00,0.00,0.00,0.00,0.00,0.00,https://fbref.com/fr/joueurs/78338347/Mirko-Maric
Răzvan Marin,ROU,MT,Cagliari,28-144,1996,7,5,460,5.1,2,0,2,1,1,1,2,0,1.3,0.5,0.9,1.4,10,22,10,0.39,0.00,0.39,0.20,0.20,0.26,0.17,0.43,0.11,0.28,https://fbref.com/fr/joueurs/7fac99d4/Razvan-Marin
Guillermo Maripán,CHI,DF,Torino,30-161,1994,3,2,122,1.4,0,0,0,0,0,0,0,1,0.0,0.0,0.0,0.0,1,15,0,0.00,0.00,0.00,0.00,0.00,0.00,0.00,0.00,0.00,0.00,https://fbref.com/fr/joueurs/d9764034/Guillermo-Maripan
Aarón Martín,ESP,DF,Genoa,27-175,1997,6,6,530,5.9,0,0,0,0,0,0,0,0,0.1,0.1,0.7,0.8,15,18,21,0.00,0.00,0.00,0.00,0.00,0.01,0.12,0.14,0.01,0.14,https://fbref.com/fr/joueurs/2f3e911a/Aaron-Martin
Lautaro Martínez,ARG,AT,Inter,27-053,1997,6,6,487,5.4,2,1,3,2,0,0,0,0,1.9,1.9,0.9,2.8,5,11,29,0.37,0.18,0.55,0.37,0.55,0.35,0.17,0.52,0.35,0.52,https://fbref.com/fr/joueurs/f7036e1c/Lautaro-Martinez
Lucas Martínez Quarta,ARG,DF,Fiorentina,28-157,1996,5,3,219,2.4,1,0,1,1,0,0,0,0,0.7,0.7,0.0,0.7,1,10,2,0.41,0.00,0.41,0.41,0.41,0.30,0.01,0.30,0.30,0.30,https://fbref.com/fr/joueurs/3ec3c1c9/Lucas-Martinez-Quarta
Kevin Martins,ITA,DF,Monza,19-257,2005,1,0,4,0.0,0,0,0,0,0,0,0,0,0.0,0.0,0.0,0.0,0,0,0,0.00,0.00,0.00,0.00,0.00,0.00,0.00,0.00,0.00,0.00,https://fbref.com/fr/joueurs/c1451401/Kevin-Martins
Adam Marušić,MNE,DF,Lazio,31-363,1992,7,2,304,3.4,0,0,0,0,0,0,0,0,0.0,0.0,0.0,0.1,4,12,11,0.00,0.00,0.00,0.00,0.00,0.01,0.01,0.02,0.01,0.02,https://fbref.com/fr/joueurs/d4535821/Adam-Marusic
Adam Masina,MAR,DF,Torino,30-286,1994,7,6,599,6.7,0,2,2,0,0,0,0,0,0.0,0.0,0.2,0.3,6,22,3,0.00,0.30,0.30,0.00,0.30,0.01,0.03,0.04,0.01,0.04,https://fbref.com/fr/joueurs/de0f152c/Adam-Masina
Alan Matturro,URU,DF,Genoa,20-003,2004,1,0,22,0.2,0,0,0,0,0,0,0,0,0.0,0.0,0.1,0.1,0,0,1,0.00,0.00,0.00,0.00,0.00,0.00,0.55,0.55,0.00,0.55,https://fbref.com/fr/joueurs/547c0119/Alan-Matturro
Luca Mazzitelli,ITA,MT,Como,28-334,1995,5,2,168,1.9,0,1,1,0,0,0,0,0,0.1,0.1,0.5,0.6,0,13,4,0.00,0.54,0.54,0.00,0.54,0.04,0.27,0.31,0.04,0.31,https://fbref.com/fr/joueurs/dc61b402/Luca-Mazzitelli
Pasquale Mazzocchi,ITA,DF,Napoli,29-079,1995,6,4,360,4.0,0,0,0,0,0,0,1,0,0.1,0.1,0.3,0.4,12,17,25,0.00,0.00,0.00,0.00,0.00,0.04,0.07,0.10,0.04,0.10,https://fbref.com/fr/joueurs/eb0ec070/Pasquale-Mazzocchi
Samuel Mbangula,BEL,AT,Juventus,20-272,2004,5,4,304,3.4,1,2,3,1,0,0,0,0,0.2,0.2,0.3,0.5,10,6,18,0.30,0.59,0.89,0.30,0.89,0.06,0.09,0.15,0.06,0.15,https://fbref.com/fr/joueurs/3e25e70c/Samuel-Mbangula
Weston McKennie,USA,MT,Juventus,26-047,1998,4,2,193,2.1,0,0,0,0,0,0,1,0,0.0,0.0,0.0,0.0,2,5,17,0.00,0.00,0.00,0.00,0.00,0.02,0.00,0.02,0.02,0.02,https://fbref.com/fr/joueurs/01c3aff5/Weston-McKennie
Scott McTominay,SCO,MT,Napoli,27-311,1996,4,3,287,3.2,1,1,2,1,0,0,0,0,0.5,0.5,0.3,0.8,9,6,18,0.31,0.31,0.63,0.31,0.63,0.15,0.11,0.26,0.15,0.26,https://fbref.com/fr/joueurs/d93c2511/Scott-McTominay
Filippo Melegoni,ITA,MT,Genoa,25-239,1999,1,0,24,0.3,0,1,1,0,0,0,0,0,0.0,0.0,0.5,0.5,0,1,1,0.00,3.75,3.75,0.00,3.75,0.00,1.89,1.89,0.00,1.89,https://fbref.com/fr/joueurs/6604165d/Filippo-Melegoni
Alex Meret,ITA,GB,Napoli,27-206,1997,5,5,395,4.4,0,0,0,0,0,0,0,0,0.0,0.0,0.0,0.0,0,0,0,0.00,0.00,0.00,0.00,0.00,0.00,0.00,0.00,0.00,0.00,https://fbref.com/fr/joueurs/9413b19f/Alex-Meret
Junior Messias,BRA,"MT,AT",Genoa,33-154,1991,3,3,265,2.9,1,0,1,1,0,1,0,0,1.8,0.9,0.2,1.1,8,6,16,0.34,0.00,0.34,0.34,0.34,0.63,0.07,0.69,0.31,0.37,https://fbref.com/fr/joueurs/f49c4ae9/Junior-Messias
Valentin Mihaila,ROU,"AT,MT",Parma,24-255,2000,7,6,420,4.7,0,1,1,0,0,0,1,0,1.7,1.7,0.4,2.1,11,12,24,0.00,0.21,0.21,0.00,0.21,0.36,0.08,0.44,0.36,0.44,https://fbref.com/fr/joueurs/81a4c239/Valentin-Mihaila
Vanja Milinković-Savić,SRB,GB,Torino,27-237,1997,6,6,540,6.0,0,0,0,0,0,0,1,0,0.0,0.0,0.0,0.0,0,0,0,0.00,0.00,0.00,0.00,0.00,0.00,0.00,0.00,0.00,0.00,https://fbref.com/fr/joueurs/9fa26bc2/Vanja-Milinkovic-Savic
Yerry Mina,COL,DF,Cagliari,30-021,1994,6,6,498,5.5,0,0,0,0,0,0,2,0,0.3,0.3,0.0,0.4,2,16,5,0.00,0.00,0.00,0.00,0.00,0.06,0.01,0.07,0.06,0.07,https://fbref.com/fr/joueurs/6d5701f2/Yerry-Mina
Juan Miranda,ESP,DF,Bologna,24-269,2000,5,2,228,2.5,0,0,0,0,0,0,0,0,0.1,0.1,0.2,0.3,8,17,11,0.00,0.00,0.00,0.00,0.00,0.03,0.09,0.12,0.03,0.12,https://fbref.com/fr/joueurs/ead61f73/Juan-Miranda
Fabio Miretti,ITA,MT,Genoa,21-072,2003,2,2,134,1.5,0,0,0,0,0,0,0,0,0.1,0.1,0.1,0.2,0,4,2,0.00,0.00,0.00,0.00,0.00,0.07,0.06,0.13,0.07,0.13,https://fbref.com/fr/joueurs/34693494/Fabio-Miretti
Henrikh Mkhitaryan,ARM,MT,Inter,35-267,1989,7,7,528,5.9,0,0,0,0,0,0,2,0,0.2,0.2,0.2,0.4,13,40,22,0.00,0.00,0.00,0.00,0.00,0.04,0.03,0.07,0.04,0.07,https://fbref.com/fr/joueurs/dd0daf32/Henrikh-Mkhitaryan
Lorenzo Montipò,ITA,GB,Hellas Verona,28-237,1996,7,7,630,7.0,0,0,0,0,0,0,0,0,0.0,0.0,0.0,0.0,0,1,0,0.00,0.00,0.00,0.00,0.00,0.00,0.00,0.00,0.00,0.00,https://fbref.com/fr/joueurs/c1d95617/Lorenzo-Montipo
Álvaro Morata,ESP,"MT,AT",Milan,31-357,1992,5,3,279,3.1,2,0,2,2,0,0,2,0,0.4,0.4,0.2,0.6,7,12,16,0.65,0.00,0.65,0.65,0.65,0.13,0.08,0.20,0.13,0.20,https://fbref.com/fr/joueurs/129af0db/Alvaro-Morata
Alberto Moreno,ESP,DF,Como,32-101,1992,7,7,629,7.0,0,0,0,0,0,0,3,0,0.2,0.2,0.6,0.8,4,25,19,0.00,0.00,0.00,0.00,0.00,0.03,0.08,0.11,0.03,0.11,https://fbref.com/fr/joueurs/11b9265b/Alberto-Moreno
Tete Morente,ESP,AT,Lecce,27-315,1996,7,4,320,3.6,0,0,0,0,0,0,1,0,0.7,0.7,0.2,0.8,8,16,22,0.00,0.00,0.00,0.00,0.00,0.18,0.05,0.23,0.18,0.23,https://fbref.com/fr/joueurs/004d185e/Tete-Morente
Nikola Moro,CRO,MT,Bologna,26-216,1998,5,4,292,3.2,0,0,0,0,0,0,0,0,0.2,0.2,0.2,0.4,6,28,10,0.00,0.00,0.00,0.00,0.00,0.07,0.05,0.13,0.07,0.13,https://fbref.com/fr/joueurs/ff579c7e/Nikola-Moro
Daniel Mosquera,COL,"AT,MT",Hellas Verona,24-360,1999,7,2,262,2.9,3,1,4,3,0,0,1,0,1.9,1.9,0.6,2.6,4,3,16,1.03,0.34,1.37,1.03,1.37,0.67,0.22,0.89,0.67,0.89,https://fbref.com/fr/joueurs/091b9eb8/Daniel-Mosquera
Dany Mota,POR,MT,Monza,26-165,1998,5,2,230,2.6,2,0,2,2,0,0,1,0,0.9,0.9,0.0,0.9,10,6,11,0.78,0.00,0.78,0.78,0.78,0.34,0.02,0.36,0.34,0.36,https://fbref.com/fr/joueurs/efc9e31f/Dany-Mota
Yunus Musah,USA,MT,Milan,21-320,2002,5,1,150,1.7,0,1,1,0,0,0,0,0,0.2,0.2,0.3,0.5,6,15,4,0.00,0.60,0.60,0.00,0.60,0.11,0.21,0.32,0.11,0.32,https://fbref.com/fr/joueurs/b51b1b9c/Yunus-Musah
Juan Musso,ARG,GB,Atalanta,30-161,1994,1,1,90,1.0,0,0,0,0,0,0,0,0,0.0,0.0,0.0,0.0,0,0,0,0.00,0.00,0.00,0.00,0.00,0.00,0.00,0.00,0.00,0.00,https://fbref.com/fr/joueurs/a111cf41/Juan-Musso
Kingstone Mutandwa,ZAM,"MT,AT",Cagliari,21-283,2003,2,0,47,0.5,0,0,0,0,0,0,0,0,0.3,0.3,0.0,0.3,0,0,1,0.00,0.00,0.00,0.00,0.00,0.58,0.00,0.58,0.58,0.58,https://fbref.com/fr/joueurs/cbe32194/Kingstone-Mutandwa
Obite N'Dicka,CIV,DF,Roma,25-055,1999,7,7,630,7.0,0,0,0,0,0,0,0,0,0.1,0.1,0.3,0.4,7,21,1,0.00,0.00,0.00,0.00,0.00,0.02,0.04,0.05,0.02,0.05,https://fbref.com/fr/joueurs/441197b8/Obite-NDicka
Michel Ndary Adopo,FRA,MT,Cagliari,24-087,2000,5,2,261,2.9,0,1,1,0,0,0,0,0,0.0,0.0,0.9,0.9,4,12,4,0.00,0.34,0.34,0.00,0.34,0.01,0.30,0.32,0.01,0.32,https://fbref.com/fr/joueurs/599d91d0/Michel-Ndary-Adopo
Dan Ndoye,SUI,"AT,MT",Bologna,23-355,2000,6,5,410,4.6,0,1,1,0,0,0,0,0,1.5,1.5,0.6,2.0,30,17,63,0.00,0.22,0.22,0.00,0.22,0.32,0.13,0.45,0.32,0.45,https://fbref.com/fr/joueurs/8e697a8f/Dan-Ndoye
David Neres,BRA,"MT,AT",Napoli,27-225,1997,6,0,69,0.8,1,3,4,1,0,0,0,0,0.6,0.6,1.0,1.6,9,5,13,1.30,3.91,5.22,1.30,5.22,0.84,1.25,2.09,0.84,2.09,https://fbref.com/fr/joueurs/4f1e6a0b/David-Neres
Cyril Ngonge,BEL,DF,Napoli,24-141,2000,1,0,12,0.1,0,0,0,0,0,0,0,0,0.1,0.1,0.0,0.1,1,2,7,0.00,0.00,0.00,0.00,0.00,0.41,0.00,0.41,0.41,0.41,https://fbref.com/fr/joueurs/2b8360f1/Cyril-Ngonge
Hans Nicolussi Caviglia,ITA,MT,Venezia,24-118,2000,5,4,323,3.6,0,1,1,0,0,0,2,1,0.3,0.3,0.3,0.6,6,15,3,0.00,0.28,0.28,0.00,0.28,0.08,0.08,0.16,0.08,0.16,https://fbref.com/fr/joueurs/b136c945/Hans-Nicolussi-Caviglia
Eybi Nije,SWE,DF,Torino,19-153,2005,2,0,29,0.3,0,0,0,0,0,0,0,0,0.0,0.0,0.0,0.0,2,0,1,0.00,0.00,0.00,0.00,0.00,0.06,0.00,0.06,0.06,0.06,https://fbref.com/fr/joueurs/15918c9c/Eybi-Nije
Brooke Norton-Cuffy,ENG,DF,Genoa,20-276,2004,1,0,10,0.1,0,0,0,0,0,0,0,0,0.0,0.0,0.0,0.0,0,1,0,0.00,0.00,0.00,0.00,0.00,0.00,0.00,0.00,0.00,0.00,https://fbref.com/fr/joueurs/54f5b2bd/Brooke-Norton-Cuffy
Tijjani Noslin,NED,"AT,MT",Lazio,25-099,1999,7,3,236,2.6,1,0,1,1,0,0,0,0,0.7,0.7,0.2,0.9,4,6,17,0.38,0.00,0.38,0.38,0.38,0.26,0.09,0.35,0.26,0.35,https://fbref.com/fr/joueurs/2f067cf2/Tijjani-Noslin
Adam Obert,SVK,DF,Cagliari,22-052,2002,3,2,163,1.8,0,0,0,0,0,0,1,0,0.0,0.0,0.0,0.0,5,11,7,0.00,0.00,0.00,0.00,0.00,0.02,0.00,0.02,0.02,0.02,https://fbref.com/fr/joueurs/aa25ce92/Adam-Obert
Jens Odgaard,DEN,"AT,MT",Bologna,25-197,1999,5,2,217,2.4,0,0,0,0,0,0,0,0,0.3,0.3,0.0,0.3,4,2,16,0.00,0.00,0.00,0.00,0.00,0.11,0.01,0.12,0.11,0.12,https://fbref.com/fr/joueurs/75374ee7/Jens-Odgaard
Noah Okafor,SUI,AT,Milan,24-143,2000,6,2,222,2.5,1,0,1,1,0,0,0,0,1.1,1.1,0.2,1.3,10,4,24,0.41,0.00,0.41,0.41,0.41,0.45,0.06,0.51,0.45,0.51,https://fbref.com/fr/joueurs/ca607d59/Noah-Okafor
Yllan Okou,FRA,DF,Hellas Verona,21-296,2002,1,0,2,0.0,0,0,0,0,0,0,0,0,0.0,0.0,0.0,0.0,0,0,0,0.00,0.00,0.00,0.00,0.00,0.00,0.00,0.00,0.00,0.00,https://fbref.com/fr/joueurs/fa753b79/Yllan-Okou
Maduka Okoye,NGA,GB,Udinese,25-047,1999,7,7,630,7.0,0,0,0,0,0,0,1,0,0.0,0.0,0.0,0.0,0,0,0,0.00,0.00,0.00,0.00,0.00,0.00,0.00,0.00,0.00,0.00,https://fbref.com/fr/joueurs/ab5c36dd/Maduka-Okoye
Mathías Olivera,URU,DF,Napoli,26-349,1997,7,5,468,5.2,0,0,0,0,0,0,0,0,0.1,0.1,0.6,0.7,8,14,13,0.00,0.00,0.00,0.00,0.00,0.02,0.12,0.13,0.02,0.13,https://fbref.com/fr/joueurs/41c12f75/Mathias-Olivera
Gaetano Oristanio,ITA,"MT,AT",Venezia,22-016,2002,7,7,450,5.0,1,0,1,1,0,0,1,0,1.0,1.0,0.6,1.6,9,12,18,0.20,0.00,0.20,0.20,0.20,0.20,0.11,0.31,0.20,0.31,https://fbref.com/fr/joueurs/5cfc74fc/Gaetano-Oristanio
Riccardo Orsolini,ITA,"AT,MT",Bologna,27-264,1997,6,6,378,4.2,1,0,1,0,1,1,0,0,2.2,1.4,0.8,2.2,13,13,40,0.24,0.00,0.24,0.00,0.00,0.52,0.19,0.71,0.34,0.52,https://fbref.com/fr/joueurs/e14ec482/Riccardo-Orsolini
Yordan Osorio,VEN,DF,Parma,30-157,1994,3,2,172,1.9,0,0,0,0,0,0,0,0,0.0,0.0,0.1,0.1,1,3,0,0.00,0.00,0.00,0.00,0.00,0.01,0.07,0.08,0.01,0.08,https://fbref.com/fr/joueurs/4d17df3e/Yordan-Osorio
Remi Oudin,FRA,"MT,AT",Lecce,27-331,1996,4,1,96,1.1,0,0,0,0,0,0,0,0,0.0,0.0,0.2,0.2,0,4,9,0.00,0.00,0.00,0.00,0.00,0.04,0.17,0.21,0.04,0.21,https://fbref.com/fr/joueurs/ea02beaf/Remi-Oudin
Alberto Paleari,ITA,GB,Torino,32-046,1992,1,1,90,1.0,0,0,0,0,0,0,0,0,0.0,0.0,0.0,0.0,0,0,0,0.00,0.00,0.00,0.00,0.00,0.00,0.00,0.00,0.00,0.00,https://fbref.com/fr/joueurs/94a3606c/Alberto-Paleari
Marco Palestra,ITA,DF,Atalanta,19-225,2005,4,0,46,0.5,0,0,0,0,0,0,0,0,0.0,0.0,0.1,0.1,2,1,4,0.00,0.00,0.00,0.00,0.00,0.00,0.27,0.27,0.00,0.27,https://fbref.com/fr/joueurs/1f1828dd/Marco-Palestra
Leandro Paredes,ARG,MT,Roma,30-107,1994,3,1,104,1.2,0,1,1,0,0,0,0,0,0.1,0.1,0.3,0.4,0,3,0,0.00,0.87,0.87,0.00,0.87,0.10,0.25,0.36,0.10,0.36,https://fbref.com/fr/joueurs/dff153a4/Leandro-Paredes
Fabiano Parisi,ITA,DF,Fiorentina,23-340,2000,3,1,124,1.4,0,0,0,0,0,0,0,0,0.1,0.1,0.0,0.1,2,5,2,0.00,0.00,0.00,0.00,0.00,0.06,0.00,0.06,0.06,0.06,https://fbref.com/fr/joueurs/0967845b/Fabiano-Parisi
Mario Pašalić,CRO,MT,Atalanta,29-248,1995,7,5,437,4.9,0,1,1,0,0,1,1,0,2.2,1.4,0.7,2.1,6,42,11,0.00,0.21,0.21,0.00,0.21,0.45,0.14,0.59,0.29,0.43,https://fbref.com/fr/joueurs/e599253a/Mario-Pasalic
Patric,ESP,DF,Lazio,31-180,1993,3,2,225,2.5,0,0,0,0,0,0,2,0,0.0,0.0,0.0,0.0,1,10,4,0.00,0.00,0.00,0.00,0.00,0.00,0.00,0.00,0.00,0.00,https://fbref.com/fr/joueurs/f7223718/Patric
Benjamin Pavard,FRA,DF,Inter,28-200,1996,5,4,405,4.5,0,1,1,0,0,0,1,0,0.2,0.2,0.4,0.6,3,24,8,0.00,0.22,0.22,0.00,0.22,0.04,0.08,0.13,0.04,0.13,https://fbref.com/fr/joueurs/45a03961/Benjamin-Pavard
Strahinja Pavlović,SRB,DF,Milan,23-143,2001,4,3,271,3.0,1,0,1,1,0,0,1,0,0.9,0.9,0.0,0.9,4,15,1,0.33,0.00,0.33,0.33,0.33,0.29,0.00,0.29,0.29,0.29,https://fbref.com/fr/joueurs/25146df0/Strahinja-Pavlovic
Leonardo Pavoletti,ITA,"AT,MT",Cagliari,35-323,1988,5,0,97,1.1,0,0,0,0,0,0,1,0,0.6,0.6,0.7,1.3,1,5,4,0.00,0.00,0.00,0.00,0.00,0.55,0.61,1.16,0.55,1.16,https://fbref.com/fr/joueurs/d37b0350/Leonardo-Pavoletti
Martín Payero,ARG,MT,Udinese,26-033,1998,4,3,212,2.4,0,0,0,0,0,0,1,0,0.2,0.2,0.1,0.3,2,11,4,0.00,0.00,0.00,0.00,0.00,0.07,0.06,0.13,0.07,0.13,https://fbref.com/fr/joueurs/bdbff2b5/Martin-Payero
Nicolás Paz,ARG,"MT,AT",Como,20-036,2004,6,4,418,4.6,0,2,2,0,0,0,0,0,1.2,1.2,2.0,3.2,20,26,26,0.00,0.43,0.43,0.00,0.43,0.25,0.43,0.68,0.25,0.68,https://fbref.com/fr/joueurs/01bb93d5/Nicolas-Paz
Marcus Pedersen,NOR,DF,Torino,24-090,2000,4,2,209,2.3,0,0,0,0,0,0,1,0,0.0,0.0,0.1,0.1,8,0,9,0.00,0.00,0.00,0.00,0.00,0.00,0.05,0.05,0.00,0.05,https://fbref.com/fr/joueurs/596cc50e/Marcus-Pedersen
Pedro,ESP,"AT,MT",Lazio,37-078,1987,3,0,45,0.5,1,0,1,1,0,0,0,0,0.1,0.1,0.1,0.1,4,5,4,2.00,0.00,2.00,2.00,2.00,0.12,0.10,0.22,0.12,0.22,https://fbref.com/fr/joueurs/3ca7254a/Pedro
Pietro Pellegri,ITA,"AT,MT",Empoli,23-211,2001,4,0,68,0.8,0,0,0,0,0,0,1,0,0.0,0.0,0.3,0.4,4,3,8,0.00,0.00,0.00,0.00,0.00,0.05,0.44,0.49,0.05,0.49,https://fbref.com/fr/joueurs/a44d3a3c/Pietro-Pellegri
Lorenzo Pellegrini,ITA,MT,Roma,28-117,1996,7,6,522,5.8,0,1,1,0,0,0,1,0,1.1,1.1,0.7,1.8,4,18,33,0.00,0.17,0.17,0.00,0.17,0.19,0.12,0.31,0.19,0.31,https://fbref.com/fr/joueurs/4a5a45c7/Lorenzo-Pellegrini
Luca Pellegrini,ITA,DF,Lazio,25-221,1999,2,0,28,0.3,0,0,0,0,0,0,0,0,0.0,0.0,0.0,0.0,1,0,1,0.00,0.00,0.00,0.00,0.00,0.00,0.03,0.03,0.00,0.03,https://fbref.com/fr/joueurs/3b61c9ec/Luca-Pellegrini
Andy Pelmard,FRA,DF,Lecce,24-216,2000,1,0,5,0.1,0,0,0,0,0,0,0,0,0.0,0.0,0.0,0.0,0,0,0,0.00,0.00,0.00,0.00,0.00,0.00,0.00,0.00,0.00,0.00,https://fbref.com/fr/joueurs/f18d7ab2/Andy-Pelmard
Pedro Pereira,POR,DF,Monza,26-266,1998,6,5,418,4.6,0,1,1,0,0,0,0,0,0.0,0.0,0.1,0.2,7,8,19,0.00,0.22,0.22,0.00,0.22,0.01,0.03,0.04,0.01,0.04,https://fbref.com/fr/joueurs/c77be0cf/Pedro-Pereira
Nehuén Pérez,ARG,DF,Udinese,24-112,2000,2,2,180,2.0,0,0,0,0,0,0,0,0,0.0,0.0,0.0,0.0,2,4,2,0.00,0.00,0.00,0.00,0.00,0.00,0.00,0.00,0.00,0.00,https://fbref.com/fr/joueurs/f7c491f1/Nehuen-Perez
Mattia Perin,ITA,GB,Juventus,31-339,1992,2,2,180,2.0,0,0,0,0,0,0,0,0,0.0,0.0,0.0,0.0,0,0,0,0.00,0.00,0.00,0.00,0.00,0.00,0.00,0.00,0.00,0.00,https://fbref.com/fr/joueurs/4c62d0c8/Mattia-Perin
Máximo Perrone,ARG,MT,Como,21-281,2003,6,5,480,5.3,0,1,1,0,0,0,1,0,0.1,0.1,0.3,0.4,3,22,5,0.00,0.19,0.19,0.00,0.19,0.02,0.06,0.07,0.02,0.07,https://fbref.com/fr/joueurs/53552942/Maximo-Perrone
Matteo Pessina,ITA,MT,Monza,27-176,1997,7,7,585,6.5,0,0,0,0,0,0,1,0,0.1,0.1,0.0,0.1,6,13,13,0.00,0.00,0.00,0.00,0.00,0.01,0.01,0.02,0.01,0.02,https://fbref.com/fr/joueurs/780e3631/Matteo-Pessina
Andrea Petagna,ITA,AT,Monza,29-106,1995,3,2,179,2.0,0,0,0,0,0,0,1,0,0.2,0.2,0.0,0.2,2,1,7,0.00,0.00,0.00,0.00,0.00,0.09,0.00,0.09,0.09,0.09,https://fbref.com/fr/joueurs/03f946ed/Andrea-Petagna
Giuseppe Pezzella,ITA,"DF,AT",Empoli,26-320,1997,7,7,544,6.0,0,1,1,0,0,0,2,0,0.1,0.1,0.5,0.7,15,10,20,0.00,0.17,0.17,0.00,0.17,0.02,0.09,0.11,0.02,0.11,https://fbref.com/fr/joueurs/149c5f5d/Giuseppe-Pezzella
Roberto Piccoli,ITA,AT,Cagliari,23-261,2001,7,7,577,6.4,2,0,2,2,0,0,1,0,2.3,2.3,0.2,2.5,6,7,36,0.31,0.00,0.31,0.31,0.31,0.36,0.03,0.39,0.36,0.39,https://fbref.com/fr/joueurs/1cadaf34/Roberto-Piccoli
Nicholas Pierini,ITA,MT,Venezia,26-069,1998,2,0,83,0.9,0,0,0,0,0,0,0,0,0.0,0.0,0.1,0.1,1,2,4,0.00,0.00,0.00,0.00,0.00,0.04,0.10,0.13,0.04,0.13,https://fbref.com/fr/joueurs/7cc89a5f/Nicholas-Pierini
Santiago Pierotti,ARG,"AT,MT",Lecce,23-194,2001,7,0,157,1.7,0,0,0,0,0,0,0,0,0.3,0.3,0.3,0.6,6,3,10,0.00,0.00,0.00,0.00,0.00,0.15,0.18,0.33,0.15,0.33,https://fbref.com/fr/joueurs/ec315772/Santiago-Pierotti
Balthazar Pierret,FRA,MT,Lecce,24-152,2000,7,6,409,4.5,0,0,0,0,0,0,1,0,0.0,0.0,0.2,0.2,2,18,3,0.00,0.00,0.00,0.00,0.00,0.00,0.05,0.05,0.00,0.05,https://fbref.com/fr/joueurs/c269463b/Balthazar-Pierret
Andrea Pinamonti,ITA,"AT,MT",Genoa,25-148,1999,6,5,444,4.9,1,0,1,1,0,0,1,0,0.6,0.6,0.1,0.6,1,2,9,0.20,0.00,0.20,0.20,0.20,0.11,0.01,0.13,0.11,0.13,https://fbref.com/fr/joueurs/08aa9cd1/Andrea-Pinamonti
Niccolò Pisilli,ITA,MT,Roma,20-021,2004,5,3,244,2.7,1,0,1,1,0,0,2,0,0.8,0.8,0.3,1.1,5,13,10,0.37,0.00,0.37,0.37,0.37,0.31,0.10,0.41,0.31,0.41,https://fbref.com/fr/joueurs/c84dcc88/Niccolo-Pisilli
Semuel Pizzignacco,ITA,GB,Monza,23-043,2001,3,3,270,3.0,0,0,0,0,0,0,0,0,0.0,0.0,0.0,0.0,0,0,0,0.00,0.00,0.00,0.00,0.00,0.00,0.00,0.00,0.00,0.00,https://fbref.com/fr/joueurs/4f537cf7/Semuel-Pizzignacco
Tommaso Pobega,ITA,MT,Bologna,25-091,1999,1,1,90,1.0,0,0,0,0,0,0,1,0,0.1,0.1,0.0,0.1,1,4,1,0.00,0.00,0.00,0.00,0.00,0.12,0.00,0.12,0.12,0.12,https://fbref.com/fr/joueurs/55a1cac2/Tommaso-Pobega
Joel Pohjanpalo,FIN,AT,Venezia,30-031,1994,5,5,398,4.4,2,0,2,2,0,1,0,0,1.9,1.1,0.5,1.6,1,6,16,0.45,0.00,0.45,0.45,0.45,0.43,0.12,0.55,0.26,0.37,https://fbref.com/fr/joueurs/ea003d07/Joel-Pohjanpalo
Matteo Politano,ITA,"MT,AT",Napoli,31-072,1993,7,7,562,6.2,1,0,1,1,0,0,0,0,1.2,1.2,0.8,2.0,20,34,59,0.16,0.00,0.16,0.16,0.16,0.19,0.13,0.32,0.19,0.32,https://fbref.com/fr/joueurs/5e861944/Matteo-Politano
Marin Pongračić,CRO,DF,Fiorentina,27-033,1997,2,1,92,1.0,0,0,0,0,0,0,2,1,0.0,0.0,0.0,0.0,0,2,0,0.00,0.00,0.00,0.00,0.00,0.00,0.01,0.01,0.00,0.01,https://fbref.com/fr/joueurs/2a6cd437/Marin-Pongracic
Stefan Posch,AUT,DF,Bologna,27-153,1997,6,5,463,5.1,0,0,0,0,0,0,1,0,0.0,0.0,0.6,0.6,9,29,22,0.00,0.00,0.00,0.00,0.00,0.00,0.12,0.12,0.00,0.12,https://fbref.com/fr/joueurs/7f609bfc/Stefan-Posch
Matteo Prati,ITA,MT,Cagliari,20-291,2003,3,3,175,1.9,0,0,0,0,0,0,1,0,0.0,0.0,0.1,0.1,1,7,3,0.00,0.00,0.00,0.00,0.00,0.00,0.07,0.07,0.00,0.07,https://fbref.com/fr/joueurs/d8363914/Matteo-Prati
Ivan Provedel,ITA,GB,Lazio,30-211,1994,7,7,630,7.0,0,0,0,0,0,0,0,0,0.0,0.0,0.0,0.0,0,0,0,0.00,0.00,0.00,0.00,0.00,0.00,0.01,0.01,0.00,0.01,https://fbref.com/fr/joueurs/277da414/Ivan-Provedel
Christian Pulisic,USA,"AT,MT",Milan,26-026,1998,7,7,545,6.1,5,2,7,4,1,1,0,0,3.2,2.4,2.0,4.3,27,24,35,0.83,0.33,1.16,0.66,0.99,0.52,0.32,0.84,0.39,0.71,https://fbref.com/fr/joueurs/1bf33a9a/Christian-Pulisic
Hamza Rafia,TUN,MT,Lecce,25-195,1999,6,2,228,2.5,0,0,0,0,0,0,2,0,0.1,0.1,0.5,0.7,5,12,12,0.00,0.00,0.00,0.00,0.00,0.05,0.22,0.27,0.05,0.27,https://fbref.com/fr/joueurs/6b587d3d/Hamza-Rafia
Antonio Raimondo,ITA,"AT,DF",Venezia,20-210,2004,6,0,78,0.9,0,0,0,0,0,0,0,0,0.3,0.3,0.1,0.4,2,1,6,0.00,0.00,0.00,0.00,0.00,0.37,0.11,0.48,0.37,0.48,https://fbref.com/fr/joueurs/ce1a6c7e/Antonio-Raimondo
Ylber Ramadani,ALB,MT,Lecce,28-185,1996,7,7,587,6.5,0,1,1,0,0,0,1,0,0.3,0.3,0.6,0.9,6,26,2,0.00,0.15,0.15,0.00,0.15,0.04,0.10,0.14,0.04,0.14,https://fbref.com/fr/joueurs/ef3c876b/Ylber-Ramadani
Luca Ranieri,ITA,DF,Fiorentina,25-174,1999,6,5,485,5.4,0,1,1,0,0,0,0,0,0.0,0.0,0.8,0.8,4,12,1,0.00,0.19,0.19,0.00,0.19,0.01,0.15,0.15,0.01,0.15,https://fbref.com/fr/joueurs/8c63fae5/Luca-Ranieri
Giacomo Raspadori,ITA,"AT,MT",Napoli,24-239,2000,4,2,194,2.2,0,0,0,0,0,0,1,0,0.7,0.7,0.2,0.8,4,7,11,0.00,0.00,0.00,0.00,0.00,0.31,0.08,0.39,0.31,0.39,https://fbref.com/fr/joueurs/6e058f06/Giacomo-Raspadori
Federico Ravaglia,ITA,GB,Bologna,24-338,1999,2,2,180,2.0,0,0,0,0,0,0,0,0,0.0,0.0,0.0,0.0,0,0,0,0.00,0.00,0.00,0.00,0.00,0.00,0.02,0.02,0.00,0.02,https://fbref.com/fr/joueurs/6662d731/Federico-Ravaglia
Ante Rebić,CRO,"AT,MT",Lecce,31-023,1993,5,4,259,2.9,0,0,0,0,0,0,1,0,0.3,0.3,1.1,1.4,4,12,18,0.00,0.00,0.00,0.00,0.00,0.10,0.37,0.47,0.10,0.47,https://fbref.com/fr/joueurs/536cebe5/Ante-Rebic
Tijjani Reijnders,NED,MT,Milan,26-077,1998,7,6,523,5.8,0,1,1,0,0,0,1,0,0.3,0.3,0.5,0.8,25,49,16,0.00,0.17,0.17,0.00,0.17,0.06,0.08,0.14,0.06,0.14,https://fbref.com/fr/joueurs/afb61630/Tijjani-Reijnders
Pepe Reina,ESP,GB,Como,42-044,1982,3,3,270,3.0,0,0,0,0,0,0,0,0,0.0,0.0,0.0,0.0,0,0,0,0.00,0.00,0.00,0.00,0.00,0.00,0.00,0.00,0.00,0.00,https://fbref.com/fr/joueurs/e358587b/Pepe-Reina
Mateo Retegui,ITA,AT,Atalanta,25-168,1999,7,6,473,5.3,7,1,8,5,2,2,1,0,5.2,3.6,0.6,4.2,1,8,40,1.33,0.19,1.52,0.95,1.14,0.99,0.11,1.10,0.69,0.80,https://fbref.com/fr/joueurs/e7695e6c/Mateo-Retegui
Samuele Ricci,ITA,MT,Torino,23-054,2001,7,7,592,6.6,0,0,0,0,0,0,1,0,0.3,0.3,0.1,0.5,12,28,6,0.00,0.00,0.00,0.00,0.00,0.05,0.02,0.07,0.05,0.07,https://fbref.com/fr/joueurs/9823be92/Samuele-Ricci
Amir Richardson,MAR,MT,Fiorentina,22-264,2002,3,1,130,1.4,0,0,0,0,0,0,1,0,0.2,0.2,0.0,0.2,1,5,4,0.00,0.00,0.00,0.00,0.00,0.12,0.03,0.15,0.12,0.15,https://fbref.com/fr/joueurs/2b7cdb79/Amir-Richardson
Sergi Roberto,ESP,MT,Como,32-250,1992,6,4,407,4.5,0,1,1,0,0,0,2,0,0.7,0.7,0.7,1.3,4,22,10,0.00,0.22,0.22,0.00,0.22,0.15,0.15,0.30,0.15,0.30,https://fbref.com/fr/joueurs/335fa267/Sergi-Roberto
Alessio Romagnoli,ITA,DF,Lazio,29-276,1995,6,6,540,6.0,0,0,0,0,0,0,1,0,0.5,0.5,0.0,0.5,1,7,0,0.00,0.00,0.00,0.00,0.00,0.08,0.00,0.08,0.08,0.08,https://fbref.com/fr/joueurs/3ead85f9/Alessio-Romagnoli
Marten de Roon,NED,"DF,MT",Atalanta,33-199,1991,7,7,630,7.0,1,0,1,1,0,0,3,0,0.0,0.0,0.4,0.4,5,52,6,0.14,0.00,0.14,0.14,0.14,0.00,0.06,0.06,0.00,0.06,https://fbref.com/fr/joueurs/2a1beb34/Marten-de-Roon
Jonas Rouhi,SWE,DF,Juventus,20-281,2004,2,1,87,1.0,0,0,0,0,0,0,0,0,0.0,0.0,0.0,0.0,0,4,3,0.00,0.00,0.00,0.00,0.00,0.00,0.00,0.00,0.00,0.00,https://fbref.com/fr/joueurs/31908a0a/Jonas-Rouhi
Nicolò Rovella,ITA,MT,Lazio,22-315,2001,6,5,444,4.9,0,0,0,0,0,0,3,0,0.0,0.0,0.1,0.2,7,29,5,0.00,0.00,0.00,0.00,0.00,0.01,0.03,0.04,0.01,0.04,https://fbref.com/fr/joueurs/e58cbfd5/Nicolo-Rovella
Amir Rrahmani,KVX,DF,Napoli,30-233,1994,7,7,630,7.0,0,1,1,0,0,0,1,0,0.5,0.5,0.1,0.7,3,33,0,0.00,0.14,0.14,0.00,0.14,0.08,0.02,0.10,0.08,0.10,https://fbref.com/fr/joueurs/4b3e1a38/Amir-Rrahmani
Matteo Ruggeri,ITA,DF,Atalanta,22-095,2002,5,5,417,4.6,0,1,1,0,0,0,0,0,0.0,0.0,0.2,0.2,14,22,24,0.00,0.22,0.22,0.00,0.22,0.00,0.05,0.05,0.00,0.05,https://fbref.com/fr/joueurs/ae9898c5/Matteo-Ruggeri
Stefano Sabelli,ITA,DF,Genoa,31-275,1993,6,4,295,3.3,0,1,1,0,0,0,0,0,0.1,0.1,0.6,0.7,6,10,13,0.00,0.31,0.31,0.00,0.31,0.02,0.19,0.21,0.02,0.21,https://fbref.com/fr/joueurs/0ccac09c/Stefano-Sabelli
Alexis Saelemaekers,BEL,"AT,DF",Roma,25-109,1999,2,2,110,1.2,0,0,0,0,0,0,1,0,0.0,0.0,0.1,0.2,2,3,6,0.00,0.00,0.00,0.00,0.00,0.01,0.12,0.13,0.01,0.13,https://fbref.com/fr/joueurs/ee251371/Alexis-Saelemaekers
Alexis Saelemaekers,BEL,"DF,AT",Milan,25-109,1999,1,1,90,1.0,0,0,0,0,0,0,0,0,0.0,0.0,0.1,0.1,7,4,13,0.00,0.00,0.00,0.00,0.00,0.00,0.06,0.06,0.00,0.06,https://fbref.com/fr/joueurs/ee251371/Alexis-Saelemaekers
Richie Sagrado,BEL,DF,Venezia,20-258,2004,1,1,52,0.6,0,0,0,0,0,0,1,0,0.1,0.1,0.0,0.1,0,0,0,0.00,0.00,0.00,0.00,0.00,0.09,0.00,0.09,0.09,0.09,https://fbref.com/fr/joueurs/3e3190f1/Richie-Sagrado
Marco Sala,ITA,DF,Como,25-132,1999,3,1,93,1.0,0,0,0,0,0,0,1,0,0.0,0.0,0.1,0.1,2,6,7,0.00,0.00,0.00,0.00,0.00,0.00,0.10,0.10,0.00,0.10,https://fbref.com/fr/joueurs/0c57be8b/Marco-Sala
Lazar Samardzic,SRB,"MT,AT",Atalanta,22-233,2002,5,1,217,2.4,1,0,1,1,0,0,0,0,0.6,0.6,0.5,1.2,12,15,26,0.41,0.00,0.41,0.41,0.41,0.27,0.22,0.49,0.27,0.49,https://fbref.com/fr/joueurs/217c93a1/Lazar-Samardzic
Antonio Sanabria,PAR,"AT,MT",Torino,28-224,1996,4,3,216,2.4,1,0,1,1,0,1,1,0,1.7,0.9,0.1,1.0,1,1,10,0.42,0.00,0.42,0.42,0.42,0.70,0.05,0.75,0.37,0.42,https://fbref.com/fr/joueurs/0a447501/Antonio-Sanabria
Amin Sarr,SWE,AT,Hellas Verona,23-217,2001,3,1,40,0.4,0,0,0,0,0,0,0,0,0.0,0.0,0.0,0.0,1,1,4,0.00,0.00,0.00,0.00,0.00,0.00,0.00,0.00,0.00,0.00,https://fbref.com/fr/joueurs/d5326924/Amin-Sarr
Nicolò Savona,ITA,DF,Juventus,21-209,2003,6,4,387,4.3,1,0,1,1,0,0,1,0,0.3,0.3,0.5,0.8,11,16,14,0.23,0.00,0.23,0.23,0.23,0.07,0.12,0.20,0.07,0.20,https://fbref.com/fr/joueurs/e041497d/Nicolo-Savona
Saba Sazonov,GEO,DF,Torino,22-256,2002,1,0,3,0.0,0,0,0,0,0,0,0,0,0.0,0.0,0.0,0.0,0,0,0,0.00,0.00,0.00,0.00,0.00,0.00,0.00,0.00,0.00,0.00,https://fbref.com/fr/joueurs/645dffbf/Saba-Sazonov
Joël Schingtienne,BEL,DF,Venezia,22-063,2002,1,1,90,1.0,0,0,0,0,0,0,1,0,0.0,0.0,0.0,0.0,0,0,0,0.00,0.00,0.00,0.00,0.00,0.00,0.00,0.00,0.00,0.00,https://fbref.com/fr/joueurs/35a4790e/Joel-Schingtienne
Simone Scuffet,ITA,GB,Cagliari,28-136,1996,7,7,630,7.0,0,0,0,0,0,0,0,0,0.0,0.0,0.0,0.0,0,0,0,0.00,0.00,0.00,0.00,0.00,0.00,0.00,0.00,0.00,0.00,https://fbref.com/fr/joueurs/41bd99ea/Simone-Scuffet
Suat Serdar,GER,MT,Hellas Verona,27-186,1997,1,1,20,0.2,0,0,0,0,0,0,0,0,0.0,0.0,0.0,0.0,0,0,0,0.00,0.00,0.00,0.00,0.00,0.00,0.00,0.00,0.00,0.00,https://fbref.com/fr/joueurs/b3325a30/Suat-Serdar
Stephan El Shaarawy,ITA,DF,Roma,31-353,1992,5,4,253,2.8,0,1,1,0,0,0,0,0,0.6,0.6,0.3,0.9,9,11,23,0.00,0.36,0.36,0.00,0.36,0.22,0.10,0.31,0.22,0.31,https://fbref.com/fr/joueurs/d3aaad90/Stephan-El-Shaarawy
Eldor Shomurodov,UZB,"AT,DF",Roma,29-107,1995,4,0,38,0.4,1,0,1,1,0,0,1,0,0.6,0.6,0.0,0.6,1,1,5,2.37,0.00,2.37,2.37,2.37,1.37,0.08,1.45,1.37,1.45,https://fbref.com/fr/joueurs/57469b2d/Eldor-Shomurodov
Giovanni Simeone,ARG,AT,Napoli,29-101,1995,6,1,137,1.5,1,0,1,1,0,0,0,0,0.8,0.8,0.0,0.9,3,2,9,0.66,0.00,0.66,0.66,0.66,0.55,0.03,0.57,0.55,0.57,https://fbref.com/fr/joueurs/343c0d52/Giovanni-Simeone
Łukasz Skorupski,POL,GB,Bologna,33-162,1991,5,5,450,5.0,0,0,0,0,0,0,1,0,0.0,0.0,0.0,0.0,0,0,0,0.00,0.00,0.00,0.00,0.00,0.00,0.00,0.00,0.00,0.00,https://fbref.com/fr/joueurs/ab4449d6/Lukasz-Skorupski
Simon Sohm,SUI,MT,Parma,23-186,2001,7,6,448,5.0,0,0,0,0,0,0,0,0,0.9,0.9,0.1,1.0,8,16,6,0.00,0.00,0.00,0.00,0.00,0.19,0.02,0.20,0.19,0.20,https://fbref.com/fr/joueurs/a5f458d9/Simon-Sohm
Ola Solbakken,NOR,"MT,AT",Empoli,26-037,1998,6,3,278,3.1,0,0,0,0,0,0,1,0,0.7,0.7,0.1,0.9,4,7,9,0.00,0.00,0.00,0.00,0.00,0.23,0.05,0.28,0.23,0.28,https://fbref.com/fr/joueurs/78f13530/Ola-Solbakken
Yann Sommer,SUI,GB,Inter,35-302,1988,7,7,630,7.0,0,0,0,0,0,0,0,0,0.0,0.0,0.0,0.0,0,0,0,0.00,0.00,0.00,0.00,0.00,0.00,0.00,0.00,0.00,0.00,https://fbref.com/fr/joueurs/420c18a1/Yann-Sommer
Borna Sosa,CRO,DF,Torino,26-267,1998,5,3,254,2.8,0,0,0,0,0,0,0,0,0.0,0.0,0.1,0.1,1,8,11,0.00,0.00,0.00,0.00,0.00,0.01,0.02,0.03,0.01,0.03,https://fbref.com/fr/joueurs/af0d79a9/Borna-Sosa
Riccardo Sottil,ITA,"MT,AT",Fiorentina,25-133,1999,4,0,62,0.7,0,0,0,0,0,0,0,0,0.0,0.0,0.0,0.1,8,0,8,0.00,0.00,0.00,0.00,0.00,0.07,0.03,0.10,0.07,0.10,https://fbref.com/fr/joueurs/94816803/Riccardo-Sottil
Matìas Soulé,ARG,"MT,AT",Roma,21-182,2003,6,5,387,4.3,0,0,0,0,0,0,1,0,0.2,0.2,0.6,0.8,25,20,50,0.00,0.00,0.00,0.00,0.00,0.05,0.14,0.19,0.05,0.19,https://fbref.com/fr/joueurs/c13ddd3e/Matias-Soule
Leonardo Spinazzola,ITA,DF,Napoli,31-203,1993,6,2,176,2.0,0,1,1,0,0,0,0,0,0.0,0.0,0.4,0.5,6,7,12,0.00,0.51,0.51,0.00,0.51,0.02,0.21,0.23,0.02,0.23,https://fbref.com/fr/joueurs/3626daea/Leonardo-Spinazzola
Petar Stojanović,SVN,MT,Empoli,29-007,1995,1,0,3,0.0,0,0,0,0,0,0,0,0,0.0,0.0,0.0,0.0,0,0,0,0.00,0.00,0.00,0.00,0.00,0.00,0.00,0.00,0.00,0.00,https://fbref.com/fr/joueurs/13b44b02/Petar-Stojanovic
Gabriel Strefezza,BRA,"AT,MT",Como,27-179,1997,7,7,596,6.6,2,1,3,2,0,0,1,0,0.5,0.5,0.7,1.2,12,30,34,0.30,0.15,0.45,0.30,0.45,0.08,0.11,0.19,0.08,0.19,https://fbref.com/fr/joueurs/ac4a4508/Gabriel-Strefezza
Ibrahim Sulemana,GHA,MT,Atalanta,21-145,2003,2,0,14,0.2,0,0,0,0,0,0,0,0,0.0,0.0,0.0,0.0,0,1,0,0.00,0.00,0.00,0.00,0.00,0.00,0.00,0.00,0.00,0.00,https://fbref.com/fr/joueurs/230c3f3a/Ibrahim-Sulemana
Tomáš Suslov,SVK,"AT,MT",Hellas Verona,22-129,2002,4,3,246,2.7,0,0,0,0,0,0,3,1,0.2,0.2,0.3,0.4,3,8,9,0.00,0.00,0.00,0.00,0.00,0.05,0.09,0.15,0.05,0.15,https://fbref.com/fr/joueurs/83fe71b8/Tomas-Suslov
Zion Suzuki,JPN,GB,Parma,22-054,2002,6,6,524,5.8,0,0,0,0,0,0,2,1,0.0,0.0,0.0,0.0,0,0,0,0.00,0.00,0.00,0.00,0.00,0.00,0.00,0.00,0.00,0.00,https://fbref.com/fr/joueurs/51e1f4f5/Zion-Suzuki
Marin Šverko,CRO,DF,Venezia,26-253,1998,5,4,352,3.9,0,0,0,0,0,0,0,0,0.1,0.1,0.0,0.1,4,16,0,0.00,0.00,0.00,0.00,0.00,0.02,0.00,0.02,0.02,0.02,https://fbref.com/fr/joueurs/06dba850/Marin-Sverko
Mile Svilar,SRB,GB,Roma,25-048,1999,7,7,630,7.0,0,0,0,0,0,0,0,0,0.0,0.0,0.0,0.0,0,1,0,0.00,0.00,0.00,0.00,0.00,0.01,0.00,0.01,0.01,0.01,https://fbref.com/fr/joueurs/bcf5058a/Mile-Svilar
Michael Svoboda,AUT,DF,Venezia,25-365,1998,7,6,563,6.3,0,0,0,0,0,0,1,0,0.1,0.1,0.5,0.6,2,12,1,0.00,0.00,0.00,0.00,0.00,0.01,0.08,0.09,0.01,0.09,https://fbref.com/fr/joueurs/8abd174d/Michael-Svoboda
Adrien Tameze,CMR,"MT,DF",Torino,30-253,1994,6,3,240,2.7,0,0,0,0,0,0,1,0,0.0,0.0,0.5,0.5,5,12,12,0.00,0.00,0.00,0.00,0.00,0.00,0.17,0.17,0.00,0.17,https://fbref.com/fr/joueurs/8da74c05/Adrien-Tameze
Mehdi Taremi,IRN,AT,Inter,32-088,1992,6,1,192,2.1,0,1,1,0,0,0,0,0,0.9,0.9,0.5,1.4,2,5,14,0.00,0.47,0.47,0.00,0.47,0.43,0.25,0.68,0.43,0.68,https://fbref.com/fr/joueurs/4c2a5d34/Mehdi-Taremi
Nuno Tavares,POR,DF,Lazio,24-262,2000,5,5,421,4.7,0,5,5,0,0,0,1,0,0.5,0.5,2.1,2.6,21,27,23,0.00,1.07,1.07,0.00,1.07,0.10,0.44,0.55,0.10,0.55,https://fbref.com/fr/joueurs/a65c844b/Nuno-Tavares
Loum Tchaouna,FRA,"AT,MT",Lazio,21-036,2003,6,1,146,1.6,0,0,0,0,0,0,0,0,0.8,0.8,0.3,1.0,7,4,14,0.00,0.00,0.00,0.00,0.00,0.48,0.16,0.63,0.48,0.63,https://fbref.com/fr/joueurs/a3c8b4d3/Loum-Tchaouna
Jackson Tchatchoua,CMR,"MT,DF",Hellas Verona,23-030,2001,7,7,626,7.0,1,1,2,1,0,0,3,0,0.2,0.2,0.7,0.9,21,13,38,0.14,0.14,0.29,0.14,0.29,0.03,0.10,0.13,0.03,0.13,https://fbref.com/fr/joueurs/aeca7743/Jackson-Tchatchoua
Casper Tengstedt,DEN,"AT,MT",Hellas Verona,24-135,2000,7,6,488,5.4,3,0,3,2,1,1,2,0,2.7,1.9,0.1,2.0,8,3,23,0.55,0.00,0.55,0.37,0.37,0.50,0.01,0.51,0.35,0.36,https://fbref.com/fr/joueurs/ff2fb007/Casper-Tengstedt
Filippo Terracciano,ITA,DF,Milan,21-249,2003,1,1,90,1.0,0,0,0,0,0,0,1,0,0.1,0.1,0.0,0.1,1,1,1,0.00,0.00,0.00,0.00,0.00,0.07,0.00,0.07,0.07,0.07,https://fbref.com/fr/joueurs/5cbb5ad6/Filippo-Terracciano
Pietro Terracciano,ITA,GB,Fiorentina,34-220,1990,3,3,270,3.0,0,0,0,0,0,0,0,0,0.0,0.0,0.0,0.0,0,0,0,0.00,0.00,0.00,0.00,0.00,0.00,0.00,0.00,0.00,0.00,https://fbref.com/fr/joueurs/e1b0a70d/Pietro-Terracciano
Florian Thauvin,FRA,"MT,AT",Udinese,31-262,1993,6,6,450,5.0,3,1,4,3,0,1,0,0,2.8,2.0,0.7,2.7,17,24,26,0.60,0.20,0.80,0.60,0.80,0.55,0.15,0.70,0.39,0.54,https://fbref.com/fr/joueurs/2b9fdeea/Florian-Thauvin
Malick Thiaw,GER,DF,Milan,23-067,2001,1,1,90,1.0,0,0,0,0,0,0,0,0,0.1,0.1,0.0,0.1,0,7,0,0.00,0.00,0.00,0.00,0.00,0.09,0.00,0.09,0.09,0.09,https://fbref.com/fr/joueurs/ff5ea0bf/Malick-Thiaw
Morten Thorsby,NOR,"MT,DF",Genoa,28-162,1996,6,2,226,2.5,0,0,0,0,0,0,1,0,0.5,0.5,0.3,0.7,1,7,10,0.00,0.00,0.00,0.00,0.00,0.19,0.10,0.30,0.19,0.30,https://fbref.com/fr/joueurs/d1b49282/Morten-Thorsby
Khéphren Thuram,FRA,MT,Juventus,23-202,2001,5,2,180,2.0,0,1,1,0,0,0,2,0,0.1,0.1,0.2,0.4,4,11,0,0.00,0.50,0.50,0.00,0.50,0.07,0.11,0.18,0.07,0.18,https://fbref.com/fr/joueurs/7d9397f8/Khephren-Thuram
Marcus Thuram,FRA,AT,Inter,27-069,1997,7,7,547,6.1,7,1,8,7,0,0,0,0,2.6,2.6,0.8,3.4,11,15,37,1.15,0.16,1.32,1.15,1.32,0.42,0.14,0.56,0.42,0.56,https://fbref.com/fr/joueurs/6f8cd6d0/Marcus-Thuram
Rafael Tolói,ITA,DF,Atalanta,34-004,1990,1,0,33,0.4,0,0,0,0,0,0,0,0,0.0,0.0,0.0,0.0,0,3,1,0.00,0.00,0.00,0.00,0.00,0.09,0.00,0.09,0.09,0.09,https://fbref.com/fr/joueurs/c56dc39e/Rafael-Toloi
Fikayo Tomori,ENG,DF,Milan,26-300,1997,6,6,540,6.0,0,0,0,0,0,0,1,0,0.1,0.1,0.0,0.1,4,21,1,0.00,0.00,0.00,0.00,0.00,0.01,0.00,0.02,0.01,0.02,https://fbref.com/fr/joueurs/7edfbb8a/Fikayo-Tomori
Souleymane Touré,FRA,DF,Udinese,21-200,2003,3,2,196,2.2,0,0,0,0,0,0,0,0,0.0,0.0,0.0,0.0,0,4,1,0.00,0.00,0.00,0.00,0.00,0.00,0.00,0.00,0.00,0.00,https://fbref.com/fr/joueurs/01fd01e8/Souleymane-Toure
Stefano Turati,ITA,GB,Monza,23-039,2001,4,4,360,4.0,0,0,0,0,0,0,0,0,0.0,0.0,0.0,0.0,0,0,0,0.00,0.00,0.00,0.00,0.00,0.00,0.00,0.00,0.00,0.00,https://fbref.com/fr/joueurs/bf168004/Stefano-Turati
Kacper Urbanski,POL,MT,Bologna,20-037,2004,4,1,160,1.8,1,0,1,1,0,0,1,0,0.3,0.3,0.4,0.7,5,10,15,0.56,0.00,0.56,0.56,0.56,0.16,0.25,0.40,0.16,0.40,https://fbref.com/fr/joueurs/2d9d9e42/Kacper-Urbanski
Emanuele Valeri,ITA,DF,Parma,25-312,1998,5,5,322,3.6,0,1,1,0,0,0,0,0,0.1,0.1,0.5,0.6,7,6,9,0.00,0.28,0.28,0.00,0.28,0.02,0.14,0.16,0.02,0.16,https://fbref.com/fr/joueurs/ec52b661/Emanuele-Valeri
Ignace Van Der Brempt,BEL,DF,Como,22-196,2002,4,3,307,3.4,0,0,0,0,0,0,1,0,0.1,0.1,0.2,0.3,2,10,14,0.00,0.00,0.00,0.00,0.00,0.03,0.04,0.07,0.03,0.07,https://fbref.com/fr/joueurs/2bf50b37/Ignace-Van-Der-Brempt
Devis Vásquez,COL,GB,Empoli,26-155,1998,7,7,630,7.0,0,0,0,0,0,0,1,0,0.0,0.0,0.0,0.0,0,0,0,0.00,0.00,0.00,0.00,0.00,0.00,0.00,0.00,0.00,0.00,https://fbref.com/fr/joueurs/fac1f795/Devis-Vasquez
Johan Vásquez,MEX,DF,Genoa,25-358,1998,7,6,571,6.3,0,0,0,0,0,0,1,0,0.6,0.6,0.2,0.8,8,14,7,0.00,0.00,0.00,0.00,0.00,0.10,0.03,0.12,0.10,0.12,https://fbref.com/fr/joueurs/5eaed77a/Johan-Vasquez
Matías Vecino,URU,MT,Lazio,33-051,1991,4,1,149,1.7,0,1,1,0,0,0,0,0,0.2,0.2,0.6,0.8,0,4,0,0.00,0.60,0.60,0.00,0.60,0.12,0.39,0.51,0.12,0.51,https://fbref.com/fr/joueurs/44ac04e9/Matias-Vecino
Simone Verdi,ITA,"MT,AT",Como,32-094,1992,2,0,51,0.6,0,0,0,0,0,0,1,0,0.0,0.0,0.1,0.1,0,2,3,0.00,0.00,0.00,0.00,0.00,0.00,0.11,0.11,0.00,0.11,https://fbref.com/fr/joueurs/0375723e/Simone-Verdi
Samuele Vignato,ITA,MT,Monza,20-233,2004,3,1,106,1.2,0,0,0,0,0,0,0,0,0.0,0.0,0.0,0.0,0,2,10,0.00,0.00,0.00,0.00,0.00,0.03,0.00,0.03,0.03,0.03,https://fbref.com/fr/joueurs/a14d0ab0/Samuele-Vignato
Nicolas Viola,ITA,"MT,AT",Cagliari,35-002,1989,4,2,173,1.9,0,0,0,0,0,0,0,0,0.2,0.2,0.2,0.4,5,11,15,0.00,0.00,0.00,0.00,0.00,0.09,0.12,0.21,0.09,0.21,https://fbref.com/fr/joueurs/45392b06/Nicolas-Viola
Mattia Viti,ITA,DF,Empoli,22-264,2002,7,7,630,7.0,0,0,0,0,0,0,0,0,0.4,0.4,0.0,0.5,4,14,2,0.00,0.00,0.00,0.00,0.00,0.06,0.01,0.06,0.06,0.06,https://fbref.com/fr/joueurs/75438a9a/Mattia-Viti
Vitinha,POR,AT,Genoa,24-213,2000,7,6,499,5.5,0,1,1,0,0,0,0,0,0.6,0.6,0.8,1.4,10,7,33,0.00,0.18,0.18,0.00,0.18,0.10,0.14,0.24,0.10,0.24,https://fbref.com/fr/joueurs/74d4cec6/Vitinha
Dušan Vlahović,SRB,AT,Juventus,24-260,2000,7,7,577,6.4,5,0,5,2,3,3,0,0,5.5,3.2,0.3,3.5,5,4,27,0.78,0.00,0.78,0.31,0.31,0.86,0.04,0.90,0.50,0.54,https://fbref.com/fr/joueurs/79443529/Dusan-Vlahovic
Vanja Vlahović,SRB,"MT,AT",Atalanta,20-205,2004,2,0,25,0.3,0,0,0,0,0,0,0,0,0.0,0.0,0.0,0.0,0,0,2,0.00,0.00,0.00,0.00,0.00,0.00,0.00,0.00,0.00,0.00,https://fbref.com/fr/joueurs/2af3f55c/Vanja-Vlahovic
Nikola Vlašić,CRO,"AT,MT",Torino,27-010,1997,2,0,35,0.4,1,1,2,0,1,1,0,0,0.8,0.0,0.1,0.1,0,0,2,2.57,2.57,5.14,0.00,2.57,2.03,0.30,2.33,0.00,0.30,https://fbref.com/fr/joueurs/aa8e289e/Nikola-Vlasic
Alessandro Vogliacco,ITA,DF,Genoa,26-030,1998,5,3,285,3.2,1,0,1,1,0,0,0,0,0.9,0.9,0.0,0.9,3,13,1,0.32,0.00,0.32,0.32,0.32,0.27,0.01,0.28,0.27,0.28,https://fbref.com/fr/joueurs/6841f107/Alessandro-Vogliacco
Mërgim Vojvoda,KVX,DF,Torino,29-256,1995,6,5,368,4.1,0,0,0,0,0,0,2,0,0.0,0.0,0.1,0.1,2,17,4,0.00,0.00,0.00,0.00,0.00,0.01,0.02,0.02,0.01,0.02,https://fbref.com/fr/joueurs/be2706c0/Mergim-Vojvoda
Stefan de Vrij,NED,DF,Inter,32-252,1992,3,1,115,1.3,0,0,0,0,0,0,0,0,0.0,0.0,0.0,0.0,1,11,0,0.00,0.00,0.00,0.00,0.00,0.00,0.00,0.00,0.00,0.00,https://fbref.com/fr/joueurs/d0d8dd44/Stefan-de-Vrij
Sebastian Walukiewicz,POL,DF,Torino,24-192,2000,4,2,243,2.7,0,0,0,0,0,0,2,0,0.1,0.1,0.0,0.1,5,22,3,0.00,0.00,0.00,0.00,0.00,0.05,0.00,0.05,0.05,0.05,https://fbref.com/fr/joueurs/217875a4/Sebastian-Walukiewicz
Sebastian Walukiewicz,POL,DF,Empoli,24-192,2000,2,2,180,2.0,0,0,0,0,0,0,0,0,0.0,0.0,0.1,0.1,2,8,3,0.00,0.00,0.00,0.00,0.00,0.00,0.04,0.04,0.00,0.04,https://fbref.com/fr/joueurs/217875a4/Sebastian-Walukiewicz
Timothy Weah,USA,AT,Juventus,24-235,2000,3,1,114,1.3,1,0,1,1,0,0,0,0,0.1,0.1,0.0,0.2,9,4,10,0.79,0.00,0.79,0.79,0.79,0.11,0.03,0.14,0.11,0.14,https://fbref.com/fr/joueurs/8eec784d/Timothy-Weah
Mateusz Wieteska,POL,DF,Cagliari,27-246,1997,1,1,90,1.0,0,0,0,0,0,0,0,0,0.2,0.2,0.0,0.2,0,1,0,0.00,0.00,0.00,0.00,0.00,0.21,0.00,0.21,0.21,0.21,https://fbref.com/fr/joueurs/3ecc8c5f/Mateusz-Wieteska
John Yeboah,ECU,"AT,MT",Venezia,24-113,2000,3,0,68,0.8,0,1,1,0,0,0,1,0,0.0,0.0,0.4,0.4,8,3,7,0.00,1.32,1.32,0.00,1.32,0.06,0.49,0.55,0.06,0.55,https://fbref.com/fr/joueurs/8dfdc6c3/John-Yeboah
Kenan Yıldız,TUR,"AT,MT",Juventus,19-163,2005,7,6,512,5.7,0,2,2,0,0,0,0,0,0.3,0.3,0.9,1.2,32,24,41,0.00,0.35,0.35,0.00,0.35,0.06,0.15,0.21,0.06,0.21,https://fbref.com/fr/joueurs/d8cda243/Kenan-Yildiz
Mattia Zaccagni,ITA,"AT,MT",Lazio,29-120,1995,7,7,602,6.7,2,2,4,1,1,1,2,0,2.2,1.4,1.0,2.4,17,30,44,0.30,0.30,0.60,0.15,0.45,0.32,0.15,0.48,0.20,0.36,https://fbref.com/fr/joueurs/d85c238b/Mattia-Zaccagni
Nicola Zalewski,POL,"DF,AT",Roma,22-265,2002,4,1,213,2.4,0,0,0,0,0,0,0,0,0.1,0.1,0.8,0.8,20,7,28,0.00,0.00,0.00,0.00,0.00,0.03,0.32,0.35,0.03,0.35,https://fbref.com/fr/joueurs/45191c29/Nicola-Zalewski
Andre-Frank Zambo Anguissa,CMR,MT,Napoli,28-333,1995,7,7,630,7.0,1,0,1,1,0,0,1,0,0.4,0.4,0.5,0.9,7,39,15,0.14,0.00,0.14,0.14,0.14,0.06,0.06,0.13,0.06,0.13,https://fbref.com/fr/joueurs/6bb2c084/Andre-Frank-Zambo-Anguissa
Francesco Zampano,ITA,DF,Venezia,31-014,1993,7,6,568,6.3,0,0,0,0,0,0,1,0,0.1,0.1,0.1,0.1,21,15,23,0.00,0.00,0.00,0.00,0.00,0.01,0.01,0.02,0.01,0.02,https://fbref.com/fr/joueurs/8e45910b/Francesco-Zampano
Nicolò Zaniolo,ITA,"MT,AT",Atalanta,25-104,1999,3,0,56,0.6,0,1,1,0,0,0,1,0,0.3,0.3,0.2,0.6,2,4,9,0.00,1.61,1.61,0.00,1.61,0.53,0.37,0.90,0.53,0.90,https://fbref.com/fr/joueurs/9907b1c8/Nicolo-Zaniolo
Alessandro Zanoli,ITA,DF,Genoa,24-011,2000,5,3,305,3.4,0,0,0,0,0,0,0,0,0.0,0.0,0.1,0.1,12,2,6,0.00,0.00,0.00,0.00,0.00,0.00,0.02,0.02,0.00,0.02,https://fbref.com/fr/joueurs/3b12b11f/Alessandro-Zanoli
Duván Zapata,COL,AT,Torino,33-196,1991,7,7,587,6.5,3,0,3,3,0,0,1,0,3.4,3.4,0.5,3.9,6,7,36,0.46,0.00,0.46,0.46,0.46,0.52,0.08,0.59,0.52,0.59,https://fbref.com/fr/joueurs/d3de9af0/Duvan-Zapata
Gabriele Zappa,ITA,DF,Cagliari,24-297,1999,7,7,585,6.5,0,0,0,0,0,0,1,0,0.0,0.0,0.2,0.2,4,27,14,0.00,0.00,0.00,0.00,0.00,0.00,0.03,0.03,0.00,0.03,https://fbref.com/fr/joueurs/ca3db240/Gabriele-Zappa
Davide Zappacosta,ITA,DF,Atalanta,32-125,1992,6,5,401,4.5,1,1,2,1,0,0,1,0,0.4,0.4,0.5,0.9,16,19,35,0.22,0.22,0.45,0.22,0.45,0.09,0.12,0.21,0.09,0.21,https://fbref.com/fr/joueurs/7fe90ccd/Davide-Zappacosta
Oier Zarraga,ESP,MT,Udinese,25-284,1999,4,2,202,2.2,0,0,0,0,0,0,0,0,0.1,0.1,0.2,0.3,2,11,9,0.00,0.00,0.00,0.00,0.00,0.04,0.09,0.13,0.04,0.13,https://fbref.com/fr/joueurs/968a1c2f/Oier-Zarraga
Jordan Zemura,ZIM,DF,Udinese,24-335,1999,5,3,305,3.4,1,1,2,1,0,0,1,0,0.4,0.4,0.3,0.7,5,14,23,0.30,0.30,0.59,0.30,0.59,0.13,0.09,0.22,0.13,0.22,https://fbref.com/fr/joueurs/e8271ad9/Jordan-Zemura
Kevin Zeroli,ITA,MT,Milan,19-277,2005,1,0,12,0.1,0,0,0,0,0,0,0,0,0.0,0.0,0.0,0.0,1,2,3,0.00,0.00,0.00,0.00,0.00,0.00,0.00,0.00,0.00,0.00,https://fbref.com/fr/joueurs/7d6d4395/Kevin-Zeroli
Piotr Zieliński,POL,MT,Inter,30-147,1994,4,0,72,0.8,0,0,0,0,0,0,0,0,0.1,0.1,0.1,0.2,5,12,8,0.00,0.00,0.00,0.00,0.00,0.16,0.09,0.25,0.16,0.25,https://fbref.com/fr/joueurs/a5296e55/Piotr-Zielinski
Nadir Zortea,ITA,"DF,AT",Cagliari,25-117,1999,4,3,287,3.2,1,0,1,1,0,0,0,0,0.5,0.5,0.3,0.9,10,5,11,0.31,0.00,0.31,0.31,0.31,0.17,0.10,0.27,0.17,0.27,https://fbref.com/fr/joueurs/82598b71/Nadir-Zortea
Milan Đurić,BIH,AT,Monza,34-145,1990,6,5,442,4.9,2,0,2,2,0,0,1,0,0.8,0.8,0.1,0.9,1,9,6,0.41,0.00,0.41,0.41,0.41,0.16,0.02,0.18,0.16,0.18,https://fbref.com/fr/joueurs/405f6586/Milan-Djuric
