Player,Nation,Pos,Squad,Age,Born,90s,Touches,TouchesDefPen,TouchesDef3rd,TouchesMid3rd,TouchesAtt3rd,TouchesAttPen,LiveTouches,TakeOnsAtt,TakeOnsSucc,TakeOnsSucc%,TakeOnsTkld,TakeOnsTkld%,Carries,CarryTotDist,CarryPrgDist,PrgCarries,CarriesFinal3rd,CarriesPenArea,Miscontrols,Dispossessed,PassesReceived,PrgPassesReceived
Tammy Abraham,ENG,FW,Milan,27-031,1997,0.9,23,1,3,11,10,3,23,3,1,33.3,0,0.0,14,100,69,4,2,0,2,0,15,3
Francesco Acerbi,ITA,DF,Inter,36-266,1988,1.3,66,20,46,18,2,1,66,0,0,,0,,35,145,73,0,0,0,0,0,42,1
Arijan Ademi,MKD,MF,Dinamo Zagreb,33-157,1991,1.5,68,3,13,35,20,10,68,3,2,66.7,1,33.3,35,150,66,1,0,1,6,1,46,3
Karim Adeyemi,GER,FW,Dortmund,22-289,2002,1.5,78,1,6,29,44,10,78,7,3,42.9,3,42.9,56,390,276,10,7,3,0,1,64,11
Amine Adli,MAR,MF,Leverkusen,24-176,2000,1.3,65,2,11,24,30,5,65,3,2,66.7,1,33.3,33,158,87,3,1,1,3,3,50,10
Vasilije Adžić,MNE,FW,Juventus,18-174,2006,0.3,11,0,0,8,3,1,11,0,0,,0,,7,39,11,0,0,0,1,0,8,1
Michel Aebischer,SUI,MF,Bologna,27-301,1997,0.3,14,0,1,10,3,1,14,0,0,,0,,10,27,0,0,0,0,2,0,11,1
Emanuel Aiwum,AUT,DF,Sturm Graz,23-313,2000,3.0,162,20,108,49,5,1,162,0,0,,0,,99,370,165,0,0,0,1,0,102,1
Ludovic Ajorque,FRA,FW,Brest,30-251,1994,2.7,72,0,1,34,37,11,72,1,1,100.0,0,0.0,31,116,22,0,1,0,3,0,55,14
Manuel Akanji,SUI,DF,Manchester City,29-106,1995,2.7,286,6,49,155,82,4,286,2,1,50.0,1,50.0,200,950,539,5,13,0,2,0,220,1
Nathan Aké,NED,DF,Manchester City,29-258,1995,0.8,96,5,15,32,49,1,96,0,0,,0,,77,290,134,0,5,0,0,0,82,1
Maghnes Akliouche,FRA,"FW,MF",Monaco,22-251,2002,3.0,175,1,8,68,101,11,175,9,3,33.3,5,55.6,101,658,417,11,13,2,4,4,138,24
Kerem Aktürkoğlu,TUR,"FW,MF",Benfica,26-012,1998,2.8,107,3,19,55,35,9,107,4,0,0.0,4,100.0,78,300,143,5,3,2,7,2,66,8
Trent Alexander-Arnold,ENG,DF,Liverpool,26-026,1998,2.6,171,4,42,91,39,1,171,1,1,100.0,0,0.0,101,413,228,3,3,0,4,2,114,12
Alisson,BRA,GK,Liverpool,32-031,1992,2.0,91,67,90,1,0,0,91,0,0,,0,,57,207,144,0,0,0,0,0,59,0
Julián Álvarez,ARG,"MF,FW",Atlético Madrid,24-276,2000,2.3,84,0,3,33,50,10,84,4,1,25.0,3,75.0,52,281,128,2,5,0,3,2,56,11
Mohamed Aly Camara,GUI,DF,Young Boys,27-066,1997,2.0,100,31,67,30,4,1,100,0,0,,0,,52,285,198,2,2,0,2,0,57,0
Jordan Amavi,FRA,DF,Brest,30-238,1994,0.9,64,2,15,29,20,1,64,0,0,,0,,33,149,76,1,0,1,1,1,33,5
Zeki Amdouni,SUI,FW,Benfica,23-334,2000,0.7,24,0,2,9,13,8,24,3,1,33.3,1,33.3,16,105,53,3,1,3,2,1,18,5
Benjamin André,FRA,MF,Lille,34-091,1990,3.0,198,11,46,129,25,0,198,3,2,66.7,1,33.3,118,595,212,2,3,0,6,4,136,3
Robert Andrich,GER,MF,Leverkusen,30-041,1994,1.2,64,9,32,29,3,0,64,0,0,,0,,17,52,20,0,0,0,0,0,30,0
Waldemar Anton,GER,DF,Dortmund,28-105,1996,1.8,149,21,78,69,4,1,149,3,3,100.0,0,0.0,105,503,225,1,2,0,0,0,117,0
Maximiliano Araújo,URU,"MF,DF",Sporting CP,24-261,2000,1.1,54,0,8,21,27,3,54,5,4,80.0,1,20.0,28,184,95,2,1,0,4,2,38,13
Tomás Araújo,POR,DF,Benfica,22-170,2002,2.0,175,15,79,94,4,0,175,1,1,100.0,0,0.0,131,562,325,1,1,0,2,3,139,2
Marko Arnautović,AUT,FW,Inter,35-197,1989,1.4,50,1,6,16,29,5,49,2,2,100.0,0,0.0,31,111,46,1,1,0,1,3,38,10
Marco Asensio,ESP,FW,Paris S-G,28-286,1996,0.7,21,0,1,7,13,3,21,0,0,,0,,5,55,26,2,1,0,0,0,14,3
Kristjan Asllani,ALB,MF,Inter,22-238,2002,0.2,24,0,8,15,1,0,24,0,0,,0,,18,78,42,0,0,0,0,1,17,0
Yaser Asprilla,COL,"FW,MF",Girona,20-349,2003,0.5,29,0,1,19,9,0,29,4,2,50.0,1,25.0,19,99,56,1,0,0,1,5,20,6
Zachary Athekame,SUI,DF,Young Boys,19-325,2004,1.4,60,4,29,22,10,1,60,1,0,0.0,1,100.0,28,205,81,2,3,2,1,0,28,4
Carlos Augusto,BRA,DF,Inter,25-300,1999,2.6,116,9,49,34,34,4,116,2,1,50.0,1,50.0,77,329,150,3,4,0,5,2,85,16
Yann Aurel Bisseck,GER,DF,Inter,23-339,2000,2.0,133,23,75,46,13,5,133,2,1,50.0,1,50.0,91,444,217,3,3,1,0,0,97,5
Fredrik Aursnes,NOR,MF,Benfica,28-328,1995,2.4,147,3,30,89,30,3,147,1,1,100.0,0,0.0,102,573,300,10,2,0,1,2,111,6
Isaac Babadi,NED,FW,PSV Eindhoven,19-210,2005,0.1,4,1,2,1,1,0,4,0,0,,0,,2,6,0,0,0,0,0,1,2,0
Alexander Bah,DEN,DF,Benfica,26-329,1997,2.3,174,7,44,82,48,7,174,5,3,60.0,0,0.0,88,375,187,4,2,1,3,0,107,14
Samson Baidoo,AUT,DF,RB Salzburg,20-216,2004,1.8,124,12,54,67,3,2,124,2,2,100.0,0,0.0,90,462,247,3,0,0,0,0,80,0
Leon Bailey,JAM,FW,Aston Villa,27-085,1997,1.1,35,0,5,11,20,5,35,3,1,33.3,2,66.7,18,114,53,2,2,1,3,5,24,6
Stefan Bajcetic,ESP,MF,RB Salzburg,20-011,2004,1.4,121,4,21,79,22,1,121,5,3,60.0,1,20.0,96,527,232,1,2,0,1,1,92,4
Kenan Bajrić,SVN,DF,Slovan Bratislava,29-318,1994,3.0,120,33,81,35,4,2,120,1,1,100.0,0,0.0,59,218,60,1,0,0,1,2,66,1
Johan Bakayoko,BEL,FW,PSV Eindhoven,21-196,2003,2.9,146,1,17,49,81,9,146,12,6,50.0,5,41.7,100,688,412,17,6,3,6,3,115,40
Mitchel Bakker,NED,"FW,DF",Lille,24-135,2000,1.9,81,2,17,40,25,0,81,0,0,,0,,48,255,141,4,4,0,0,1,55,10
Alejandro Balde,ESP,DF,Barcelona,21-015,2003,3.0,143,5,39,57,48,5,143,9,5,55.6,3,33.3,75,468,241,6,6,1,2,4,93,19
David von Ballmoos,SUI,GK,Young Boys,29-308,1994,2.0,73,55,73,0,0,0,73,1,1,100.0,0,0.0,40,211,114,0,0,0,0,0,33,0
Folarin Balogun,USA,FW,Monaco,23-122,2001,0.7,25,1,2,5,18,6,25,3,2,66.7,1,33.3,10,62,22,1,0,2,0,0,18,6
Bradley Barcola,FRA,FW,Paris S-G,22-061,2002,2.6,118,4,20,23,77,23,118,18,3,16.7,14,77.8,77,658,396,13,8,9,3,1,86,31
Nicolò Barella,ITA,MF,Inter,27-269,1997,2.0,153,11,61,71,22,1,153,6,3,50.0,3,50.0,102,478,269,1,1,0,3,3,109,2
Ross Barkley,ENG,MF,Aston Villa,30-333,1993,0.9,48,2,24,15,10,1,48,0,0,,0,,18,125,37,0,2,0,2,3,30,0
Leandro Barreiro Martins,LUX,MF,Benfica,24-304,2000,0.1,17,0,1,15,1,0,17,0,0,,0,,8,34,16,0,0,0,0,0,12,0
Tigran Barseghyan,ARM,"FW,MF",Slovan Bratislava,31-041,1993,2.8,91,0,14,58,23,1,91,8,1,12.5,7,87.5,59,358,187,3,3,0,7,2,69,7
Alessandro Bastoni,ITA,DF,Inter,25-203,1999,2.0,186,33,96,63,27,0,186,2,2,100.0,0,0.0,142,708,443,5,9,0,3,1,141,3
Martin Baturina,CRO,"MF,FW",Dinamo Zagreb,21-260,2003,2.6,137,2,23,67,50,8,137,16,8,50.0,5,31.3,88,578,277,13,3,3,10,6,88,9
Christoph Baumgartner,AUT,"MF,FW",RB Leipzig,25-093,1999,1.2,52,2,7,32,13,1,52,4,0,0.0,4,100.0,27,126,74,3,0,0,4,0,33,8
Donny van de Beek,NED,"MF,FW",Girona,27-198,1997,2.4,119,1,15,64,40,7,119,0,0,,0,,56,274,182,4,5,0,2,3,81,12
Thomas Beelen,NED,DF,Feyenoord,23-144,2001,2.3,155,20,75,77,4,1,155,0,0,,0,,98,553,318,1,2,0,2,0,107,0
Maximilian Beier,GER,"MF,FW",Dortmund,22-016,2002,0.5,6,0,0,2,4,2,6,0,0,,0,,5,22,14,1,0,1,0,1,5,2
Raoul Bellanova,ITA,DF,Atalanta,24-169,2000,1.7,110,1,16,33,63,6,110,5,2,40.0,2,40.0,76,402,196,6,4,2,1,1,75,10
Jude Bellingham,ENG,MF,Real Madrid,21-126,2003,2.9,145,1,26,77,42,11,145,5,2,40.0,2,40.0,99,402,168,3,2,1,5,2,110,8
Jeanuël Belocian,FRA,DF,Leverkusen,19-259,2005,0.1,11,0,0,6,5,1,11,0,0,,0,,8,74,49,2,1,1,0,0,10,1
Eliesse Ben Seghir,MAR,"FW,MF",Monaco,19-260,2005,1.5,84,1,3,37,44,8,84,7,3,42.9,4,57.1,44,273,141,5,2,5,6,2,67,15
Walter Benítez,ARG,GK,PSV Eindhoven,31-288,1993,2.0,95,83,95,0,0,0,95,0,0,,0,,50,233,128,0,0,0,0,0,47,0
Loris Benito,SUI,DF,Young Boys,32-300,1992,1.0,68,15,35,33,1,1,68,1,0,0.0,1,100.0,31,159,76,1,0,0,0,1,39,0
Ramy Bensebaini,ALG,DF,Dortmund,29-200,1995,2.0,119,13,43,52,25,2,119,3,3,100.0,0,0.0,73,230,112,2,0,0,2,0,79,6
Lucas Beraldo,BRA,DF,Paris S-G,20-344,2003,0.0,10,0,5,5,0,0,10,0,0,,0,,7,6,3,0,0,0,1,0,7,0
Paulo Bernardo,POR,MF,Celtic,22-283,2002,0.9,30,3,9,16,6,0,30,3,2,66.7,1,33.3,16,87,50,1,0,0,0,0,20,2
Maxime Bernauer,FRA,DF,Dinamo Zagreb,26-124,1998,2.0,112,18,65,47,0,0,112,0,0,,0,,64,262,114,0,0,0,1,0,64,0
Jan-Niklas Beste,GER,FW,Benfica,25-303,1999,0.5,38,1,6,14,18,5,38,2,0,0.0,2,100.0,23,104,50,1,0,1,0,0,26,11
Sam Beukema,NED,DF,Bologna,25-351,1998,2.7,201,15,100,96,6,2,201,0,0,,0,,162,794,476,4,1,0,1,0,158,0
Mads Bidstrup,DEN,MF,RB Salzburg,23-251,2001,1.3,52,4,10,22,24,6,52,2,1,50.0,1,50.0,35,203,113,2,4,0,1,2,29,10
Mika Biereth,DEN,FW,Sturm Graz,21-268,2003,2.6,47,4,6,22,20,6,47,3,2,66.7,1,33.3,24,104,48,1,1,0,3,1,28,8
El Bilal Touré,MLI,"FW,MF",Stuttgart,23-030,2001,0.7,29,1,2,7,20,6,29,3,1,33.3,1,33.3,17,113,70,2,1,0,1,1,22,2
Veljko Birmančević,SRB,FW,Sparta Prague,26-242,1998,2.8,93,5,32,27,36,12,93,7,2,28.6,5,71.4,53,285,162,8,3,4,2,6,52,9
Marco Bizot,NED,GK,Brest,33-237,1991,3.0,115,101,115,0,0,0,115,0,0,,0,,59,432,177,0,1,1,0,0,45,0
César Blackman,PAN,DF,Slovan Bratislava,26-214,1998,3.0,129,13,54,52,24,1,129,8,4,50.0,4,50.0,60,287,136,1,3,0,1,1,64,12
Hendry Blank,GER,DF,RB Salzburg,20-073,2004,1.2,100,14,47,51,2,0,100,0,0,,0,,76,412,214,0,2,0,0,0,72,0
Janis Blaswich,GER,GK,RB Salzburg,33-184,1991,2.2,83,61,79,4,0,0,83,0,0,,0,,64,193,90,0,0,0,0,0,50,0
Lewin Blum,SUI,DF,Young Boys,23-113,2001,1.6,66,4,16,28,22,0,66,0,0,,0,,32,175,77,2,0,0,0,0,41,4
Lamare Bogarde,NED,DF,Aston Villa,20-302,2004,0.5,18,4,9,5,4,0,18,0,0,,0,,7,24,0,0,0,0,1,0,6,0
Valerii Bondar,UKR,DF,Shakhtar,25-249,1999,3.0,182,28,114,67,1,1,182,0,0,,0,,98,387,184,1,0,0,1,0,132,0
Artem Bondarenko,UKR,MF,Shakhtar,24-073,2000,2.1,131,4,35,60,36,3,131,2,1,50.0,1,50.0,79,395,228,5,7,0,5,1,103,6
Victor Boniface,NGA,FW,Leverkusen,23-315,2000,1.5,48,2,4,15,29,8,48,9,5,55.6,4,44.4,33,286,153,7,2,5,2,2,38,9
Olivier Boscagli,FRA,DF,PSV Eindhoven,26-350,1997,3.0,259,25,94,142,23,1,259,2,1,50.0,0,0.0,147,663,431,2,2,0,2,0,187,0
Ayyoub Bouaddi,FRA,MF,Lille,17-031,2007,1.3,58,5,25,28,6,0,58,0,0,,0,,42,228,59,1,0,0,1,1,45,2
Conor Bradley,NIR,DF,Liverpool,21-116,2003,0.1,2,0,0,2,0,0,2,1,0,0.0,1,100.0,1,1,0,0,0,0,0,0,1,0
Daniel Bragança,POR,MF,Sporting CP,25-159,1999,1.7,121,1,21,75,26,5,121,4,0,0.0,3,75.0,67,351,173,3,3,1,3,2,90,4
Julian Brandt,GER,MF,Dortmund,28-184,1996,2.7,177,2,21,69,88,11,177,4,2,50.0,2,50.0,124,518,243,7,5,1,4,3,140,21
Gleison Bremer,BRA,DF,Juventus,27-229,1997,1.1,85,27,61,25,0,0,85,0,0,,0,,48,150,39,0,0,0,1,1,50,0
Emi Buendía,ARG,MF,Aston Villa,27-313,1996,0.0,3,0,0,0,3,1,3,0,0,,0,,2,14,9,1,0,1,0,1,3,0
Hugo Bueno,ESP,DF,Feyenoord,22-045,2002,1.7,80,5,27,31,24,1,80,8,3,37.5,4,50.0,35,315,132,6,5,1,0,0,39,8
Rémy Cabella,FRA,MF,Lille,34-239,1990,1.2,67,0,3,36,28,1,67,1,0,0.0,0,0.0,47,306,122,2,5,0,1,1,52,4
Arthur Cabral,BRA,FW,Benfica,26-191,1998,0.2,6,0,0,4,2,0,6,0,0,,0,,3,21,9,0,0,0,0,0,4,2
Davide Calabria,ITA,DF,Milan,27-332,1996,0.8,50,2,23,13,14,0,50,1,0,0.0,1,100.0,24,97,29,0,0,0,0,0,31,4
Riccardo Calafiori,ITA,DF,Arsenal,22-167,2002,2.0,112,9,33,62,18,1,112,4,2,50.0,2,50.0,54,273,119,1,2,0,3,2,72,2
Hakan Çalhanoğlu,TUR,MF,Inter,30-268,1994,1.7,130,10,39,68,26,0,130,1,1,100.0,0,0.0,86,423,205,2,2,0,1,2,88,1
Amady Camara,MLI,FW,Sturm Graz,19-158,2005,0.8,29,1,1,19,10,2,29,3,2,66.7,1,33.3,19,93,45,1,2,0,1,2,19,2
Lamine Camara,SEN,MF,Monaco,20-306,2004,2.1,149,3,22,84,44,3,149,3,1,33.3,1,33.3,50,255,84,2,1,1,4,1,92,4
Mahdi Camara,FRA,MF,Brest,26-125,1998,2.5,101,0,7,66,29,3,101,3,2,66.7,1,33.3,57,272,101,1,1,0,1,5,63,6
Francesco Camarda,ITA,FW,Milan,16-237,2008,0.2,4,0,1,2,1,0,4,0,0,,0,,3,7,0,0,0,0,0,1,3,0
Eduardo Camavinga,FRA,MF,Real Madrid,21-358,2002,1.0,63,3,12,43,8,0,63,1,1,100.0,0,0.0,52,283,165,2,1,0,0,1,46,1
Andrea Cambiaso,ITA,DF,Juventus,24-256,2000,2.4,164,3,54,75,40,3,164,6,2,33.3,4,66.7,100,580,255,6,4,0,3,2,114,8
Emre Can,GER,MF,Dortmund,30-295,1994,2.2,124,3,30,74,22,2,123,2,2,100.0,0,0.0,80,357,130,2,2,1,2,1,86,6
Nicolás Capaldo,ARG,MF,RB Salzburg,27-049,1997,1.7,86,2,12,46,30,3,86,1,0,0.0,1,100.0,67,326,165,4,6,1,4,2,64,7
Diego Carlos,BRA,DF,Aston Villa,31-232,1993,2.5,130,29,77,51,2,1,130,0,0,,0,,60,210,85,0,0,0,0,0,86,0
Marco Carnesecchi,ITA,GK,Atalanta,24-124,2000,3.0,101,88,101,0,0,0,101,0,0,,0,,60,266,143,0,0,0,0,0,56,0
Julián Carranza,ARG,FW,Feyenoord,24-164,2000,0.4,18,2,4,7,7,1,18,1,0,0.0,1,100.0,6,21,6,0,0,0,1,1,10,1
Álvaro Carreras,ESP,DF,Benfica,21-224,2003,3.0,236,5,88,113,38,4,236,8,5,62.5,2,25.0,157,741,386,6,6,0,3,1,159,10
Cameron Carter-Vickers,USA,DF,Celtic,26-307,1997,0.9,114,6,29,85,2,0,114,0,0,,0,,80,329,200,1,1,0,1,0,96,0
Dani Carvajal,ESP,DF,Real Madrid,32-296,1992,2.0,160,9,46,68,46,4,160,1,0,0.0,1,100.0,108,508,279,3,4,0,1,1,108,14
Marc Casado,ESP,MF,Barcelona,21-049,2003,3.0,180,11,38,126,18,0,180,1,0,0.0,1,100.0,91,402,187,3,0,0,2,0,128,7
Nicolò Casale,ITA,DF,Bologna,26-262,1998,0.3,21,4,10,10,1,0,21,0,0,,0,,13,40,11,0,0,0,0,0,15,0
Santiago Castro,ARG,FW,Bologna,20-034,2004,1.1,28,1,1,14,13,4,28,1,0,0.0,1,100.0,15,61,25,1,1,0,3,1,23,11
Geny Catamo,MOZ,"DF,MF",Sporting CP,23-281,2001,2.6,133,0,18,63,53,7,133,13,7,53.8,5,38.5,72,419,221,9,5,5,5,4,88,21
Dani Ceballos,ESP,MF,Real Madrid,28-087,1996,0.0,2,0,1,1,0,0,2,0,0,,0,,2,8,6,0,0,0,0,0,2,0
Julian Chabot,GER,DF,Stuttgart,26-264,1998,3.0,253,42,127,110,16,4,253,0,0,,0,,166,665,341,1,5,0,1,1,175,1
El Chadaille Bitshiabu,FRA,DF,RB Leipzig,19-170,2005,0.2,23,8,14,9,0,0,23,0,0,,0,,15,73,42,0,0,0,0,0,16,0
Brendan Chardonnet,FRA,DF,Brest,29-316,1994,2.0,122,16,66,52,4,1,122,0,0,,0,,61,208,81,0,0,0,0,0,82,0
Anrie Chase,JPN,DF,Stuttgart,20-223,2004,0.6,33,1,5,18,10,2,33,0,0,,0,,20,45,8,0,0,0,1,0,21,1
Lucas Chevalier,FRA,GK,Lille,22-362,2001,3.0,118,106,118,0,0,0,118,0,0,,0,,68,294,134,0,0,0,0,0,57,0
Federico Chiesa,ITA,FW,Liverpool,27-008,1997,0.0,1,0,0,1,0,0,1,0,0,,0,,1,3,2,0,0,0,0,0,0,0
Tochi Chukwuani,DEN,MF,Sturm Graz,21-223,2003,1.9,110,10,28,69,15,3,110,0,0,,0,,61,221,75,0,1,0,1,2,63,1
Samuel Chukwueze,NGA,FW,Milan,25-164,1999,0.5,35,0,2,11,25,3,35,4,4,100.0,0,0.0,28,258,193,7,5,3,1,0,29,7
Bobby Clark,ENG,MF,RB Salzburg,19-269,2005,1.4,105,1,14,54,37,4,105,2,0,0.0,1,50.0,79,423,194,3,3,1,4,1,77,6
Ebrima Colley,GAM,"MF,FW",Young Boys,24-275,2000,1.8,54,2,9,21,25,7,54,2,2,100.0,0,0.0,35,284,170,5,2,1,1,2,42,7
Kingsley Coman,FRA,FW,Bayern Munich,28-142,1996,0.8,56,0,9,24,23,6,56,6,2,33.3,4,66.7,31,175,88,4,0,2,3,1,40,13
Francisco Conceição,POR,FW,Juventus,21-324,2002,1.5,68,1,5,24,41,5,68,8,6,75.0,1,12.5,49,362,235,11,3,4,3,4,50,14
Abdu Conté,POR,DF,Young Boys,26-223,1998,0.3,9,1,2,5,2,0,9,0,0,,0,,5,29,18,1,1,0,0,0,4,0
Ángel Correa,ARG,"MF,FW",Atlético Madrid,29-238,1995,2.0,72,3,7,27,39,13,72,2,1,50.0,1,50.0,49,229,148,6,4,2,2,3,48,10
Soumaïla Coulibaly,FRA,DF,Brest,21-019,2003,3.0,170,27,108,63,0,0,170,1,1,100.0,0,0.0,105,423,198,2,0,0,2,1,115,0
Thibaut Courtois,BEL,GK,Real Madrid,32-175,1992,2.0,78,70,78,0,0,0,78,0,0,,0,,51,208,140,0,0,0,0,0,45,0
Yan Couto,BRA,"DF,MF",Dortmund,22-152,2002,0.7,57,0,18,21,18,2,57,0,0,,0,,40,145,62,2,1,1,2,0,44,7
Juan Cuadrado,COL,"DF,MF",Atalanta,36-160,1988,0.8,57,0,7,23,27,2,57,1,1,100.0,0,0.0,35,127,78,1,1,1,0,0,37,5
Pau Cubarsí,ESP,DF,Barcelona,17-285,2007,2.6,198,14,80,111,7,2,198,1,1,100.0,0,0.0,127,603,363,3,0,0,1,0,155,0
Andres Cuenca,ESP,DF,Barcelona,17-144,2007,0.1,10,0,2,7,1,0,10,0,0,,0,,7,42,15,0,1,0,0,0,9,0
Adam Daghim,DEN,FW,RB Salzburg,19-035,2005,2.0,92,1,16,29,50,8,92,16,5,31.3,10,62.5,61,485,222,7,1,3,8,0,54,26
Dálcio,GNB,MF,Red Star,28-164,1996,1.7,82,1,14,44,24,0,82,3,2,66.7,1,33.3,46,166,53,0,3,0,3,0,62,5
Thijs Dallinga,NED,FW,Bologna,24-091,2000,1.9,39,1,2,22,15,3,39,2,2,100.0,0,0.0,26,177,41,3,0,0,3,1,28,6
Matteo Dams,BEL,DF,PSV Eindhoven,20-238,2004,2.8,135,13,42,75,18,0,135,0,0,,0,,55,177,72,0,2,1,2,0,82,5
Kryštof Daněk,CZE,FW,Sparta Prague,21-302,2003,0.2,5,0,0,3,2,0,5,0,0,,0,,0,0,0,0,0,0,1,0,0,0
Danilo,BRA,DF,Juventus,33-110,1991,1.3,100,15,51,51,0,0,100,0,0,,0,,53,272,133,0,0,0,2,0,70,0
Arnaut Danjuma,NED,FW,Girona,27-276,1997,2.1,97,3,12,25,63,7,97,10,6,60.0,3,30.0,64,561,301,14,8,3,7,5,70,17
Matteo Darmian,ITA,DF,Inter,34-336,1989,0.8,27,2,10,7,10,2,27,0,0,,0,,8,25,17,1,0,1,0,0,12,4
Juan David Cabal,COL,DF,Juventus,23-299,2001,1.0,47,3,22,17,9,0,47,1,1,100.0,0,0.0,25,207,116,2,2,0,1,1,27,3
Jonathan David,CAN,FW,Lille,24-293,2000,2.0,60,1,6,31,23,8,58,3,2,66.7,1,33.3,36,180,55,2,0,1,2,2,49,11
Alphonso Davies,CAN,DF,Bayern Munich,24-000,2000,3.0,217,6,35,114,75,8,217,9,4,44.4,4,44.4,138,923,604,18,14,2,7,1,147,12
Kevin De Bruyne,BEL,MF,Manchester City,33-127,1991,0.5,41,0,3,14,24,5,41,0,0,,0,,30,114,68,2,1,1,1,1,34,5
Maxim De Cuyper,BEL,DF,Club Brugge,23-316,2000,3.0,236,15,68,120,49,1,236,1,0,0.0,1,100.0,75,244,113,2,3,0,2,1,166,13
Charles De Ketelaere,BEL,"FW,MF",Atalanta,23-237,2001,1.7,80,1,4,23,54,10,80,3,1,33.3,1,33.3,59,386,190,9,1,5,7,2,61,15
Rodrigo De Paul,ARG,MF,Atlético Madrid,30-162,1994,2.2,183,1,22,125,40,0,183,6,4,66.7,2,33.3,144,859,428,9,4,1,5,4,144,6
Zeno Debast,BEL,DF,Sporting CP,21-009,2003,2.8,209,18,107,99,3,0,209,1,0,0.0,0,0.0,138,607,290,0,2,0,1,0,157,1
Amar Dedić,BIH,DF,RB Salzburg,22-076,2002,3.0,242,7,49,99,97,9,242,9,9,100.0,0,0.0,168,1262,795,19,8,3,5,1,166,14
Romain Del Castillo,FRA,FW,Brest,28-218,1996,1.8,106,0,8,51,49,1,106,6,3,50.0,3,50.0,69,407,244,8,7,0,3,3,78,5
Ousmane Dembélé,FRA,FW,Paris S-G,27-171,1997,1.9,116,0,3,27,87,26,116,7,1,14.3,5,71.4,77,630,385,18,10,14,5,6,98,26
Ermedin Demirović,BIH,FW,Stuttgart,26-222,1998,1.5,39,0,1,12,26,10,39,2,1,50.0,1,50.0,26,107,53,4,1,0,1,0,27,8
Michele Di Gregorio,ITA,GK,Juventus,27-098,1997,1.6,65,61,65,0,0,0,65,0,0,,0,,50,226,112,0,0,0,0,0,39,0
Ángel Di María,ARG,FW,Benfica,36-262,1988,2.5,134,0,18,51,69,8,133,9,3,33.3,4,44.4,103,666,390,12,7,3,4,5,106,19
Bafodé Diakité,FRA,DF,Lille,23-301,2001,2.5,141,16,79,59,3,0,141,1,1,100.0,0,0.0,77,342,184,1,2,0,0,1,101,0
Mamady Diambou,MLI,"MF,DF",RB Salzburg,21-357,2002,1.3,95,8,27,48,20,0,95,2,1,50.0,1,50.0,56,248,116,1,5,0,7,1,52,2
Rúben Dias,POR,DF,Manchester City,27-172,1997,1.5,153,5,33,98,22,1,153,0,0,,0,,104,491,235,0,10,0,1,0,120,0
Krépin Diatta,SEN,DF,Monaco,25-251,1999,0.4,31,0,6,16,9,1,31,2,1,50.0,1,50.0,14,103,82,1,2,1,0,0,19,6
Luis Díaz,COL,FW,Liverpool,27-294,1997,1.4,77,0,8,27,42,11,77,14,7,50.0,6,42.9,49,341,159,9,1,6,3,2,56,14
Eric Dier,ENG,DF,Bayern Munich,30-292,1994,0.2,22,3,7,14,1,1,22,0,0,,0,,14,49,21,0,0,0,0,0,18,0
Lucas Digne,FRA,DF,Aston Villa,31-105,1993,2.0,100,10,30,38,33,2,100,0,0,,0,,44,114,48,1,0,0,2,4,53,11
Federico Dimarco,ITA,DF,Inter,26-358,1997,0.4,35,0,10,6,19,2,35,1,1,100.0,0,0.0,21,110,66,4,4,0,1,0,23,7
Ousmane Diomande,CIV,DF,Sporting CP,20-334,2003,1.3,81,7,41,40,0,0,81,0,0,,0,,60,327,192,0,0,0,0,0,66,0
Nasser Djiga,BFA,DF,Red Star,21-353,2002,3.0,194,19,91,94,11,4,194,3,1,33.3,2,66.7,120,752,383,7,2,0,3,0,128,3
Berat Djimsiti,ALB,DF,Atalanta,31-257,1993,2.5,201,11,50,90,62,6,201,2,1,50.0,1,50.0,150,687,347,2,4,0,1,0,149,5
Jeremy Doku,BEL,FW,Manchester City,22-159,2002,1.1,101,0,0,7,94,29,101,8,2,25.0,6,75.0,78,639,451,20,2,17,3,2,86,35
Sergi Dominguez,ESP,"FW,DF",Barcelona,19-215,2005,0.1,7,2,6,1,0,0,7,0,0,,0,,1,6,0,0,0,0,0,0,0,0
Gianluigi Donnarumma,ITA,GK,Paris S-G,25-251,1999,2.0,60,53,60,0,0,0,60,0,0,,0,,33,146,105,0,0,0,0,0,27,0
Nene Dorgeles,MLI,"FW,MF",RB Salzburg,21-315,2002,1.3,68,0,3,25,41,4,68,6,4,66.7,2,33.3,54,304,140,3,2,1,2,3,56,12
Désiré Doué,FRA,FW,Paris S-G,19-152,2005,1.1,55,0,7,27,21,1,55,6,2,33.3,4,66.7,34,227,149,5,3,1,2,1,47,9
Kamory Doumbia,MLI,MF,Brest,21-258,2003,0.5,24,0,1,5,18,4,24,0,0,,0,,13,67,23,1,0,1,0,0,18,3
Couhaib Driouech,MAR,FW,PSV Eindhoven,22-199,2002,0.3,14,3,10,1,3,0,14,0,0,,0,,6,59,36,1,1,0,2,1,5,1
Vanja Drkušič,SVN,DF,Red Star,25-003,1999,1.0,60,14,39,21,0,0,60,0,0,,0,,34,166,93,0,0,0,0,0,44,0
Joel Drommel,NED,GK,PSV Eindhoven,27-352,1996,1.0,49,37,48,1,0,0,49,0,0,,0,,28,117,49,0,0,0,0,0,31,0
Bruno Duarte,BRA,FW,Red Star,28-223,1996,1.1,39,0,1,23,15,6,39,1,0,0.0,1,100.0,23,182,90,5,2,1,3,2,28,7
Denzel Dumfries,NED,DF,Inter,28-198,1996,2.2,107,6,22,36,51,5,107,9,3,33.3,4,44.4,64,410,142,6,5,1,2,3,66,16
Jhon Durán,COL,FW,Aston Villa,20-325,2003,1.3,48,3,8,13,28,12,48,1,1,100.0,0,0.0,22,74,29,2,2,1,5,2,30,7
Julien Duranville,BEL,FW,Dortmund,18-181,2006,0.5,21,0,1,4,16,5,21,5,3,60.0,2,40.0,12,77,48,3,1,3,2,0,11,6
Éderson,BRA,MF,Atalanta,25-118,1999,3.0,194,4,26,104,68,4,194,8,4,50.0,2,25.0,160,766,380,5,8,2,6,0,153,15
Ederson,BRA,GK,Manchester City,31-077,1993,1.0,34,26,33,1,0,0,34,0,0,,0,,21,70,40,0,0,0,0,0,17,0
Eguinaldo,BRA,FW,Shakhtar,20-085,2004,2.6,79,2,10,39,31,7,79,7,4,57.1,3,42.9,45,173,39,2,2,2,7,5,56,12
Meschak Elia,COD,"FW,MF",Young Boys,27-088,1997,0.7,11,0,1,4,6,0,11,0,0,,0,,5,25,9,0,0,0,1,1,7,4
Elif Elmas,MKD,MF,RB Leipzig,25-039,1999,0.1,13,0,5,6,2,0,13,0,0,,0,,6,21,11,0,0,0,0,1,9,0
Timi Elšnik,SVN,"MF,DF",Red Star,26-187,1998,3.0,190,10,30,112,50,1,190,3,3,100.0,0,0.0,90,617,318,6,8,0,1,4,104,6
Breel Embolo,SUI,FW,Monaco,27-262,1997,2.0,59,2,4,20,37,12,59,2,1,50.0,1,50.0,25,97,33,2,2,1,7,3,46,15
Emerson,BRA,DF,Milan,25-293,1999,2.2,176,2,36,91,50,4,176,3,0,0.0,1,33.3,116,506,246,5,6,0,2,0,125,13
Wataru Endo,JPN,MF,Liverpool,31-267,1993,0.0,5,0,2,3,0,0,5,0,0,,0,,1,1,0,0,0,0,0,0,1,0
Endrick,BRA,FW,Real Madrid,18-104,2006,0.7,23,0,4,8,12,1,23,1,1,100.0,0,0.0,12,57,13,0,0,0,2,3,14,4
Arne Engels,BEL,MF,Celtic,21-055,2003,2.8,140,2,14,66,64,4,139,1,0,0.0,1,100.0,76,256,107,1,2,0,0,4,88,9
Luis Enrique Palma,HON,FW,Celtic,24-290,2000,0.2,5,0,1,1,3,0,5,1,0,0.0,1,100.0,1,1,0,0,0,0,0,0,3,1
Ricardo Esgaio,POR,DF,Sporting CP,31-170,1993,0.6,47,2,20,26,1,0,47,0,0,,0,,26,96,44,0,0,0,0,0,32,0
Giovanni Fabbian,ITA,MF,Bologna,21-293,2003,1.9,36,1,5,18,16,3,36,3,1,33.3,1,33.3,20,126,27,1,1,1,1,0,21,3
Nicolò Fagioli,ITA,"MF,FW",Juventus,23-264,2001,2.2,163,10,43,85,38,3,163,13,6,46.2,6,46.2,106,699,338,6,5,2,1,2,117,6
Romain Faivre,FRA,FW,Brest,26-111,1998,0.9,43,0,3,23,20,2,43,12,5,41.7,6,50.0,29,260,124,3,3,0,3,1,29,3
Ansu Fati,ESP,"FW,MF",Barcelona,22-002,2002,0.4,28,0,2,12,14,0,28,1,0,0.0,1,100.0,19,81,17,0,2,0,1,3,23,4
Edimilson Fernandes,SUI,MF,Brest,28-201,1996,1.6,64,4,15,41,8,1,64,1,0,0.0,1,100.0,37,133,24,0,0,0,0,3,37,0
Matias Fernandez-Pardo,BEL,"MF,FW",Lille,19-273,2005,1.3,34,0,8,18,12,1,34,3,1,33.3,2,66.7,24,242,173,3,3,1,4,1,24,3
Ryan Flamingo,NED,DF,PSV Eindhoven,21-307,2002,3.0,181,16,91,91,1,0,181,1,1,100.0,0,0.0,107,393,187,1,1,0,0,0,134,0
Phil Foden,ENG,MF,Manchester City,24-158,2000,2.4,175,2,8,57,110,13,175,4,2,50.0,1,25.0,110,454,189,2,6,0,5,5,142,18
Youssouf Fofana,FRA,MF,Milan,25-297,1999,2.8,199,3,45,126,32,4,199,12,6,50.0,6,50.0,141,805,396,2,7,1,0,6,156,4
James Forrest,SCO,FW,Celtic,33-118,1991,0.3,17,1,4,5,8,2,17,0,0,,0,,11,81,58,2,1,2,1,0,10,5
Héctor Fort,ESP,DF,Barcelona,18-092,2006,0.3,28,0,1,15,12,0,28,1,1,100.0,0,0.0,11,50,30,0,0,0,0,0,20,3
Alejandro Francés,ESP,DF,Girona,22-093,2002,1.0,99,4,12,67,20,0,99,0,0,,0,,70,402,241,2,3,1,0,1,69,2
Lassina Franck Traoré,BFA,FW,Shakhtar,23-295,2001,0.5,19,1,4,4,11,2,19,0,0,,0,,6,19,2,0,0,0,0,0,13,2
Davide Frattesi,ITA,MF,Inter,25-011,1999,1.4,48,2,10,32,7,1,48,1,0,0.0,1,100.0,30,160,83,0,0,0,2,1,31,3
Remo Freuler,SUI,MF,Bologna,32-201,1992,2.9,167,7,54,97,17,0,167,1,1,100.0,0,0.0,100,441,196,2,1,0,3,0,110,2
Jeremie Frimpong,NED,DF,Leverkusen,23-328,2000,2.3,90,4,21,36,33,12,90,4,1,25.0,2,50.0,50,357,180,9,3,4,3,5,67,18
Chris Führich,GER,FW,Stuttgart,26-298,1998,1.0,81,4,7,18,56,5,81,3,0,0.0,3,100.0,47,272,135,5,3,2,0,2,52,16
Kyogo Furuhashi,JPN,FW,Celtic,29-287,1995,1.8,33,3,6,14,13,5,33,2,0,0.0,2,100.0,14,51,8,0,1,0,1,1,20,9
Matteo Gabbia,ITA,DF,Milan,25-012,1999,2.0,172,11,65,101,6,4,172,0,0,,0,,129,685,464,0,2,0,1,0,141,0
Artur Gajdoš,SVK,MF,Slovan Bratislava,20-287,2004,0.1,16,0,4,6,6,0,16,1,1,100.0,0,0.0,8,41,11,0,0,0,0,0,7,0
Cody Gakpo,NED,FW,Liverpool,25-179,1999,2.0,90,2,8,36,48,13,90,9,5,55.6,4,44.4,69,591,364,12,8,7,2,1,75,33
Javi Galán,ESP,DF,Atlético Madrid,29-349,1994,0.8,58,2,24,26,10,0,58,3,3,100.0,0,0.0,36,249,140,1,0,0,4,1,32,3
Conor Gallagher,ENG,MF,Atlético Madrid,24-270,2000,1.7,97,1,11,63,23,0,97,1,0,0.0,1,100.0,59,277,89,0,1,0,2,1,69,3
Silvère Ganvoula M'Boussy,CGO,FW,Young Boys,28-133,1996,2.1,44,5,6,17,22,7,44,4,3,75.0,1,25.0,20,129,76,3,2,2,7,1,31,7
Aleix García,ESP,MF,Leverkusen,27-127,1997,2.0,192,8,46,99,47,2,192,1,0,0.0,1,100.0,111,318,82,0,1,0,1,0,156,0
Eric García,ESP,MF,Barcelona,23-298,2001,0.1,5,0,0,5,0,0,5,0,0,,0,,1,6,4,0,0,0,0,0,2,0
Fran Garcia,ESP,DF,Real Madrid,25-080,1999,0.7,55,1,11,26,18,0,55,0,0,,0,,31,156,107,2,1,0,2,0,32,8
Federico Gatti,ITA,DF,Juventus,26-131,1998,1.6,104,17,59,42,4,1,104,0,0,,0,,65,424,223,0,1,0,2,0,67,0
Gavi,ESP,MF,Barcelona,20-089,2004,0.1,2,0,1,2,0,0,2,0,0,,0,,1,3,2,0,0,0,0,0,1,0
Jusuf Gazibegović,BIH,DF,Sturm Graz,24-236,2000,3.0,155,10,54,64,38,0,155,3,0,0.0,3,100.0,82,434,264,4,5,0,2,0,81,7
Paulo Gazzaniga,ARG,GK,Girona,32-305,1992,3.0,122,108,122,0,0,0,122,0,0,,0,,72,317,192,0,0,0,1,0,76,0
Lutsharel Geertruida,NED,DF,RB Leipzig,24-107,2000,2.0,98,5,31,50,18,1,98,1,0,0.0,1,100.0,60,230,105,2,3,0,0,1,59,3
Niklas Geyrhofer,AUT,DF,Sturm Graz,24-265,2000,1.6,95,19,66,27,2,0,95,0,0,,0,,65,162,69,0,0,0,1,0,61,0
Alaa Ghram,TUN,DF,Shakhtar,23-101,2001,0.5,37,4,22,15,0,0,37,1,1,100.0,0,0.0,17,75,24,0,0,0,1,0,16,0
Bryan Gil,ESP,FW,Girona,23-265,2001,1.5,95,1,17,36,45,4,95,10,3,30.0,6,60.0,70,519,251,8,5,2,2,3,75,19
Santiago Giménez,MEX,FW,Feyenoord,23-198,2001,1.0,21,0,0,9,12,2,21,4,1,25.0,3,75.0,11,143,24,1,1,1,1,2,12,4
Jamie Gittens,ENG,FW,Dortmund,20-086,2004,1.9,78,2,10,32,40,10,78,14,6,42.9,7,50.0,58,499,273,11,7,5,6,4,62,15
Omri Glazer,ISR,GK,Red Star,28-236,1996,2.0,68,57,68,0,0,0,68,0,0,,0,,38,183,113,0,0,0,0,0,34,0
Oscar Gloukh,ISR,"FW,MF",RB Salzburg,20-215,2004,2.8,192,1,13,76,108,10,192,12,8,66.7,3,25.0,166,1192,707,23,27,4,6,4,163,21
Serge Gnabry,GER,FW,Bayern Munich,29-111,1995,2.7,136,0,7,44,86,18,136,6,3,50.0,3,50.0,90,384,220,8,2,4,5,0,110,40
Ben Godfrey,ENG,DF,Atalanta,26-292,1998,0.1,3,0,2,1,0,0,3,0,0,,0,,3,5,4,0,0,0,0,0,2,0
Aleksandr Golovin,RUS,"FW,MF",Monaco,28-156,1996,1.5,108,0,9,40,59,4,108,3,2,66.7,1,33.3,63,323,115,2,3,1,4,3,82,17
Angel Gomes,ENG,MF,Lille,24-063,2000,0.5,35,1,10,19,6,0,35,0,0,,0,,17,58,11,0,1,0,2,0,29,0
Marlon Gomes,BRA,MF,Shakhtar,20-324,2003,0.9,54,1,9,33,12,3,54,5,2,40.0,3,60.0,34,213,102,3,1,1,2,0,36,4
Joe Gomez,ENG,DF,Liverpool,27-163,1997,0.3,32,6,11,16,5,0,32,0,0,,0,,9,24,17,0,0,0,0,0,16,3
Pedro Gonçalves,POR,MF,Sporting CP,26-127,1998,1.2,54,1,10,24,20,4,54,2,1,50.0,1,50.0,35,212,142,4,2,1,3,1,40,4
Facundo González,URU,DF,Feyenoord,21-149,2003,0.1,5,2,3,0,2,1,5,0,0,,0,,2,22,14,1,0,1,1,0,1,1
Nicolás González,ARG,FW,Juventus,26-210,1998,0.9,48,1,12,25,13,4,48,6,1,16.7,4,66.7,28,197,89,1,2,1,2,1,36,4
Jon Gorenc Stanković,SVN,MF,Sturm Graz,28-293,1996,1.0,64,6,28,33,3,1,64,1,0,0.0,1,100.0,29,92,61,0,1,0,1,0,28,0
Leon Goretzka,GER,"MF,DF",Bayern Munich,29-270,1995,0.5,48,1,9,28,12,2,48,0,0,,0,,21,137,61,3,2,0,0,0,32,1
Lucas Gourna-Douath,FRA,MF,RB Salzburg,21-089,2003,1.1,96,3,23,64,9,0,96,5,1,20.0,4,80.0,63,467,147,0,1,0,2,2,56,1
Ryan Gravenberch,NED,MF,Liverpool,22-170,2002,3.0,178,11,44,112,24,1,178,5,3,60.0,2,40.0,95,596,336,9,5,0,3,4,115,4
Jack Grealish,ENG,"FW,MF",Manchester City,29-053,1995,1.1,61,2,3,14,46,9,61,3,0,0.0,0,0.0,46,341,249,10,6,5,0,1,48,13
Antoine Griezmann,FRA,"MF,FW",Atlético Madrid,33-226,1991,2.5,171,0,15,82,75,8,171,4,3,75.0,0,0.0,121,559,288,9,7,0,9,0,132,18
Álex Grimaldo,ESP,DF,Leverkusen,29-043,1995,2.9,208,11,47,85,78,11,208,10,6,60.0,4,40.0,121,403,212,3,9,0,2,2,154,27
Pascal Groß,GER,MF,Dortmund,33-140,1991,1.7,197,6,39,110,48,4,197,0,0,,0,,139,511,181,2,4,1,0,3,161,5
Gabriel Gudmundsson,SWE,DF,Lille,25-187,1999,2.1,126,6,50,49,30,2,126,6,4,66.7,1,16.7,79,585,229,4,9,1,7,6,73,3
Raphaël Guerreiro,POR,DF,Bayern Munich,30-316,1993,1.8,153,2,12,86,55,9,153,2,2,100.0,0,0.0,88,345,197,5,2,2,2,3,114,14
Daouda Guindo,MLI,DF,RB Salzburg,22-019,2002,0.1,4,0,0,3,1,0,4,0,0,,0,,4,46,15,0,1,0,0,0,4,0
Serhou Guirassy,GUI,FW,Dortmund,28-235,1996,2.1,83,6,8,51,25,9,81,3,1,33.3,2,66.7,39,232,134,5,5,0,2,1,56,11
Péter Gulácsi,HUN,GK,RB Leipzig,34-180,1990,3.0,152,125,152,0,0,0,152,0,0,,0,,97,320,198,0,0,0,0,0,83,0
Arda Güler,TUR,"MF,FW",Real Madrid,19-251,2005,0.5,35,2,4,15,16,2,35,1,1,100.0,0,0.0,25,95,33,1,1,0,1,0,23,2
İlkay Gündoğan,GER,MF,Manchester City,34-009,1990,2.3,260,3,15,110,136,12,260,3,1,33.3,2,66.7,160,925,610,13,16,0,2,1,207,16
Miguel Gutiérrez,ESP,"DF,MF",Girona,23-098,2001,3.0,202,14,58,86,60,4,202,9,5,55.6,4,44.4,121,689,319,10,5,0,2,2,129,15
Joško Gvardiol,CRO,DF,Manchester City,22-284,2002,2.0,219,6,32,117,70,2,219,3,2,66.7,1,33.3,163,725,374,3,4,0,1,1,175,4
Viktor Gyökeres,SWE,FW,Sporting CP,26-151,1998,3.0,94,2,3,41,52,21,94,12,4,33.3,7,58.3,64,385,159,8,3,6,9,8,87,21
Erling Haaland,NOR,FW,Manchester City,24-104,2000,2.5,42,0,1,9,32,20,42,1,1,100.0,0,0.0,27,123,68,4,1,2,1,1,31,6
Anis Hadj Moussa,ALG,DF,Feyenoord,22-265,2002,0.5,23,0,1,5,17,2,23,1,0,0.0,1,100.0,18,137,56,3,1,1,2,1,17,7
Jaouen Hadjam,ALG,DF,Young Boys,21-221,2003,2.7,172,21,81,68,27,3,172,13,8,61.5,3,23.1,92,719,444,10,6,2,6,3,105,9
Amadou Haidara,MLI,MF,RB Leipzig,26-276,1998,2.8,155,12,50,86,20,0,155,2,1,50.0,1,50.0,72,271,113,0,0,0,1,2,94,2
Massadio Haïdara,MLI,DF,Brest,31-336,1992,2.1,131,9,29,74,29,1,131,2,1,50.0,1,50.0,62,296,150,1,2,1,1,1,76,6
Achraf Hakimi,MAR,DF,Paris S-G,25-364,1998,3.0,261,6,51,87,124,18,261,12,5,41.7,5,41.7,145,1001,733,27,14,4,2,4,188,39
Dávid Hancko,SVK,DF,Feyenoord,26-325,1997,3.0,198,21,82,88,28,5,198,2,2,100.0,0,0.0,111,586,325,7,4,0,1,2,137,3
Lukáš Haraslín,SVK,FW,Sparta Prague,28-160,1996,2.2,63,2,9,22,34,3,63,4,2,50.0,2,50.0,40,254,150,6,2,2,0,0,33,11
Conrad Harder,DEN,"MF,FW",Sporting CP,19-209,2005,0.2,6,0,0,2,4,2,6,0,0,,0,,6,57,41,2,1,1,0,1,7,2
Reo Hatate,JPN,MF,Celtic,26-347,1997,2.1,128,6,29,63,41,7,128,2,0,0.0,2,100.0,82,416,179,7,3,2,4,3,95,12
Kai Havertz,GER,"FW,MF",Arsenal,25-144,1999,3.0,117,2,13,50,54,12,117,3,1,33.3,2,66.7,57,249,115,2,2,2,4,6,91,17
Benjamin Henrichs,GER,"DF,MF",RB Leipzig,27-253,1997,2.3,138,7,40,70,30,3,138,4,3,75.0,1,25.0,73,327,168,4,3,1,1,1,81,5
Theo Hernández,FRA,DF,Milan,27-027,1997,3.0,231,8,52,122,60,4,231,5,2,40.0,2,40.0,151,912,595,11,9,1,3,1,161,15
Yangel Herrera,VEN,MF,Girona,26-293,1998,1.9,119,5,25,70,25,3,119,0,0,,0,,85,433,169,2,2,0,2,1,96,0
Isak Hien,SWE,DF,Atalanta,25-294,1999,2.0,152,5,56,87,12,5,152,1,0,0.0,1,100.0,113,516,147,0,2,0,0,2,106,0
Stefan Hierländer,AUT,MF,Sturm Graz,33-273,1991,0.1,6,0,0,4,2,1,6,0,0,,0,,2,7,0,0,0,0,1,0,2,0
Piero Hincapié,ECU,DF,Leverkusen,22-298,2002,3.0,275,25,123,137,17,3,275,0,0,,0,,179,819,547,1,0,0,1,1,215,1
Morten Hjulmand,DEN,MF,Sporting CP,25-130,1999,3.0,178,7,39,112,30,1,178,1,0,0.0,1,100.0,68,219,96,1,1,1,2,2,110,0
Jonas Hofmann,GER,"MF,FW",Leverkusen,32-111,1992,1.0,48,0,8,28,13,2,48,2,1,50.0,1,50.0,34,79,26,1,0,0,1,1,42,8
Tomi Horvat,SVN,MF,Sturm Graz,25-223,1999,1.5,74,2,20,40,15,1,74,2,0,0.0,2,100.0,52,225,108,0,1,0,1,1,50,7
Arbër Hoxha,ALB,DF,Dinamo Zagreb,26-027,1998,0.2,13,3,8,3,2,0,13,1,1,100.0,0,0.0,8,19,11,0,0,0,0,0,8,2
Lukáš Hrádecký,FIN,GK,Leverkusen,34-344,1989,2.0,87,77,86,1,0,0,87,0,0,,0,,51,197,85,0,0,0,0,0,49,0
Yang Hyunjun,KOR,FW,Celtic,22-161,2002,0.3,8,1,2,5,1,1,8,0,0,,0,,4,15,4,0,0,0,1,0,3,1
Adam Idah,IRL,FW,Celtic,23-265,2001,1.2,42,2,6,26,10,4,42,3,1,33.3,2,66.7,20,113,17,1,0,1,5,1,31,4
Danylo Ihnatenko,UKR,MF,Slovan Bratislava,27-234,1997,2.4,91,7,38,51,3,0,91,1,0,0.0,1,100.0,46,218,65,0,1,0,4,1,56,1
George Ilenikhena,FRA,FW,Monaco,18-078,2006,1.0,25,0,3,6,17,3,25,2,1,50.0,1,50.0,12,44,30,1,0,1,3,1,19,5
Luka Ilić,SRB,"MF,FW",Red Star,25-123,1999,0.7,34,1,6,20,8,1,34,1,1,100.0,0,0.0,18,83,16,1,1,1,2,1,27,4
Marko Ilić,SRB,GK,Red Star,26-273,1998,1.0,36,30,36,0,0,0,36,0,0,,0,,6,32,16,0,0,0,0,0,7,0
Samuel Iling-Junior,ENG,"FW,MF",Bologna,21-029,2003,0.6,33,0,3,7,24,2,33,2,1,50.0,1,50.0,23,207,130,5,3,1,2,1,24,9
Kastriot Imeri,SUI,MF,Young Boys,24-128,2000,1.5,47,0,10,18,20,2,47,0,0,,0,,32,212,119,3,2,0,3,1,39,5
Hwang In-beom,KOR,MF,Feyenoord,28-043,1996,3.0,167,6,30,94,44,1,167,2,1,50.0,1,50.0,89,433,201,3,5,0,1,2,111,6
Gonçalo Inácio,POR,DF,Sporting CP,23-069,2001,2.1,197,25,84,105,8,1,197,2,1,50.0,1,50.0,131,528,290,0,2,0,0,0,154,0
Franco Israel,URU,GK,Sporting CP,24-194,2000,3.0,108,102,108,0,0,0,108,0,0,,0,,56,227,132,0,0,0,0,0,50,0
Cedric Itten,SUI,FW,Young Boys,27-311,1996,0.9,31,5,6,18,7,2,31,0,0,,0,,8,20,5,0,0,0,3,1,14,4
Mirko Ivanić,MNE,MF,Red Star,31-050,1993,1.0,50,0,2,18,30,5,50,3,2,66.7,0,0.0,36,278,145,2,2,1,0,1,38,14
Luka Ivanušec,CRO,MF,Feyenoord,25-342,1998,0.1,5,0,0,2,3,0,5,1,0,0.0,1,100.0,2,41,0,0,1,0,1,0,1,0
Ardon Jashari,SUI,MF,Club Brugge,22-095,2002,1.9,120,9,32,70,18,2,120,2,1,50.0,1,50.0,45,222,116,3,0,1,1,0,84,2
Seedy Jatta,NOR,FW,Sturm Graz,21-229,2003,1.7,31,0,3,22,7,2,31,3,1,33.3,2,66.7,17,131,79,2,1,1,5,1,17,4
Gabriel Jesus,BRA,"FW,MF",Arsenal,27-213,1997,1.6,99,0,3,35,62,6,99,6,4,66.7,2,33.3,54,288,119,4,5,1,5,5,78,23
Alistair Johnston,CAN,DF,Celtic,26-025,1998,2.8,195,17,76,87,34,3,195,1,0,0.0,1,100.0,106,425,274,4,1,0,5,1,115,7
Max Johnston,SCO,DF,Sturm Graz,20-312,2003,2.3,103,8,29,49,29,0,103,1,0,0.0,1,100.0,56,215,136,2,1,0,0,0,56,6
Curtis Jones,ENG,MF,Liverpool,23-277,2001,0.2,26,0,7,10,9,0,26,4,1,25.0,3,75.0,14,67,5,0,0,0,0,1,19,0
Frenkie de Jong,NED,"MF,FW",Barcelona,27-174,1997,0.5,41,2,6,27,8,2,41,0,0,,0,,20,96,53,1,0,0,0,2,31,2
Luuk de Jong,NED,FW,PSV Eindhoven,34-067,1990,2.8,132,6,12,71,49,11,132,1,1,100.0,0,0.0,47,123,32,0,1,0,4,6,97,14
Jorginho,ITA,MF,Arsenal,32-318,1991,0.4,29,1,10,15,4,3,29,0,0,,0,,11,37,4,0,0,0,0,0,18,1
Diogo Jota,POR,FW,Liverpool,27-334,1996,1.1,29,0,3,11,15,6,29,2,0,0.0,2,100.0,18,77,44,0,0,1,4,1,22,6
Juanpe,ESP,DF,Girona,33-186,1991,1.0,87,2,18,64,6,0,87,0,0,,0,,71,477,271,0,2,0,0,0,70,0
Mauro Júnior,BRA,DF,PSV Eindhoven,25-180,1999,1.9,161,10,42,83,37,2,161,5,1,20.0,3,60.0,88,450,185,3,2,0,2,0,110,11
Vinicius Júnior,BRA,FW,Real Madrid,24-113,2000,3.0,161,0,8,56,102,24,161,27,11,40.7,14,51.9,123,1018,552,22,11,10,10,2,127,36
Ferran Jutglà,ESP,FW,Club Brugge,25-275,1999,1.9,54,1,3,31,21,7,54,2,0,0.0,2,100.0,32,165,82,3,1,1,4,0,46,10
Issa Kaboré,BFA,DF,Benfica,23-174,2001,0.6,35,2,15,14,6,0,35,3,2,66.7,1,33.3,16,126,50,2,1,0,0,2,16,1
Lukas Kačavenda,CRO,FW,Dinamo Zagreb,21-245,2003,0.2,17,1,5,5,7,3,17,1,1,100.0,0,0.0,10,98,71,2,1,1,2,1,10,4
Kaan Kairinen,FIN,MF,Sparta Prague,25-316,1998,3.0,100,7,34,53,15,1,100,2,0,0.0,2,100.0,47,199,55,1,0,0,2,1,40,2
Pierre Kalulu,FRA,DF,Juventus,24-150,2000,3.0,238,24,117,110,14,1,238,3,3,100.0,0,0.0,155,853,454,7,6,0,3,1,172,0
Boubacar Kamara,FRA,MF,Aston Villa,24-345,1999,0.1,13,1,3,9,1,0,13,0,0,,0,,6,19,8,0,0,0,0,0,10,0
Kevin Kampl,SVN,MF,RB Leipzig,34-024,1990,0.2,9,0,1,5,3,0,9,0,0,,0,,5,12,1,0,0,0,0,0,6,0
Harry Kane,ENG,FW,Bayern Munich,31-097,1993,3.0,114,1,13,50,52,16,111,6,5,83.3,1,16.7,67,299,164,3,2,1,5,3,90,12
Lee Kang-in,KOR,"FW,MF",Paris S-G,23-257,2001,2.1,133,0,7,56,71,1,133,1,1,100.0,0,0.0,73,305,171,3,3,0,2,6,100,12
Guélor Kanga,GAB,MF,Red Star,34-062,1990,0.2,16,1,4,12,0,0,16,0,0,,0,,8,36,5,0,0,0,0,2,6,0
Atakan Karazor,,MF,Stuttgart,28-020,1996,2.8,257,11,46,163,50,3,257,3,2,66.7,1,33.3,189,751,330,2,6,0,1,1,188,4
Rick Karsdorp,NED,DF,PSV Eindhoven,29-265,1995,0.3,17,1,6,9,3,0,17,0,0,,0,,8,41,24,0,0,0,0,0,12,1
Guram Kashia,GEO,DF,Slovan Bratislava,37-121,1987,3.0,140,50,111,27,2,2,140,0,0,,0,,72,252,71,0,1,0,1,2,78,0
Aleksandar Katai,SRB,FW,Red Star,33-270,1991,0.2,7,0,1,5,1,1,7,0,0,,0,,2,19,16,1,0,1,0,0,4,0
Silas Katompa,COD,"FW,DF",Red Star,26-027,1998,2.4,74,0,10,36,29,5,74,11,7,63.6,4,36.4,46,289,100,4,1,0,11,5,50,11
Thilo Kehrer,GER,DF,Monaco,28-042,1996,3.0,218,17,81,130,10,3,218,1,1,100.0,0,0.0,115,710,534,6,4,0,4,0,152,0
Caoimhín Kelleher,IRL,GK,Liverpool,25-345,1998,1.0,46,32,46,0,0,0,46,0,0,,0,,30,59,19,0,0,0,0,0,25,0
Marvin Keller,SUI,GK,Young Boys,22-122,2002,1.0,39,33,39,0,0,0,39,0,0,,0,,27,139,99,0,0,0,0,0,24,0
Kevin,BRA,"FW,MF",Shakhtar,21-303,2003,0.6,29,1,9,11,10,1,29,3,3,100.0,0,0.0,18,226,106,4,2,1,1,1,16,3
Joshua Kimmich,GER,MF,Bayern Munich,29-268,1995,3.0,306,6,36,186,88,3,306,1,0,0.0,1,100.0,210,1056,529,9,8,0,3,2,244,7
Otar Kiteishvili,GEO,MF,Sturm Graz,28-221,1996,1.9,111,3,22,61,30,5,111,4,2,50.0,2,50.0,78,325,156,3,2,0,4,4,82,7
Jakub Kiwior,POL,DF,Arsenal,24-261,2000,0.5,19,6,14,3,2,0,19,0,0,,0,,6,9,4,0,0,0,0,0,10,0
Maurits Kjærgaard,DEN,MF,RB Salzburg,21-129,2003,1.0,70,3,10,26,34,0,70,1,0,0.0,0,0.0,55,381,192,4,7,0,2,1,53,6
Gregor Kobel,SUI,GK,Dortmund,26-332,1997,3.0,128,103,128,0,0,0,128,0,0,,0,,91,412,226,0,0,0,0,0,77,0
Philipp Köhn,SUI,GK,Monaco,26-214,1998,2.0,40,31,40,0,0,0,40,0,0,,0,,15,78,58,0,0,0,0,0,15,0
Orkun Kökçü,TUR,MF,Benfica,23-309,2000,2.7,182,5,33,106,43,3,181,5,3,60.0,1,20.0,138,650,263,5,1,1,6,3,143,9
Koke,ESP,MF,Atlético Madrid,32-299,1992,2.5,209,2,34,146,29,0,209,0,0,,0,,168,658,284,2,3,0,3,1,172,3
Sead Kolašinac,BIH,DF,Atalanta,31-135,1993,2.9,204,6,56,98,52,1,204,2,2,100.0,0,0.0,157,650,373,3,10,0,1,2,152,6
Randal Kolo Muani,FRA,FW,Paris S-G,25-333,1998,1.0,31,0,2,10,22,12,31,5,4,80.0,1,20.0,15,114,97,2,2,1,0,4,22,11
Ibrahima Konaté,FRA,DF,Liverpool,25-161,1999,3.0,200,28,109,90,4,2,200,1,0,0.0,0,0.0,113,445,253,0,1,0,0,1,131,0
Karim Konaté,CIV,FW,RB Salzburg,20-226,2004,2.4,70,1,5,26,42,16,70,6,2,33.3,2,33.3,49,282,98,3,2,1,4,5,49,13
Yukhym Konoplia,UKR,DF,Shakhtar,25-068,1999,1.9,76,8,21,34,22,3,76,2,1,50.0,1,50.0,42,194,77,1,3,0,1,1,51,5
Ezri Konsa,ENG,DF,Aston Villa,27-010,1997,3.0,138,14,63,63,13,3,138,3,0,0.0,3,100.0,66,323,144,2,0,0,1,2,82,4
Teun Koopmeiners,NED,MF,Juventus,26-248,1998,2.0,95,3,16,41,38,9,95,2,0,0.0,1,50.0,58,278,153,5,4,2,4,2,73,14
Odilon Kossounou,CIV,DF,Atalanta,23-303,2001,0.9,54,4,24,25,6,2,54,0,0,,0,,38,257,133,1,0,0,1,0,37,0
Jules Koundé,FRA,DF,Barcelona,25-356,1998,3.0,198,15,55,109,34,3,198,7,4,57.1,3,42.9,93,312,187,3,0,0,5,0,121,12
Moussa Kounfolo Yeo,MLI,FW,RB Salzburg,20-154,2004,0.6,31,0,5,16,10,1,31,2,0,0.0,2,100.0,22,105,39,0,0,0,1,2,23,4
Mateo Kovačić,CRO,MF,Manchester City,30-180,1994,0.2,33,1,7,18,9,0,33,2,2,100.0,0,0.0,31,169,63,0,3,0,0,2,33,0
Matej Kovar,CZE,GK,Leverkusen,24-169,2000,1.0,36,34,36,0,0,0,36,0,0,,0,,27,124,63,0,0,0,0,0,18,0
Ermal Krasniqi,KVX,FW,Sparta Prague,26-056,1998,0.8,15,3,9,4,2,1,15,2,1,50.0,0,0.0,6,20,15,0,0,0,1,1,4,0
Ladislav Krejčí,CZE,DF,Girona,25-196,1999,3.0,252,22,103,134,17,0,252,1,0,0.0,0,0.0,165,831,571,4,1,0,0,2,202,1
Rade Krunić,BIH,MF,Red Star,31-026,1993,2.5,136,9,44,73,20,2,136,5,5,100.0,0,0.0,75,496,201,4,2,0,5,2,85,2
Dmytro Kryskiv,UKR,MF,Shakhtar,24-027,2000,3.0,163,13,57,81,25,2,163,0,0,,0,,79,370,172,4,1,1,2,1,119,6
Juraj Kucka,SVK,MF,Slovan Bratislava,37-250,1987,0.9,43,4,16,18,10,0,43,2,2,100.0,0,0.0,24,109,42,0,0,0,2,1,23,0
Nicolas-Gerrit Kühn,GER,FW,Celtic,24-306,2000,2.4,98,2,19,35,47,9,98,12,5,41.7,7,58.3,66,494,281,6,7,5,6,1,64,14
Sandro Kulenović,CRO,FW,Dinamo Zagreb,24-334,1999,1.2,44,2,4,22,18,5,44,1,0,0.0,1,100.0,30,104,14,0,0,0,5,1,35,4
Qazim Laçi,ALB,MF,Sparta Prague,28-288,1996,2.7,96,8,33,44,20,4,96,6,4,66.7,2,33.3,50,205,61,2,2,1,2,1,43,3
Konrad Laimer,AUT,DF,Bayern Munich,27-159,1997,1.0,59,3,13,26,20,1,59,3,1,33.3,2,66.7,35,129,59,1,1,0,2,4,39,4
Kenny Lala,MAD,DF,Brest,33-030,1991,3.0,198,14,76,94,33,0,198,4,3,75.0,1,25.0,106,593,294,7,5,0,8,0,117,5
Mohamed Lamine Bayo,GUI,FW,Lille,26-151,1998,0.7,21,0,1,14,6,1,21,3,3,100.0,0,0.0,15,81,31,1,0,1,2,2,16,3
Noa Lang,NED,"FW,MF",PSV Eindhoven,25-138,1999,1.3,82,1,10,23,51,5,82,10,3,30.0,7,70.0,47,461,210,8,8,2,0,2,58,13
Sandro Lauper,SUI,"MF,DF",Young Boys,28-008,1996,3.0,129,20,59,58,12,0,129,0,0,,0,,55,172,81,0,0,0,1,0,73,0
Dimitri Lavalée,BEL,DF,Sturm Graz,27-294,1997,2.0,115,16,65,39,11,2,115,2,2,100.0,0,0.0,60,305,215,1,1,0,2,0,56,1
Julien Le Cardinal,FRA,DF,Brest,27-091,1997,1.0,59,8,30,28,1,1,59,1,0,0.0,0,0.0,44,195,66,0,0,0,0,0,39,0
Robin Le Normand,ESP,DF,Atlético Madrid,27-357,1996,1.0,56,3,19,33,4,3,56,0,0,,0,,40,254,92,0,0,0,0,0,39,0
Rafael Leão,POR,FW,Milan,25-145,1999,2.7,113,0,10,54,55,18,113,23,17,73.9,5,21.7,87,766,338,12,7,10,7,4,104,35
Richy Ledezma,USA,"DF,MF",PSV Eindhoven,24-057,2000,1.2,112,1,16,68,29,1,112,0,0,,0,,63,184,91,1,1,0,1,0,84,4
Pierre Lees-Melou,FRA,MF,Brest,31-161,1993,1.0,76,5,25,43,9,0,76,3,3,100.0,0,0.0,35,175,94,0,1,0,1,1,57,2
Robert Lewandowski,POL,FW,Barcelona,36-073,1988,2.6,73,0,7,37,30,13,73,1,1,100.0,0,0.0,38,150,41,2,1,2,6,5,53,9
Jamie Leweling,GER,FW,Stuttgart,23-250,2001,2.9,153,2,15,50,92,14,153,9,4,44.4,5,55.6,113,794,443,18,8,6,5,4,109,34
Rico Lewis,ENG,"DF,MF",Manchester City,19-347,2004,3.0,241,2,14,102,125,19,241,2,1,50.0,1,50.0,157,852,480,10,12,1,3,1,178,19
Myles Lewis-Skelly,ENG,"DF,MF",Arsenal,18-037,2006,0.2,15,1,3,9,3,0,15,0,0,,0,,6,13,2,0,0,0,0,0,11,0
Samuel Lino,BRA,"DF,FW",Atlético Madrid,24-315,1999,1.5,96,1,15,26,55,9,96,4,3,75.0,0,0.0,69,506,289,11,5,4,2,2,73,17
Marcos Llorente,ESP,DF,Atlético Madrid,29-277,1995,1.4,76,0,11,26,40,6,76,3,0,0.0,3,100.0,47,239,161,8,3,0,0,0,52,10
Manuel Locatelli,ITA,MF,Juventus,26-299,1998,1.0,86,5,33,46,8,0,86,0,0,,0,,56,226,107,0,2,0,1,2,64,1
Ruben Loftus-Cheek,ENG,MF,Milan,28-284,1996,2.4,110,3,22,65,25,4,110,3,2,66.7,1,33.3,68,373,237,7,1,0,4,1,88,6
Ademola Lookman,NGA,"FW,MF",Atalanta,27-013,1997,2.4,119,0,3,41,76,20,119,11,5,45.5,6,54.5,95,504,231,12,6,11,5,7,96,26
David López,ESP,DF,Girona,35-024,1989,2.1,144,20,75,68,3,2,144,1,1,100.0,0,0.0,90,550,302,1,0,0,1,2,102,0
Fermin López,ESP,MF,Barcelona,21-175,2003,0.7,17,1,4,8,5,2,17,2,1,50.0,1,50.0,11,44,22,1,0,1,1,0,10,1
Jordan Lotomba,SUI,DF,Feyenoord,26-034,1998,2.4,121,5,47,50,27,2,121,4,3,75.0,1,25.0,64,443,201,4,1,0,5,2,74,5
Jhon Lucumí,COL,DF,Bologna,26-129,1998,3.0,254,42,137,109,9,3,254,1,0,0.0,1,100.0,170,804,456,2,1,0,2,0,173,1
Florentino Luís,POR,MF,Benfica,25-075,1999,2.7,169,11,62,89,19,0,169,4,3,75.0,1,25.0,101,338,121,1,0,0,1,1,96,1
Douglas Luiz,BRA,MF,Juventus,26-177,1998,0.5,31,4,14,14,3,1,31,2,1,50.0,1,50.0,18,118,41,1,1,0,2,0,19,1
Castello Lukeba,FRA,DF,RB Leipzig,21-321,2002,3.0,256,48,162,85,11,1,256,1,1,100.0,0,0.0,170,964,534,5,3,0,2,0,188,1
Andriy Lunin,UKR,GK,Real Madrid,25-265,1999,1.0,26,20,26,0,0,0,26,0,0,,0,,18,53,18,0,0,0,0,0,12,0
Charalambos Lykogiannis,GRE,DF,Bologna,31-011,1993,1.9,100,4,32,47,23,2,100,4,2,50.0,2,50.0,48,191,112,1,1,0,0,1,54,8
Ian Maatsen,NED,"DF,FW",Aston Villa,22-237,2002,1.4,77,1,23,21,34,5,77,5,2,40.0,3,60.0,30,158,84,4,1,1,3,4,37,9
Alexis Mac Allister,ARG,MF,Liverpool,25-314,1998,3.0,172,7,27,102,44,3,172,3,1,33.3,2,66.7,83,288,136,2,3,1,2,1,125,7
Daizen Maeda,JPN,FW,Celtic,27-013,1997,2.8,90,3,15,24,52,10,90,6,2,33.3,4,66.7,57,379,165,6,6,1,7,2,62,22
Gabriel Magalhães,BRA,DF,Arsenal,26-319,1997,3.0,207,29,99,95,13,1,207,0,0,,0,,118,409,244,1,3,0,0,1,156,0
Soungoutou Magassa,FRA,MF,Monaco,21-025,2003,0.2,19,0,2,15,2,0,19,0,0,,0,,13,52,30,0,0,0,0,0,16,0
Hugo Magnetti,FRA,MF,Brest,26-156,1998,2.9,139,5,21,87,33,0,139,2,0,0.0,1,50.0,87,493,185,2,1,0,3,2,88,3
Mike Maignan,FRA,GK,Milan,29-122,1995,2.6,128,93,126,2,0,0,128,1,1,100.0,0,0.0,92,528,299,0,0,0,0,0,76,0
Radosław Majecki,POL,GK,Monaco,24-352,1999,1.0,23,21,23,0,0,0,23,0,0,,0,,13,46,31,0,0,0,0,0,12,0
Róbert Mak,SVK,"FW,MF",Slovan Bratislava,33-239,1991,0.2,15,1,6,3,7,2,15,2,1,50.0,1,50.0,10,54,16,0,1,0,0,0,9,2
Andrija Maksimović,SRB,MF,Red Star,17-150,2007,1.6,63,0,9,33,22,3,63,2,1,50.0,1,50.0,36,207,111,2,3,0,4,1,43,4
Donyell Malen,NED,FW,Dortmund,25-298,1999,1.3,36,1,4,9,23,5,36,1,0,0.0,1,100.0,27,90,39,2,0,2,3,0,32,7
Darian Males,SUI,"FW,MF",Young Boys,23-183,2001,0.4,20,0,2,8,10,1,20,1,0,0.0,1,100.0,7,45,19,0,0,0,1,0,11,3
Reinildo Mandava,MOZ,DF,Atlético Madrid,30-286,1994,2.2,175,5,45,101,30,0,175,2,0,0.0,2,100.0,126,615,373,8,8,0,0,1,130,5
Aïssa Mandi,ALG,"DF,MF",Lille,33-011,1991,1.7,64,12,39,24,1,0,64,0,0,,0,,37,153,47,0,0,0,0,0,42,0
Nino Marcelli,SVK,FW,Slovan Bratislava,19-157,2005,0.4,15,1,4,7,4,0,15,1,0,0.0,1,100.0,8,43,7,0,0,0,1,0,8,1
José María Giménez,URU,DF,Atlético Madrid,29-287,1995,3.0,262,40,132,121,9,4,262,1,0,0.0,1,100.0,179,733,316,1,0,0,2,0,180,1
Marquinhos,BRA,DF,Paris S-G,30-172,1994,3.0,280,31,111,146,23,2,280,3,2,66.7,1,33.3,182,834,584,3,8,0,0,0,219,1
Gerard Martín,ESP,"FW,DF",Barcelona,22-306,2002,0.1,5,0,1,3,1,0,5,0,0,,0,,3,16,10,0,0,0,1,0,3,1
Iván Martín,ESP,MF,Girona,25-262,1999,2.0,123,3,27,70,27,0,123,1,0,0.0,0,0.0,74,566,218,2,3,0,1,3,92,3
Jonas Martin,FRA,MF,Brest,34-207,1990,0.5,37,0,5,22,11,2,37,2,1,50.0,0,0.0,33,126,40,0,1,0,0,0,32,2
Gabriel Martinelli,BRA,"MF,FW",Arsenal,23-137,2001,3.0,94,3,17,31,48,11,94,9,6,66.7,2,22.2,62,534,284,13,7,5,5,0,71,16
Arnau Martinez,ESP,"DF,MF",Girona,21-191,2003,3.0,203,14,58,96,51,5,203,2,1,50.0,0,0.0,115,598,310,8,7,0,5,1,141,14
Emiliano Martínez,ARG,GK,Aston Villa,32-061,1992,3.0,139,106,139,0,0,0,139,0,0,,0,,84,466,308,0,0,0,0,0,65,0
Iñigo Martínez,ESP,DF,Barcelona,33-169,1991,2.9,215,25,82,128,6,3,215,0,0,,0,,130,720,583,6,3,0,0,0,167,0
Lautaro Martínez,ARG,FW,Inter,27-072,1997,0.9,41,2,9,17,15,4,41,3,2,66.7,1,33.3,29,129,75,2,1,1,3,0,30,8
Eliot Matazo,BEL,MF,Monaco,22-261,2002,0.0,5,0,1,1,3,1,5,0,0,,0,,3,6,2,0,0,0,0,0,4,0
Mykola Matviyenko,UKR,DF,Shakhtar,28-184,1996,3.0,249,51,162,81,7,3,249,2,2,100.0,0,0.0,143,769,388,2,3,0,1,0,176,1
Christian Mawissa,FRA,DF,Monaco,19-198,2005,0.0,6,0,0,0,6,0,6,1,0,0.0,1,100.0,3,13,2,0,0,0,0,0,5,1
Senny Mayulu,FRA,MF,Paris S-G,18-169,2006,0.1,6,0,0,2,4,3,6,0,0,,0,,4,14,4,0,0,0,0,0,4,1
Kylian Mbappé,FRA,FW,Real Madrid,25-318,1998,2.4,77,0,2,20,55,26,77,8,3,37.5,4,50.0,56,340,180,9,3,7,3,5,58,18
James Mcatee,ENG,"FW,MF",Manchester City,22-015,2002,0.6,36,0,0,15,22,8,36,4,2,50.0,2,50.0,27,170,120,4,1,1,0,1,27,9
Luke McCowan,SCO,MF,Celtic,26-329,1997,0.2,5,1,1,4,0,0,5,0,0,,0,,3,35,27,2,0,0,0,0,4,2
John McGinn,SCO,FW,Aston Villa,30-015,1994,1.7,73,1,13,27,33,4,73,3,1,33.3,2,66.7,39,196,73,2,1,1,3,1,48,4
Callum McGregor,SCO,MF,Celtic,31-141,1993,3.0,187,9,47,117,25,0,187,4,3,75.0,1,25.0,123,574,281,3,3,0,1,0,136,4
Weston McKennie,USA,"MF,DF",Juventus,26-066,1998,2.4,114,6,37,59,18,4,114,2,0,0.0,2,100.0,65,187,78,0,0,0,4,3,79,7
Brandon Mechele,BEL,DF,Club Brugge,31-279,1993,3.0,242,33,144,90,9,6,242,0,0,,0,,105,358,153,0,0,0,1,0,185,0
John Mellberg,SWE,DF,RB Salzburg,18-095,2006,0.5,36,1,15,14,7,0,36,2,2,100.0,0,0.0,30,177,74,3,1,0,0,1,27,5
Nuno Mendes,POR,DF,Paris S-G,22-136,2002,3.0,272,2,71,138,66,5,272,9,6,66.7,3,33.3,151,705,525,11,7,2,1,4,202,12
Ferland Mendy,FRA,DF,Real Madrid,29-147,1995,2.3,121,3,31,70,21,2,121,2,1,50.0,1,50.0,79,259,83,1,0,1,3,1,87,6
Mikel Merino,ESP,MF,Arsenal,28-133,1996,0.8,31,6,13,10,8,0,31,1,0,0.0,1,100.0,11,32,5,0,0,0,1,0,13,0
Idjessi Metsoko,FRA,FW,Slovan Bratislava,22-233,2002,0.1,6,0,1,4,1,0,6,0,0,,0,,5,13,6,0,0,0,1,0,5,0
Thomas Meunier,BEL,DF,Lille,33-051,1991,1.7,109,4,31,53,27,0,109,2,2,100.0,0,0.0,54,283,133,2,4,0,2,0,66,5
Simon Mignolet,BEL,GK,Club Brugge,36-241,1988,3.0,107,97,107,0,0,0,107,0,0,,0,,55,226,144,0,0,0,0,0,64,0
Antoni Milambo,NED,"MF,FW",Feyenoord,19-213,2005,2.7,100,1,15,48,39,8,100,9,5,55.6,4,44.4,49,355,218,6,4,0,6,3,68,11
Éder Militão,BRA,DF,Real Madrid,26-289,1998,2.1,159,11,67,85,7,0,159,1,1,100.0,0,0.0,121,526,291,2,0,0,0,0,122,0
Enzo Millot,FRA,"FW,MF",Stuttgart,22-108,2002,2.8,180,1,14,74,93,19,179,12,4,33.3,7,58.3,116,621,258,5,5,2,4,5,135,18
Milson,ANG,FW,Red Star,25-021,1999,0.2,8,0,1,2,5,1,8,1,0,0.0,1,100.0,5,50,18,1,0,0,0,1,6,2
Ognjen Mimovic,SRB,DF,Red Star,20-077,2004,0.3,19,1,3,9,7,0,19,0,0,,0,,15,67,24,1,0,0,1,0,14,2
Kim Min-jae,KOR,DF,Bayern Munich,27-353,1996,2.7,266,14,91,171,6,0,266,1,1,100.0,0,0.0,172,693,310,1,0,0,2,0,206,0
Takumi Minamino,JPN,MF,Monaco,29-291,1995,2.8,107,0,9,36,62,14,107,1,0,0.0,1,100.0,51,224,111,3,2,1,5,5,84,29
Bojan Miovski,MKD,FW,Girona,25-131,1999,1.6,36,1,1,17,18,7,35,2,0,0.0,2,100.0,17,55,11,0,1,0,2,2,27,8
Juan Miranda,ESP,DF,Bologna,24-288,2000,1.1,66,4,30,26,10,1,66,0,0,,0,,23,99,70,1,0,0,0,0,31,2
Josip Mišić,CRO,MF,Dinamo Zagreb,30-127,1994,3.0,177,15,60,101,18,0,177,0,0,,0,,96,388,167,2,2,0,0,0,98,0
Jeyland Mitchell,CRC,DF,Feyenoord,20-034,2004,0.2,13,0,1,10,2,0,13,0,0,,0,,7,47,32,0,1,0,0,0,8,0
Maximilian Mittelstädt,GER,DF,Stuttgart,27-229,1997,3.0,231,11,49,102,82,3,231,3,2,66.7,1,33.3,142,538,211,3,3,0,3,2,151,16
Henrikh Mkhitaryan,ARM,MF,Inter,35-286,1989,1.6,136,6,36,58,42,5,136,2,1,50.0,1,50.0,83,474,279,7,5,0,1,2,96,8
Samy Mmaee,MAR,DF,Dinamo Zagreb,28-055,1996,1.0,49,17,39,10,0,0,49,0,0,,0,,34,132,38,0,0,0,0,0,33,0
Luka Modrić,CRO,MF,Real Madrid,39-054,1985,1.4,133,4,22,65,48,1,133,2,2,100.0,0,0.0,90,448,202,2,2,0,3,2,100,5
Nahuel Molina,ARG,"DF,MF",Atlético Madrid,26-210,1998,1.8,137,0,33,60,44,2,137,2,0,0.0,2,100.0,93,385,151,2,2,1,6,1,91,11
Joel Monteiro,SUI,"MF,FW",Young Boys,25-089,1999,2.9,101,6,35,33,35,6,101,9,5,55.6,4,44.4,60,467,254,7,6,3,8,4,56,16
Álvaro Morata,ESP,FW,Milan,32-010,1992,2.1,55,2,9,28,19,10,55,3,3,100.0,0,0.0,27,118,27,0,1,0,2,1,37,5
Leandro Morgalla,GER,DF,RB Salzburg,20-050,2004,0.8,51,4,18,27,7,0,51,0,0,,0,,26,97,54,0,0,0,1,1,24,2
Hidemasa Morita,JPN,MF,Sporting CP,29-176,1995,1.7,78,6,32,41,6,1,78,2,1,50.0,1,50.0,39,228,111,2,1,0,0,2,43,2
Nikola Moro,CRO,MF,Bologna,26-235,1998,2.0,93,3,18,46,29,3,93,0,0,,0,,53,160,37,0,1,0,1,1,71,6
Ngal'Ayel Mukau,,MF,Lille,19-338,2004,1.0,44,0,7,29,10,0,44,2,1,50.0,1,50.0,30,101,47,1,3,0,2,0,28,2
Nordi Mukiele,FRA,DF,Leverkusen,27-001,1997,0.8,61,4,22,34,5,0,61,0,0,,0,,29,99,61,1,0,0,1,0,38,2
Thomas Müller,GER,MF,Bayern Munich,35-050,1989,0.9,45,0,4,24,17,5,45,3,1,33.3,2,66.7,22,79,28,0,0,0,1,0,32,9
Yunus Musah,USA,MF,Milan,21-339,2002,0.2,24,0,2,16,6,0,24,0,0,,0,,16,76,29,0,1,0,0,0,21,1
Jamal Musiala,GER,MF,Bayern Munich,21-250,2003,1.6,128,0,4,53,73,19,128,13,6,46.2,7,53.8,85,517,287,10,2,8,6,4,109,23
Chris Nadje,FRA,MF,Feyenoord,23-080,2001,0.2,8,1,1,3,4,0,8,0,0,,0,,4,32,16,1,0,0,0,0,6,0
Adamo Nagalo,BFA,DF,PSV Eindhoven,22-041,2002,0.1,3,0,2,1,0,0,3,0,0,,0,,2,13,13,0,0,0,0,0,3,0
Cherif Ndiaye,SEN,FW,Red Star,28-284,1996,1.8,55,1,4,32,21,9,54,3,0,0.0,2,66.7,30,158,23,1,1,1,9,1,36,9
Dan Ndoye,SUI,"FW,MF",Bologna,24-008,2000,2.7,123,2,15,47,62,16,123,15,3,20.0,7,46.7,95,746,453,17,7,8,8,4,85,24
Manuel Neuer,GER,GK,Bayern Munich,38-220,1986,2.5,127,60,110,16,1,0,127,0,0,,0,,89,366,203,0,0,0,0,0,93,0
João Neves,POR,MF,Paris S-G,20-036,2004,2.3,212,7,46,115,55,8,212,7,2,28.6,4,57.1,124,659,342,5,7,1,0,7,154,5
Ivan Nevistić,CRO,GK,Dinamo Zagreb,26-094,1998,3.0,111,98,111,0,0,0,111,0,0,,0,,64,281,138,0,0,0,1,0,49,0
Newerton,BRA,"FW,MF",Shakhtar,19-152,2005,0.8,30,2,9,10,11,4,30,6,2,33.3,3,50.0,22,107,45,1,0,0,1,2,17,3
Cheikh Niasse,SEN,MF,Young Boys,24-288,2000,0.9,45,3,13,27,6,0,45,2,2,100.0,0,0.0,32,188,130,3,1,0,3,3,37,2
Casper Nielsen,DEN,MF,Club Brugge,30-187,1994,0.1,2,0,0,2,0,0,2,0,0,,0,,1,5,0,0,0,0,0,0,2,0
Gustaf Nilsson,SWE,FW,Club Brugge,27-163,1997,0.7,16,0,1,7,8,2,16,2,0,0.0,2,100.0,6,24,5,0,0,0,0,0,9,1
Felix Nmecha,GER,MF,Dortmund,24-023,2000,1.4,107,6,19,73,17,1,107,3,2,66.7,0,0.0,64,282,142,2,2,0,2,0,79,0
Alexander Nübel,GER,GK,Stuttgart,28-033,1996,3.0,115,81,115,0,0,0,115,0,0,,0,,82,308,185,0,0,0,0,0,64,0
Matheus Nunes,POR,MF,Manchester City,26-067,1998,2.0,163,1,4,45,118,19,162,7,6,85.7,1,14.3,118,737,447,14,10,6,4,5,134,35
Darwin Núñez,URU,FW,Liverpool,25-131,1999,1.7,60,1,4,24,32,11,60,3,1,33.3,2,66.7,38,239,100,6,2,2,2,3,48,15
Antonio Nusa,NOR,MF,RB Leipzig,19-199,2005,1.7,58,0,7,25,29,4,58,6,1,16.7,5,83.3,40,162,88,2,0,1,3,4,45,7
Jan Oblak,SVN,GK,Atlético Madrid,31-300,1993,3.0,64,58,64,0,0,0,64,0,0,,0,,42,180,99,0,0,0,0,0,29,0
Jens Odgaard,DEN,FW,Bologna,25-216,1999,0.5,16,0,3,7,6,0,16,2,1,50.0,1,50.0,11,72,14,0,0,0,1,1,13,2
Takuya Ogiwara,JPN,DF,Dinamo Zagreb,24-345,1999,1.7,80,7,38,19,23,3,80,4,2,50.0,2,50.0,48,217,82,4,3,1,2,1,49,8
Noah Okafor,SUI,"MF,FW",Milan,24-162,2000,0.4,25,0,0,6,20,2,25,6,3,50.0,3,50.0,16,120,66,3,1,1,0,1,19,5
Victor Olatunji,NGA,FW,Sparta Prague,25-058,1999,1.6,28,3,10,8,10,3,28,5,3,60.0,0,0.0,15,69,22,0,0,0,4,3,16,3
Peter Olayinka,NGA,"FW,DF",Red Star,28-350,1995,2.8,132,12,42,41,50,11,132,9,4,44.4,3,33.3,71,393,190,6,4,2,9,5,83,19
Michael Olise,FRA,"FW,MF",Bayern Munich,22-326,2001,2.1,190,0,10,73,110,15,190,15,5,33.3,10,66.7,116,579,340,9,6,4,1,1,142,28
Dani Olmo,ESP,FW,Barcelona,26-179,1998,0.2,5,0,1,4,0,0,5,0,0,,0,,3,35,18,0,0,0,0,0,5,0
Amadou Onana,BEL,MF,Aston Villa,23-078,2001,2.2,90,5,32,49,12,1,90,2,2,100.0,0,0.0,57,336,179,1,2,0,0,0,62,1
Raphael Onyedika,NGA,MF,Club Brugge,23-197,2001,2.4,148,5,46,75,27,1,148,2,0,0.0,1,50.0,73,275,73,0,0,0,2,2,115,5
Loïs Openda,BEL,FW,RB Leipzig,24-260,2000,3.0,76,0,6,36,35,8,76,6,2,33.3,4,66.7,44,266,159,5,4,2,7,5,51,12
Willi Orban,HUN,DF,RB Leipzig,31-365,1992,3.0,206,26,110,87,10,7,206,1,1,100.0,0,0.0,140,582,314,1,1,1,2,0,166,2
Joel Ordóñez,ECU,DF,Club Brugge,20-195,2004,3.0,217,28,110,108,1,0,217,2,2,100.0,0,0.0,112,492,266,0,0,0,1,0,168,0
Riccardo Orsolini,ITA,"FW,MF",Bologna,27-283,1997,2.2,97,4,16,39,44,6,97,6,3,50.0,3,50.0,58,347,161,8,4,2,2,5,64,21
Stefan Ortega,GER,GK,Manchester City,31-362,1992,2.0,48,28,42,6,0,0,48,0,0,,0,,31,95,42,0,0,0,0,0,34,0
Ibrahim Osman,GHA,FW,Feyenoord,19-339,2004,1.3,35,0,3,13,22,4,35,8,4,50.0,3,37.5,19,153,93,4,2,1,6,3,22,6
Nicolás Otamendi,ARG,DF,Benfica,36-264,1988,3.0,243,33,143,99,1,1,243,0,0,,0,,176,787,406,2,0,0,1,0,181,0
Kassoum Ouattara,FRA,DF,Monaco,20-019,2004,0.1,10,0,2,4,4,1,10,2,1,50.0,1,50.0,2,22,2,0,0,0,0,0,5,1
Nico O’Reilly,ENG,FW,Manchester City,19-226,2005,0.1,2,0,0,1,1,0,2,0,0,,0,,1,2,0,0,0,0,0,0,2,1
Willian Pacho,ECU,DF,Paris S-G,23-017,2001,3.0,309,38,147,154,10,0,309,1,1,100.0,0,0.0,188,793,436,1,3,0,2,0,239,1
Igor Paixão,BRA,FW,Feyenoord,24-127,2000,2.7,92,2,18,32,42,4,92,5,0,0.0,5,100.0,35,269,112,5,4,1,5,4,58,12
Exequiel Palacios,ARG,MF,Leverkusen,26-028,1998,0.9,102,2,24,67,11,2,102,1,0,0.0,0,0.0,61,190,72,1,0,0,2,1,81,1
João Palhinha,POR,MF,Bayern Munich,29-116,1995,0.8,51,0,10,29,14,1,51,0,0,,0,,23,80,33,1,1,0,0,0,32,0
Filip Panák,CZE,DF,Sparta Prague,29-000,1995,3.0,98,22,51,45,3,2,98,1,1,100.0,0,0.0,41,248,121,1,1,1,0,0,35,1
Thomas Partey,GHA,"MF,DF",Arsenal,31-142,1993,2.3,163,7,33,90,41,2,163,1,0,0.0,1,100.0,76,323,124,1,2,0,1,0,118,1
Mario Pašalić,CRO,MF,Atalanta,29-267,1995,1.4,72,4,15,28,30,8,72,2,1,50.0,1,50.0,54,337,214,7,1,2,2,1,52,6
Lukáš Pauschek,SVK,DF,Slovan Bratislava,31-329,1992,0.1,6,2,4,1,1,0,6,0,0,,0,,2,3,2,0,0,0,0,0,1,0
Benjamin Pavard,FRA,DF,Inter,28-219,1996,2.0,155,11,57,76,23,3,155,1,0,0.0,1,100.0,120,619,280,1,5,0,1,0,124,8
Vangelis Pavlidis,GRE,FW,Benfica,25-347,1998,2.4,83,1,5,46,32,14,83,2,1,50.0,1,50.0,54,257,124,6,0,2,9,4,64,11
Aleksandar Pavlovic,GER,MF,Bayern Munich,20-183,2004,1.8,180,3,15,120,45,2,180,0,0,,0,,118,424,157,1,2,1,2,2,151,2
Strahinja Pavlović,SRB,DF,Milan,23-162,2001,1.0,78,15,57,19,2,0,78,1,0,0.0,1,100.0,43,195,116,1,0,0,0,0,52,0
Pedri,ESP,MF,Barcelona,21-343,2002,2.5,169,4,31,103,37,2,169,7,5,71.4,2,28.6,87,505,139,3,2,0,4,2,111,4
Pedrinho,BRA,FW,Shakhtar,26-203,1998,0.3,24,0,4,6,14,1,24,1,1,100.0,0,0.0,16,133,30,1,0,0,1,0,20,1
Pedrinho,BRA,DF,Shakhtar,22-114,2002,3.0,173,9,92,66,19,2,173,7,4,57.1,2,28.6,88,480,238,5,1,1,0,2,107,4
Iñaki Peña,ESP,GK,Barcelona,25-245,1999,2.0,72,55,71,1,0,0,72,0,0,,0,,45,186,69,0,0,0,0,0,47,0
Ricardo Pepi,USA,FW,PSV Eindhoven,21-298,2003,0.2,4,0,0,2,2,0,4,0,0,,0,,3,5,4,0,0,0,0,0,4,1
Mathias Pereira Lage,POR,FW,Brest,27-338,1996,0.2,16,1,3,6,8,1,16,1,1,100.0,0,0.0,10,60,46,1,0,0,0,0,12,1
Mattia Perin,ITA,GK,Juventus,31-358,1992,1.3,64,58,63,1,0,0,64,1,1,100.0,0,0.0,39,213,150,0,1,1,0,0,26,0
Bruno Petković,CRO,FW,Dinamo Zagreb,30-047,1994,2.1,106,8,14,58,35,8,106,2,1,50.0,1,50.0,61,254,83,1,1,1,8,8,84,8
Jaden Philogene Bidace,ENG,FW,Aston Villa,22-268,2002,1.3,40,2,12,17,11,2,40,2,1,50.0,1,50.0,13,169,47,2,0,2,2,2,18,4
Kamil Piątkowski,POL,DF,RB Salzburg,24-134,2000,3.0,206,24,98,106,2,0,206,0,0,,0,,140,649,379,0,0,0,3,1,133,0
Ronaël Pierre-Gabriel,FRA,DF,Dinamo Zagreb,26-142,1998,1.9,74,8,26,33,16,1,74,9,7,77.8,2,22.2,36,324,212,8,3,0,1,2,38,3
Marko Pjaca,CRO,FW,Dinamo Zagreb,29-180,1995,0.7,14,0,0,8,6,3,14,0,0,,0,,11,31,22,2,1,1,2,0,14,2
Tommaso Pobega,ITA,MF,Bologna,25-110,1999,0.3,17,0,1,10,6,1,17,1,1,100.0,0,0.0,13,53,17,0,1,0,0,0,14,0
Portu,ESP,"MF,FW",Girona,32-165,1992,0.5,13,0,3,5,6,1,13,0,0,,0,,7,14,9,0,0,0,1,1,12,3
Stefan Posch,AUT,DF,Bologna,27-172,1997,3.0,188,11,65,76,48,9,188,4,3,75.0,1,25.0,96,411,198,6,1,1,4,0,104,11
Yussuf Poulsen,DEN,"FW,MF",RB Leipzig,30-140,1994,0.4,23,1,2,11,10,7,23,0,0,,0,,6,6,1,0,0,0,3,0,16,3
Ángelo Preciado,ECU,MF,Sparta Prague,26-258,1998,3.0,129,15,53,44,35,4,129,10,4,40.0,5,50.0,70,515,223,8,1,2,6,2,50,11
Christian Pulisic,USA,FW,Milan,26-045,1998,2.9,144,1,10,65,70,10,143,9,4,44.4,2,22.2,96,696,366,13,7,7,6,3,124,18
Eduardo Quaresma,POR,DF,Sporting CP,22-245,2002,0.7,38,8,19,17,2,1,38,1,0,0.0,0,0.0,25,105,25,0,1,1,1,1,23,1
Geovany Quenda,POR,DF,Sporting CP,17-186,2007,1.9,80,1,18,37,26,9,80,5,4,80.0,1,20.0,42,315,235,7,3,5,1,2,51,4
Nemanja Radonjić,SRB,MF,Red Star,28-261,1996,0.2,6,0,0,5,1,0,6,1,0,0.0,1,100.0,4,50,28,1,0,0,0,1,7,1
Anthony Ralston,SCO,DF,Celtic,25-352,1998,0.2,25,4,9,12,4,0,25,1,0,0.0,0,0.0,18,88,23,1,1,0,0,1,17,0
Jacob Ramsey,ENG,FW,Aston Villa,23-158,2001,1.6,74,0,12,30,35,9,74,2,1,50.0,1,50.0,52,359,217,7,6,4,3,3,56,10
Raphinha,BRA,"FW,MF",Barcelona,27-324,1996,2.8,147,2,9,59,79,13,147,10,4,40.0,5,50.0,82,432,216,8,6,7,1,4,105,21
Petar Ratkov,SRB,"MF,FW",RB Salzburg,21-076,2003,0.1,2,0,0,0,2,1,2,0,0,,0,,2,4,3,0,0,0,0,0,2,1
David Raum,GER,DF,RB Leipzig,26-194,1998,2.0,127,6,52,47,29,6,127,1,1,100.0,0,0.0,62,202,84,2,0,0,1,3,78,11
David Raya,ESP,GK,Arsenal,29-048,1995,3.0,111,68,108,3,0,0,111,0,0,,0,,56,302,199,0,0,0,1,0,52,0
Tijjani Reijnders,NED,MF,Milan,26-096,1998,3.0,146,1,19,74,54,10,146,6,2,33.3,4,66.7,105,614,313,5,4,1,5,2,119,10
Matheus Reis,BRA,DF,Sporting CP,29-258,1995,1.3,83,11,46,33,5,0,83,0,0,,0,,41,166,80,1,0,0,0,0,56,0
Mateo Retegui,ITA,FW,Atalanta,25-187,1999,1.7,51,0,1,18,33,16,50,1,1,100.0,0,0.0,31,192,70,4,1,0,5,1,36,13
Alexsandro Ribeiro,BRA,DF,Lille,25-085,1999,3.0,178,37,112,65,3,1,178,0,0,,0,,111,702,321,0,0,0,1,2,111,0
Declan Rice,ENG,MF,Arsenal,25-293,1999,3.0,171,10,38,91,46,3,171,1,1,100.0,0,0.0,86,472,173,2,4,0,3,1,119,3
Fabian Rieder,SUI,"FW,MF",Stuttgart,22-260,2002,0.6,51,1,7,14,30,2,51,4,2,50.0,1,25.0,27,113,51,1,0,0,1,0,27,6
Rodrigo Riquelme,ESP,DF,Atlético Madrid,24-214,2000,0.7,43,1,4,19,20,6,43,0,0,,0,,30,106,64,3,2,2,1,2,36,10
Stefan Ristovski,MKD,DF,Dinamo Zagreb,32-264,1992,3.0,168,19,71,63,34,5,168,0,0,,0,,91,456,181,3,3,0,1,1,104,15
Dmytro Riznyk,UKR,GK,Shakhtar,25-277,1999,3.0,181,126,180,1,0,0,181,0,0,,0,,120,637,432,0,0,0,0,0,114,0
Andrew Robertson,SCO,DF,Liverpool,30-236,1994,1.0,62,6,15,32,16,2,62,1,1,100.0,0,0.0,31,160,115,1,4,1,0,0,39,2
Milan Rodić,SRB,DF,Red Star,33-214,1991,0.4,20,3,8,10,2,0,20,0,0,,0,,4,9,1,0,0,0,3,0,7,0
Rodri,ESP,MF,Manchester City,28-133,1996,1.0,96,3,10,52,34,1,96,0,0,,0,,67,261,124,2,0,0,0,1,79,1
Rodrygo,BRA,FW,Real Madrid,23-298,2001,1.8,98,1,6,26,66,16,98,8,5,62.5,3,37.5,53,390,265,11,3,6,2,3,65,18
Marko Rog,CRO,MF,Dinamo Zagreb,29-106,1995,1.2,49,3,21,20,11,2,49,5,5,100.0,0,0.0,24,236,97,1,3,0,3,1,28,1
Morgan Rogers,ENG,MF,Aston Villa,22-099,2002,3.0,129,1,12,71,50,13,129,23,16,69.6,7,30.4,83,669,368,13,4,3,8,8,102,16
Benjamín Rollheiser,ARG,"MF,FW",Benfica,24-223,2000,0.8,46,1,4,24,18,5,46,0,0,,0,,33,154,95,3,2,0,2,1,34,2
Oriol Romeu,ESP,MF,Girona,33-039,1991,1.0,55,7,24,29,2,0,55,0,0,,0,,16,30,3,0,0,0,1,2,32,0
Marten de Roon,NED,"MF,DF",Atalanta,33-218,1991,3.0,224,5,46,118,63,2,224,2,1,50.0,1,50.0,176,891,581,5,8,0,0,0,171,2
Anthony Rouault,FRA,DF,Stuttgart,23-157,2001,3.0,191,17,85,90,18,2,191,0,0,,0,,134,440,235,0,3,0,2,0,131,0
Jonas Rouhi,SWE,DF,Juventus,20-300,2004,0.0,3,0,0,2,1,0,3,0,0,,0,,2,10,6,0,1,0,0,0,2,0
Albion Rrahmani,KVX,FW,Sparta Prague,24-063,2000,1.4,33,0,8,15,10,3,33,3,2,66.7,1,33.3,23,115,43,1,0,0,4,2,21,4
Antonio Rüdiger,GER,DF,Real Madrid,31-244,1993,3.0,224,23,99,117,8,5,224,1,0,0.0,1,100.0,168,797,475,3,2,1,1,0,173,1
Matteo Ruggeri,ITA,DF,Atalanta,22-114,2002,1.1,70,0,10,31,29,1,70,0,0,,0,,52,198,103,4,3,1,0,0,53,5
Fabián Ruiz Peña,ESP,MF,Paris S-G,28-213,1996,1.6,84,4,12,45,27,1,84,1,0,0.0,1,100.0,37,178,82,1,2,0,1,1,62,3
Julian Ryerson,NOR,DF,Dortmund,26-351,1997,2.8,151,7,36,72,46,4,151,4,3,75.0,1,25.0,95,438,271,6,5,1,6,2,104,18
Matěj Ryneš,CZE,MF,Sparta Prague,23-156,2001,2.2,73,15,38,27,8,2,73,1,0,0.0,1,100.0,37,185,127,1,0,0,4,1,32,4
Kyriani Sabbe,BEL,DF,Club Brugge,19-286,2005,0.7,42,4,18,16,9,1,42,2,1,50.0,1,50.0,22,93,41,1,1,0,1,3,28,3
Marcel Sabitzer,AUT,"MF,FW",Dortmund,30-230,1994,2.0,100,6,18,51,32,5,100,1,0,0.0,1,100.0,56,269,145,3,4,0,1,1,77,11
Lukáš Sadílek,CZE,MF,Sparta Prague,28-163,1996,0.3,11,5,7,3,1,0,11,0,0,,0,,4,10,0,0,0,0,0,0,3,0
Matvei Safonov,RUS,GK,Paris S-G,25-251,1999,1.0,26,18,25,1,0,0,26,0,0,,0,,11,41,24,0,0,0,0,0,17,0
Osame Sahraoui,MAR,MF,Lille,23-144,2001,1.0,47,2,8,18,22,4,47,8,2,25.0,4,50.0,30,254,143,5,4,1,1,4,34,10
Ismael Saibari,MAR,MF,PSV Eindhoven,23-279,2001,2.0,100,2,15,53,33,7,100,8,3,37.5,5,62.5,57,290,149,4,4,2,4,2,76,11
Bukayo Saka,ENG,"MF,FW",Arsenal,23-058,2001,1.8,77,3,14,23,42,6,77,10,3,30.0,7,70.0,38,227,119,4,2,2,1,2,48,10
Ibrahim Salah,MAR,FW,Brest,23-064,2001,0.2,12,0,1,6,6,0,12,2,2,100.0,0,0.0,5,73,37,1,0,0,0,0,8,1
Mohamed Salah,EGY,FW,Liverpool,32-140,1992,2.7,98,0,4,40,55,16,98,5,3,60.0,2,40.0,70,309,150,7,2,6,5,1,82,27
William Saliba,FRA,DF,Arsenal,23-223,2001,3.0,216,13,96,120,1,0,216,1,0,0.0,1,100.0,114,516,281,1,0,0,1,0,167,1
Mohammed Salisu,GHA,DF,Monaco,25-199,1999,2.0,152,6,59,90,3,3,152,1,0,0.0,0,0.0,70,452,348,4,0,0,1,0,101,0
Lazar Samardzic,SRB,"MF,FW",Atalanta,22-252,2002,1.4,81,0,7,19,57,6,81,10,9,90.0,1,10.0,58,299,174,6,5,2,3,2,58,10
Mama Samba Baldé,GNB,FW,Brest,28-362,1995,0.6,24,2,4,10,11,6,24,5,3,60.0,1,20.0,17,173,93,3,1,1,1,0,17,4
Renato Sanches,POR,MF,Benfica,27-076,1997,0.2,14,1,4,4,6,0,14,1,0,0.0,1,100.0,8,54,36,1,2,0,0,0,9,0
Leroy Sané,GER,"FW,MF",Bayern Munich,28-296,1996,0.9,54,0,3,17,34,4,54,6,2,33.3,4,66.7,31,180,67,1,0,1,0,1,42,12
Nuno Santos,POR,DF,Sporting CP,29-263,1995,1.8,131,2,39,55,39,4,131,1,1,100.0,0,0.0,57,176,100,6,1,3,2,0,80,10
Tiago Santos,POR,DF,Lille,22-102,2002,1.3,83,2,28,36,20,0,83,4,3,75.0,1,25.0,48,315,186,4,3,0,1,4,43,4
Sávio,BRA,"FW,MF",Manchester City,20-206,2004,2.5,154,1,6,17,134,20,154,15,8,53.3,5,33.3,120,965,504,19,5,10,4,5,128,48
Nicolò Savona,ITA,DF,Juventus,21-228,2003,1.3,71,4,30,29,12,1,71,3,0,0.0,3,100.0,45,269,124,1,0,0,1,2,52,5
Kyriakos Savvidis,GRE,MF,Slovan Bratislava,29-135,1995,2.1,94,12,50,37,7,0,94,2,1,50.0,1,50.0,38,170,57,1,1,0,2,1,45,0
Liam Scales,IRL,DF,Celtic,26-086,1998,3.0,243,36,120,118,6,3,243,1,1,100.0,0,0.0,153,651,390,2,1,0,3,1,177,0
Kjell Scherpen,NED,GK,Sturm Graz,24-284,2000,3.0,98,77,98,0,0,0,98,0,0,,0,,58,214,134,0,0,0,0,0,47,0
Patrik Schick,CZE,FW,Leverkusen,28-283,1996,1.0,28,0,3,20,5,2,28,0,0,,0,,11,38,19,1,0,0,2,1,20,5
Andreas Schjelderup,NOR,DF,Benfica,20-154,2004,0.0,7,0,0,6,1,0,7,0,0,,0,,3,4,1,0,0,0,1,0,3,0
Alexander Schlager,AUT,GK,RB Salzburg,28-275,1996,0.7,18,13,18,0,0,0,18,0,0,,0,,14,69,50,0,0,0,0,0,6,0
Nico Schlotterbeck,GER,DF,Dortmund,24-337,1999,3.0,323,36,118,189,19,2,323,2,1,50.0,0,0.0,236,1067,671,4,3,0,0,0,267,2
Kasper Schmeichel,DEN,GK,Celtic,37-363,1986,3.0,118,103,117,1,0,0,118,0,0,,0,,69,296,192,0,0,0,0,0,62,0
Konstantin Schopp,AUT,DF,Sturm Graz,18-308,2005,0.0,3,0,2,1,0,0,3,0,0,,0,,3,27,20,0,0,0,0,0,3,0
Jerdy Schouten,NED,MF,PSV Eindhoven,27-295,1997,2.0,146,4,19,103,25,2,146,2,1,50.0,1,50.0,65,330,125,1,0,0,0,2,98,4
Nicolas Seiwald,AUT,MF,RB Leipzig,23-182,2001,1.3,51,4,13,27,11,1,51,1,1,100.0,0,0.0,30,103,41,1,2,1,1,0,31,0
Javier Serrano,ESP,MF,Atlético Madrid,21-291,2003,0.5,31,1,7,22,2,0,31,0,0,,0,,25,105,41,0,0,0,0,1,25,0
Benjamin Šeško,SVN,FW,RB Leipzig,21-155,2003,2.6,70,5,13,34,25,13,69,1,0,0.0,1,100.0,45,208,90,3,0,2,8,6,53,9
Joaquin Seys,BEL,DF,Club Brugge,19-219,2005,2.3,166,7,54,85,27,1,166,6,1,16.7,5,83.3,58,268,105,1,1,1,2,1,105,7
Zuberu Sharani,GHA,"DF,MF",Slovan Bratislava,24-300,2000,1.3,42,10,25,9,9,2,42,2,1,50.0,1,50.0,16,161,98,5,1,2,1,1,19,4
Danylo Sikan,UKR,FW,Shakhtar,23-200,2001,1.1,29,0,4,16,9,1,29,2,1,50.0,1,50.0,14,80,26,1,0,0,3,1,20,2
André Silva,POR,FW,RB Leipzig,28-362,1995,0.0,1,0,0,0,1,1,1,0,0,,0,,1,0,0,0,0,0,0,0,1,0
António Silva,POR,DF,Benfica,21-003,2003,1.1,46,10,35,11,0,0,46,0,0,,0,,28,146,85,0,0,0,1,0,28,0
Bernardo Silva,POR,"MF,FW",Manchester City,30-084,1994,1.6,101,2,5,28,68,9,101,2,2,100.0,0,0.0,77,362,209,6,4,4,2,1,92,13
Caio Henrique Oliveira Silva,BRA,"DF,MF",Monaco,27-094,1997,2.0,152,2,27,67,58,4,152,1,0,0.0,1,100.0,80,404,251,9,5,2,3,0,99,13
Abdallah Sima,SEN,FW,Brest,23-138,2001,2.5,99,2,6,46,48,11,99,6,0,0.0,5,83.3,61,371,136,7,5,3,7,5,67,17
Giuliano Simeone,ARG,"FW,DF",Atlético Madrid,21-320,2002,0.5,28,0,4,15,11,1,28,2,2,100.0,0,0.0,14,127,62,3,1,0,0,1,14,2
Xavi Simons,NED,MF,RB Leipzig,21-195,2003,2.8,176,3,18,79,81,12,176,19,5,26.3,8,42.1,103,599,345,9,2,0,2,7,120,21
Wilfried Singo,CIV,DF,Monaco,23-313,2000,2.0,148,9,45,82,21,4,148,0,0,,0,,79,483,333,5,5,0,2,0,105,8
Michał Skóraś,POL,"MF,FW",Club Brugge,24-261,2000,0.7,33,0,2,14,17,3,33,0,0,,0,,21,86,52,2,2,2,3,1,24,4
Łukasz Skorupski,POL,GK,Bologna,33-181,1991,3.0,115,103,115,0,0,0,115,0,0,,0,,75,285,156,0,0,0,1,0,65,0
Andreas Skov Olsen,DEN,MF,Club Brugge,24-309,1999,1.7,85,1,14,36,36,3,85,4,2,50.0,2,50.0,44,418,252,14,2,3,2,0,67,19
Gijs Smal,NED,DF,Feyenoord,27-063,1997,0.5,33,1,4,11,18,0,33,0,0,,0,,13,52,14,1,1,0,1,0,17,9
Markus Solbakken,NOR,MF,Sparta Prague,24-100,2000,0.0,0,0,0,0,0,0,0,0,0,,0,,0,0,0,0,0,0,0,0,0,0
Jhon Solis,COL,MF,Girona,20-030,2004,0.4,16,5,8,7,1,0,16,1,0,0.0,0,0.0,5,21,4,0,0,0,0,0,7,0
Yann Sommer,SUI,GK,Inter,35-321,1988,3.0,155,135,155,0,0,0,155,1,1,100.0,0,0.0,110,425,256,0,0,0,0,0,103,0
Uroš Spajić,SRB,DF,Red Star,31-263,1993,3.0,163,27,104,54,5,1,163,0,0,,0,,79,351,88,0,2,1,4,1,101,1
Dario Špikić,CRO,DF,Dinamo Zagreb,25-225,1999,0.2,8,0,1,6,1,0,8,1,1,100.0,0,0.0,4,5,4,0,0,0,0,0,4,0
Jerry St. Juste,NED,DF,Sporting CP,28-014,1996,0.2,11,2,7,4,0,0,11,0,0,,0,,6,19,11,0,0,0,0,0,8,0
Pascal Stenzel,GER,DF,Stuttgart,28-227,1996,0.7,36,1,10,14,12,0,36,0,0,,0,,15,86,38,1,0,0,0,0,17,2
Taras Stepanenko,UKR,MF,Shakhtar,35-086,1989,0.8,26,1,13,11,2,0,26,0,0,,0,,14,49,22,0,0,0,1,0,22,2
Raheem Sterling,ENG,"FW,MF",Arsenal,29-330,1994,0.5,28,0,5,6,17,1,28,1,0,0.0,1,100.0,8,29,15,0,1,0,0,1,13,1
Angelo Stiller,GER,MF,Stuttgart,23-212,2001,3.0,304,10,42,174,91,9,304,1,0,0.0,0,0.0,209,1053,548,13,12,2,0,1,235,9
Luka Stojkovic,CRO,MF,Dinamo Zagreb,21-005,2003,0.5,36,0,9,18,9,1,36,2,2,100.0,0,0.0,26,145,89,3,3,0,1,0,29,1
John Stones,ENG,DF,Manchester City,30-158,1994,1.8,204,2,23,115,67,6,204,1,0,0.0,1,100.0,145,805,462,6,9,0,1,0,168,1
Dávid Strelec,SVK,FW,Slovan Bratislava,23-212,2001,2.7,81,4,25,39,17,7,81,5,1,20.0,3,60.0,43,268,85,1,2,1,4,5,51,11
Cristhian Stuani,URU,FW,Girona,38-021,1986,1.8,48,3,9,20,20,8,47,2,0,0.0,2,100.0,20,54,10,0,0,0,5,1,30,7
Petar Sucic,CRO,MF,Dinamo Zagreb,21-008,2003,2.0,95,3,15,50,31,3,95,6,2,33.3,4,66.7,46,392,168,5,3,0,4,2,55,14
Heorhiy Sudakov,UKR,MF,Shakhtar,22-062,2002,2.9,176,2,34,93,52,2,175,7,3,42.9,2,28.6,115,755,345,6,6,0,4,6,131,10
Niklas Süle,GER,DF,Dortmund,29-060,1995,2.0,183,16,62,111,10,0,183,0,0,,0,,131,618,365,1,6,0,0,0,147,0
Dominik Szoboszlai,HUN,MF,Liverpool,24-008,2000,2.9,180,1,18,107,59,9,180,12,5,41.7,6,50.0,91,393,169,6,6,0,2,1,128,17
Július Szöke,SVK,MF,Slovan Bratislava,29-093,1995,0.4,14,3,5,8,1,1,14,0,0,,0,,5,27,0,0,0,0,1,1,7,0
Asger Sørensen,DEN,DF,Sparta Prague,28-150,1996,1.0,33,10,21,13,0,0,33,0,0,,0,,19,60,18,0,0,0,0,0,20,0
Alexander Sørloth,NOR,FW,Atlético Madrid,28-333,1995,1.5,54,1,7,20,28,8,54,4,1,25.0,3,75.0,43,170,74,3,1,2,4,7,45,9
Jonathan Tah,GER,DF,Leverkusen,28-265,1996,3.0,227,28,122,99,6,2,227,0,0,,0,,153,571,326,0,0,0,0,1,182,1
Dominik Takáč,SVK,GK,Slovan Bratislava,25-295,1999,3.0,85,78,84,1,0,0,85,0,0,,0,,31,209,155,0,0,0,0,0,16,0
Chemsdine Talbi,BEL,MF,Club Brugge,19-177,2005,0.6,20,2,5,10,5,1,20,2,0,0.0,2,100.0,11,59,15,0,0,0,2,1,13,3
Edmond Tapsoba,BFA,DF,Leverkusen,25-274,1999,2.2,150,11,58,81,11,2,150,1,1,100.0,0,0.0,83,288,178,2,0,0,0,0,100,0
Mehdi Taremi,IRN,FW,Inter,32-107,1992,2.8,75,4,14,24,38,6,74,2,1,50.0,1,50.0,43,289,199,7,5,1,2,0,49,15
Greg Taylor,SCO,DF,Celtic,26-363,1997,1.5,93,2,25,38,31,3,93,0,0,,0,,47,166,81,1,3,0,2,1,57,6
Aurélien Tchouaméni,FRA,"MF,DF",Real Madrid,24-280,2000,1.8,132,7,40,79,14,4,132,2,1,50.0,1,50.0,105,517,266,0,0,0,1,1,99,0
Mathys Tel,FRA,MF,Bayern Munich,19-189,2005,0.1,8,0,0,0,8,1,8,0,0,,0,,4,50,33,0,1,0,0,0,4,3
Nathan Tella,NGA,FW,Leverkusen,25-120,1999,0.7,30,0,3,12,15,2,30,1,0,0.0,1,100.0,23,119,80,3,1,1,2,0,24,10
Marc-André ter Stegen,GER,GK,Barcelona,32-186,1992,1.0,61,45,61,0,0,0,61,0,0,,0,,45,234,171,0,0,0,0,0,31,0
Martin Terrier,FRA,MF,Leverkusen,27-243,1997,1.1,30,0,11,14,5,0,30,1,1,100.0,0,0.0,18,97,61,2,3,0,0,0,21,2
Aleksa Terzić,SRB,DF,RB Salzburg,25-077,1999,0.9,71,6,19,25,29,0,71,1,0,0.0,1,100.0,51,241,116,3,1,0,0,0,46,9
Kévin Théophile-Catherine,FRA,DF,Dinamo Zagreb,35-005,1989,3.0,108,32,67,34,8,2,108,0,0,,0,,52,245,63,1,1,0,3,0,48,1
Malick Thiaw,GER,DF,Milan,23-086,2001,0.1,15,0,1,14,0,0,15,0,0,,0,,14,88,56,0,0,0,0,0,15,0
Khéphren Thuram,FRA,MF,Juventus,23-221,2001,1.4,62,4,22,37,5,0,62,5,2,40.0,2,40.0,39,245,101,2,0,0,2,0,44,0
Marcus Thuram,FRA,FW,Inter,27-088,1997,0.9,34,0,5,21,9,5,34,5,1,20.0,2,40.0,19,102,67,3,2,1,3,2,24,3
Youri Tielemans,BEL,MF,Aston Villa,27-179,1997,2.8,171,7,45,87,41,1,171,5,2,40.0,3,60.0,89,420,226,1,3,0,2,3,104,3
Guus Til,NED,MF,PSV Eindhoven,26-316,1997,2.5,92,2,9,48,36,8,92,3,2,66.7,1,33.3,48,304,151,5,3,0,3,4,66,14
Malik Tillman,USA,"FW,MF",PSV Eindhoven,22-158,2002,3.0,159,12,32,73,58,4,159,10,7,70.0,3,30.0,84,476,122,2,6,2,1,6,106,14
Jurriën Timber,NED,DF,Arsenal,23-138,2001,1.3,76,2,23,41,12,0,76,3,3,100.0,0,0.0,36,171,109,1,1,0,4,0,44,0
Quinten Timber,NED,MF,Feyenoord,23-138,2001,3.0,138,1,26,68,46,8,138,14,7,50.0,7,50.0,74,434,266,5,11,2,2,6,92,8
Vinicius Tobias,BRA,DF,Shakhtar,20-253,2004,0.6,36,4,17,13,6,0,36,1,0,0.0,1,100.0,16,58,3,0,0,0,0,1,21,1
Marko Tolić,CRO,MF,Slovan Bratislava,28-120,1996,2.8,141,3,39,66,36,4,141,12,5,41.7,6,50.0,89,413,140,2,2,2,2,5,102,9
Fikayo Tomori,ENG,DF,Milan,26-319,1997,2.9,284,30,113,155,16,1,284,0,0,,0,,196,848,520,3,5,0,1,0,225,1
Pablo Torre,ESP,MF,Barcelona,21-213,2003,0.1,4,0,1,3,0,0,4,0,0,,0,,3,32,24,0,0,0,0,0,4,0
Raúl Torrente,ESP,DF,Dinamo Zagreb,23-052,2001,2.0,113,18,61,48,4,1,113,0,0,,0,,60,266,114,0,1,0,0,0,62,0
Ferrán Torres,ESP,FW,Barcelona,24-247,2000,1.1,37,3,5,8,24,8,37,1,0,0.0,1,100.0,18,80,15,1,0,1,0,0,27,14
Pau Torres,ESP,DF,Aston Villa,27-291,1997,3.0,164,31,99,60,5,1,164,0,0,,0,,79,422,223,1,5,0,0,1,119,1
Lorenzo Torriani,ITA,GK,Milan,19-276,2005,0.4,17,15,17,0,0,0,17,0,0,,0,,9,32,17,0,0,0,0,0,9,0
Ousmane Toure,FRA,DF,Lille,19-258,2005,0.5,24,2,11,13,0,0,24,0,0,,0,,16,63,16,0,0,0,0,0,16,0
Gernot Trauner,AUT,DF,Feyenoord,32-222,1992,2.0,136,22,65,66,5,0,136,1,1,100.0,0,0.0,87,443,266,1,3,0,1,0,105,0
Francisco Trincão,POR,MF,Sporting CP,24-309,1999,2.8,115,3,10,57,50,6,115,13,4,30.8,8,61.5,62,331,163,8,5,2,5,0,88,14
Leandro Trossard,BEL,FW,Arsenal,29-334,1994,2.1,90,3,17,44,31,8,89,4,3,75.0,1,25.0,46,239,97,2,2,0,5,2,65,5
Anatolii Trubin,UKR,GK,Benfica,23-093,2001,3.0,94,87,93,1,0,0,94,0,0,,0,,57,228,166,0,0,0,0,0,44,0
Auston Trusty,USA,DF,Celtic,26-082,1998,2.1,129,34,95,34,0,0,129,0,0,,0,,81,353,99,0,1,0,0,1,82,0
Kostas Tsimikas,GRE,DF,Liverpool,28-174,1996,2.0,164,3,38,90,39,8,164,1,1,100.0,0,0.0,85,245,141,2,3,0,1,1,109,8
Viktor Tsyhankov,UKR,FW,Girona,26-353,1997,1.3,57,3,11,23,23,4,57,1,1,100.0,0,0.0,27,188,48,1,2,0,4,1,34,3
Christos Tzolis,GRE,MF,Club Brugge,22-277,2002,2.7,117,0,14,55,50,13,117,6,3,50.0,3,50.0,67,487,331,14,6,6,6,2,93,23
Ayase Ueda,JPN,"FW,MF",Feyenoord,26-053,1998,1.9,33,2,5,19,11,5,32,2,1,50.0,1,50.0,23,85,20,0,1,1,4,2,26,5
Filip Ugrinic,SUI,MF,Young Boys,25-302,1999,2.6,145,6,34,72,39,3,145,6,4,66.7,2,33.3,62,292,149,4,2,0,1,4,89,5
Sven Ulreich,GER,GK,Bayern Munich,36-091,1988,0.5,15,8,14,1,0,0,15,0,0,,0,,9,37,17,0,0,0,0,0,10,0
Deniz Undav,GER,"MF,FW",Stuttgart,28-106,1996,2.6,80,0,1,32,48,16,80,0,0,,0,,64,309,145,4,5,4,6,6,71,19
Dayot Upamecano,FRA,DF,Bayern Munich,26-006,1998,3.0,261,15,84,165,13,2,261,2,1,50.0,1,50.0,173,633,339,1,1,0,3,1,192,0
Kacper Urbanski,POL,MF,Bologna,20-056,2004,1.5,77,4,18,42,19,2,77,3,2,66.7,1,33.3,45,265,133,3,3,0,3,4,50,5
Josha Vagnoman,GER,DF,Stuttgart,23-327,2000,1.7,73,2,20,26,27,2,73,3,2,66.7,1,33.3,40,190,98,3,1,0,2,0,47,4
Álex Valle,ESP,DF,Celtic,20-191,2004,1.5,101,9,36,52,13,1,101,1,0,0.0,1,100.0,59,294,199,4,2,0,1,2,66,4
Federico Valverde,URU,MF,Real Madrid,26-103,1998,3.0,177,5,29,99,49,1,177,5,3,60.0,2,40.0,131,690,311,5,3,1,2,1,137,5
Virgil van Dijk,NED,DF,Liverpool,33-117,1991,3.0,236,35,110,123,3,3,236,0,0,,0,,125,513,159,0,0,0,0,0,167,0
Hans Vanaken,BEL,"MF,FW",Club Brugge,32-070,1992,3.0,190,7,39,111,41,2,190,1,1,100.0,0,0.0,74,299,125,3,2,0,4,0,146,8
Vanderson,BRA,DF,Monaco,23-134,2001,2.8,233,7,51,100,85,2,233,7,3,42.9,2,28.6,93,725,349,8,4,1,3,0,137,22
Lucas Vázquez,ESP,DF,Real Madrid,33-124,1991,1.5,115,2,33,38,44,7,115,2,1,50.0,1,50.0,65,282,127,3,1,2,0,1,75,16
Joey Veerman,NED,MF,PSV Eindhoven,25-349,1998,0.7,54,2,6,34,15,0,54,1,1,100.0,0,0.0,24,79,36,0,0,0,1,1,42,2
Romeo Vermant,BEL,"FW,MF",Club Brugge,20-283,2004,0.2,5,0,0,0,5,2,5,0,0,,0,,4,12,1,0,0,0,1,1,6,2
Arthur Vermeeren,BEL,MF,RB Leipzig,19-269,2005,1.5,107,5,41,59,8,0,107,0,0,,0,,59,198,99,1,0,0,1,0,82,1
Hugo Vetlesen,NOR,MF,Club Brugge,24-247,2000,1.4,43,2,9,19,15,9,43,2,0,0.0,2,100.0,17,99,56,1,1,0,2,2,33,8
William Vick,DEN,MF,Sturm Graz,21-246,2003,2.7,98,1,17,36,47,9,98,7,1,14.3,4,57.1,57,289,128,4,2,1,8,4,61,22
Pau Victor Delgado,ESP,FW,Barcelona,22-342,2001,0.2,9,0,0,3,6,0,9,0,0,,0,,6,20,8,0,1,0,2,2,7,1
Peter Vindahl Jensen,DEN,GK,Sparta Prague,26-260,1998,3.0,100,80,100,0,0,0,100,0,0,,0,,57,359,236,0,0,0,0,0,33,0
Alan Virginius,FRA,"FW,MF",Young Boys,21-304,2003,1.2,26,0,3,11,13,6,26,2,1,50.0,0,0.0,17,161,124,4,0,3,3,0,23,9
Martin Vitík,CZE,DF,Sparta Prague,21-286,2003,3.0,95,28,58,29,8,1,95,3,1,33.3,2,66.7,34,166,86,2,0,0,1,1,36,1
Vitinha,POR,MF,Paris S-G,24-263,2000,1.7,153,2,19,97,37,0,153,4,3,75.0,0,0.0,105,444,187,1,6,0,0,2,125,3
Dušan Vlahović,SRB,FW,Juventus,24-279,2000,2.7,67,1,4,32,31,17,67,1,1,100.0,0,0.0,41,141,59,3,3,4,11,4,51,13
Stefan de Vrij,NED,DF,Inter,32-271,1992,1.7,135,19,55,79,1,1,135,0,0,,0,,98,533,194,0,0,0,0,0,103,0
Kyle Walker,ENG,DF,Manchester City,34-158,1990,0.1,18,0,1,10,7,0,18,0,0,,0,,11,69,38,0,0,0,0,1,13,0
Ollie Watkins,ENG,FW,Aston Villa,28-308,1995,1.7,49,3,5,22,24,7,49,0,0,,0,,31,160,85,2,4,1,8,4,39,7
Timothy Weah,USA,FW,Juventus,24-254,2000,0.6,38,0,8,17,14,3,38,3,2,66.7,1,33.3,27,235,147,7,2,1,1,1,34,6
Vladimír Weiss,SVK,"FW,MF",Slovan Bratislava,34-338,1989,1.5,68,3,21,37,13,5,68,7,3,42.9,4,57.1,50,386,189,7,2,1,3,1,49,5
Timon Wellenreuther,GER,GK,Feyenoord,28-335,1995,3.0,125,102,123,2,0,0,125,0,0,,0,,79,363,174,0,0,0,0,0,67,0
Ben White,ENG,DF,Arsenal,27-025,1997,1.5,111,3,28,63,20,1,111,1,0,0.0,1,100.0,40,126,48,0,0,0,1,3,77,3
Tomáš Wiesner,CZE,MF,Sparta Prague,27-108,1997,0.8,36,3,10,17,9,0,36,3,0,0.0,3,100.0,20,112,37,0,2,0,2,1,19,1
Kevin Wimmer,AUT,DF,Slovan Bratislava,31-353,1992,3.0,167,33,105,53,11,2,167,8,4,50.0,4,50.0,80,453,270,5,1,0,3,1,86,7
Florian Wirtz,GER,"MF,FW",Leverkusen,21-183,2003,2.8,187,1,25,89,73,14,187,14,11,78.6,3,21.4,112,509,231,8,3,5,6,3,154,25
Axel Witsel,BEL,DF,Atlético Madrid,35-295,1989,2.0,155,8,66,86,3,2,155,1,0,0.0,1,100.0,122,485,198,0,0,0,1,0,113,0
Gregory Wüthrich,SUI,DF,Sturm Graz,29-334,1994,0.1,3,0,3,0,0,0,3,0,0,,0,,1,0,0,0,0,0,0,0,1,0
Granit Xhaka,SUI,MF,Leverkusen,32-036,1992,2.2,184,10,56,105,23,0,184,0,0,,0,,95,300,144,1,0,0,3,3,131,2
Malick Yalcouye,CIV,MF,Sturm Graz,18-350,2005,2.4,131,2,21,71,42,5,131,8,2,25.0,5,62.5,94,714,322,8,4,2,7,4,95,6
Lamine Yamal,ESP,FW,Barcelona,17-112,2007,2.6,119,3,14,48,60,9,119,19,8,42.1,9,47.4,76,511,274,12,7,2,7,3,94,24
Erencan Yardimci,TUR,FW,Sturm Graz,22-272,2002,0.7,22,1,4,7,11,2,22,0,0,,0,,9,52,6,1,0,0,1,2,15,6
Kenan Yıldız,TUR,FW,Juventus,19-182,2005,2.4,118,4,29,44,50,9,118,13,5,38.5,7,53.8,83,627,319,14,5,6,9,2,85,21
Seol Youngwoo,KOR,DF,Red Star,25-333,1998,3.0,165,12,50,77,40,2,165,6,4,66.7,1,16.7,94,514,294,4,5,1,3,0,109,20
Dan-Axel Zagadou,FRA,DF,Stuttgart,25-152,1999,0.0,5,0,0,5,0,0,5,0,0,,0,,2,5,1,0,0,0,0,0,4,0
Warren Zaïre-Emery,FRA,MF,Paris S-G,18-239,2006,2.9,201,7,29,90,86,3,201,8,3,37.5,4,50.0,109,705,366,8,8,1,3,7,149,10
Denis Zakaria,SUI,MF,Monaco,27-348,1996,3.0,203,5,34,133,38,4,202,4,2,50.0,2,50.0,94,325,131,1,1,0,3,0,138,3
Nicolò Zaniolo,ITA,"FW,MF",Atalanta,25-123,1999,0.7,27,0,2,8,18,1,27,1,1,100.0,0,0.0,20,127,44,2,2,0,4,0,20,7
Davide Zappacosta,ITA,DF,Atalanta,32-144,1992,2.8,215,3,27,63,127,15,215,4,1,25.0,3,75.0,159,883,560,14,10,1,3,6,155,43
Jaroslav Zelený,CZE,DF,Sparta Prague,32-074,1992,2.0,86,16,43,37,7,1,86,4,1,25.0,2,50.0,44,205,97,1,0,0,0,0,40,0
Ramiz Zerrouki,ALG,"MF,FW",Feyenoord,26-160,1998,0.8,46,3,5,27,14,1,46,0,0,,0,,19,72,37,0,0,0,1,2,26,0
Edon Zhegrova,KVX,"MF,FW",Lille,25-216,1999,2.8,147,1,22,46,86,6,147,25,8,32.0,15,60.0,91,671,281,9,5,4,6,8,90,20
Piotr Zieliński,POL,MF,Inter,30-166,1994,2.1,115,3,24,60,31,2,115,2,1,50.0,1,50.0,82,570,385,4,7,0,1,0,95,3
Tanguy Zoukrou,FRA,DF,Young Boys,21-179,2003,2.0,111,35,84,27,0,0,111,1,1,100.0,0,0.0,69,233,100,1,0,0,1,1,77,0
Oleksandr Zubkov,UKR,"FW,MF",Shakhtar,28-091,1996,2.4,86,2,23,36,28,4,86,5,2,40.0,2,40.0,53,258,97,3,0,1,5,4,64,11
Lovro Zvonarek,CRO,"MF,FW",Sturm Graz,19-178,2005,0.8,33,1,2,15,16,5,33,4,3,75.0,1,25.0,24,109,61,2,1,1,3,0,27,7
Łukasz Łakomy,POL,MF,Young Boys,23-289,2001,0.9,66,1,7,39,21,1,66,2,0,0.0,2,100.0,30,112,37,0,0,0,2,0,43,2
